CameraName,Latitude,Longitude,Status,UnitId
Bengaluru Urban Police Station Cam 4501,13.030991,77.597989,Active,48211000000072966
Bengaluru Urban Major Town Center Cam 4502,13.033745,77.59714,Active,48211000000072966
Bengaluru Urban School Cam 4503,13.035487,77.599693,Active,48211000000072966
Bengaluru Urban Police Station Cam 4504,13.029848,77.599901,Active,48211000000072966
Bengaluru Urban Market Cam 4505,13.027963,77.601019,Active,48211000000072966
Bengaluru Urban Highway Junction Cam 4506,13.033749,77.601073,Active,48211000000072966
Bengaluru Urban Industrial Area Cam 4507,12.929634,77.628628,Active,48211000000072966
Bengaluru Urban Bus Stand Cam 4508,12.932027,77.627474,Active,48211000000072966
Bengaluru Urban Village Junction Cam 4509,12.925954,77.623341,Active,48211000000072966
Bengaluru Urban Police Station Cam 4510,12.927355,77.629665,Active,48211000000072966
Bengaluru Urban Market Cam 4511,12.931324,77.62323,Active,48211000000072966
Bengaluru Urban School Cam 4512,12.928469,77.624342,Active,48211000000072966
Bengaluru Urban Hospital Cam 4513,12.929988,77.629038,Active,48211000000072966
Bengaluru Urban Industrial Area Cam 4514,13.06555,77.463994,Active,48211000000072962
Bengaluru Urban Police Station Cam 4515,13.059876,77.461873,Active,48211000000072962
Bengaluru Urban School Cam 4516,13.064493,77.463395,Active,48211000000072962
Bengaluru Urban Major Town Center Cam 4517,13.062076,77.465173,Active,48211000000072962
Bengaluru Urban Market Cam 4518,13.064381,77.467247,Active,48211000000072962
Bengaluru Urban Commercial Street Cam 4519,13.064973,77.463978,Active,48211000000072962
Bengaluru Urban Highway Junction Cam 4520,13.062069,77.464297,Active,48211000000072962
Bengaluru Urban Commercial Street Cam 4521,13.136927,77.679045,Active,48211000000072964
Bengaluru Urban Government Office Cam 4522,13.133293,77.671439,Active,48211000000072964
Bengaluru Urban Hospital Cam 4523,13.13375,77.675656,Active,48211000000072964
Bengaluru Urban Market Cam 4524,13.132867,77.677517,Active,48211000000072964
Bengaluru Urban Government Office Cam 4525,13.140161,77.678906,Active,48211000000072964
Bengaluru Urban Highway Junction Cam 4526,13.140553,77.672517,Active,48211000000072964
Bengaluru Urban Government Office Cam 4527,12.716931,77.74336,Active,48211000000072963
Bengaluru Urban Major Town Center Cam 4528,12.719955,77.738371,Active,48211000000072963
Bengaluru Urban Tourist Point Cam 4529,12.720527,77.737934,Active,48211000000072963
Bengaluru Urban Village Junction Cam 4530,12.715144,77.739085,Active,48211000000072963
Bengaluru Urban Government Office Cam 4531,12.719401,77.738292,Active,48211000000072963
Bengaluru Urban Market Cam 4532,12.716437,77.739012,Active,48211000000072963
Bengaluru Urban Government Office Cam 4533,12.797463,77.601709,Active,48211000000072966
Bengaluru Urban Hospital Cam 4534,12.802501,77.60664,Active,48211000000072966
Bengaluru Urban Police Station Cam 4535,12.795832,77.604437,Active,48211000000072966
Bengaluru Urban Government Office Cam 4536,12.800515,77.605738,Active,48211000000072966
Bengaluru Urban Railway Station Cam 4537,12.796075,77.600051,Active,48211000000072966
Bengaluru Urban Police Station Cam 4538,12.797169,77.60232,Active,48211000000072966
Bengaluru Urban Market Cam 4539,12.799595,77.600242,Active,48211000000072966
Bengaluru Urban Market Cam 4540,12.797695,77.602165,Active,48211000000072966
Bengaluru Urban Market Cam 4541,13.155548,77.447507,Active,48211000000072962
Bengaluru Urban Police Station Cam 4542,13.158929,77.450755,Active,48211000000072962
Bengaluru Urban Hospital Cam 4543,13.15894,77.454071,Active,48211000000072962
Bengaluru Urban Village Junction Cam 4544,13.158929,77.450755,Active,48211000000072962
Bengaluru Urban Highway Junction Cam 4545,13.158469,77.450591,Active,48211000000072962
Bengaluru Urban Police Station Cam 4546,13.1623,77.447403,Active,48211000000072962
Bengaluru Urban Hospital Cam 4547,13.155962,77.448688,Active,48211000000072962
Bengaluru Urban Tourist Point Cam 4548,12.682414,77.64537,Active,48211000000072963
Bengaluru Urban Government Office Cam 4549,12.684057,77.644586,Active,48211000000072963
Bengaluru Urban Village Junction Cam 4550,12.684254,77.644846,Active,48211000000072963
Bengaluru Urban Police Station Cam 4551,12.684581,77.641224,Active,48211000000072963
Bengaluru Urban Bus Stand Cam 4552,12.965587,77.575326,Active,48211000000072966
Bengaluru Urban Highway Junction Cam 4553,12.969281,77.572621,Active,48211000000072966
Bengaluru Urban Commercial Street Cam 4554,12.971958,77.576017,Active,48211000000072966
Bengaluru Urban Market Cam 4555,12.971774,77.575083,Active,48211000000072966
Bengaluru Urban Bus Stand Cam 4556,12.969852,77.574988,Active,48211000000072966
Bengaluru Urban Tourist Point Cam 4557,12.965421,77.576759,Active,48211000000072966
Bengaluru Urban Hospital Cam 4558,12.968091,77.573626,Active,48211000000072966
Bengaluru Urban Residential Area Cam 4559,12.824212,77.480241,Active,48211000000072966
Bengaluru Urban Hospital Cam 4560,12.826163,77.477358,Active,48211000000072966
Bengaluru Urban Residential Area Cam 4561,12.823524,77.480351,Active,48211000000072966
Bengaluru Urban Residential Area Cam 4562,12.824188,77.481093,Active,48211000000072966
Bengaluru Urban Commercial Street Cam 4563,12.821876,77.47371,Active,48211000000072966
Bengaluru Urban Major Town Center Cam 4564,12.826006,77.477913,Active,48211000000072966
Bengaluru Urban Village Junction Cam 4565,12.820337,77.478654,Active,48211000000072966
Bengaluru Urban Railway Station Cam 4566,12.861665,77.585813,Active,48211000000072966
Bengaluru Urban Highway Junction Cam 4567,12.861002,77.586396,Active,48211000000072966
Bengaluru Urban Major Town Center Cam 4568,12.861604,77.583371,Active,48211000000072966
Bengaluru Urban Major Town Center Cam 4569,12.861649,77.581961,Active,48211000000072966
Bengaluru Urban Commercial Street Cam 4570,12.860457,77.584887,Active,48211000000072966
Bengaluru Urban Hospital Cam 4571,12.861424,77.588949,Active,48211000000072966
Bengaluru Urban Commercial Street Cam 4572,12.855308,77.588519,Active,48211000000072966
Bengaluru Urban College Cam 4573,12.930311,77.77551,Active,48211000000072964
Bengaluru Urban Commercial Street Cam 4574,12.92517,77.782058,Active,48211000000072964
Bengaluru Urban Highway Junction Cam 4575,12.924039,77.778448,Active,48211000000072964
Bengaluru Urban Market Cam 4576,12.923731,77.775234,Active,48211000000072964
Bengaluru Urban School Cam 4577,13.048017,77.732048,Active,48211000000072964
Bengaluru Urban Industrial Area Cam 4578,13.044269,77.731031,Active,48211000000072964
Bengaluru Urban Bus Stand Cam 4579,13.044419,77.729566,Active,48211000000072964
Bengaluru Urban Residential Area Cam 4580,13.047582,77.731546,Active,48211000000072964
Bengaluru Urban Police Station Cam 4581,13.046774,77.730554,Active,48211000000072964
Bengaluru Urban Police Station Cam 4582,12.984134,77.715214,Active,48211000000072964
Bengaluru Urban Police Station Cam 4583,12.981762,77.71405,Active,48211000000072964
Bengaluru Urban Residential Area Cam 4584,12.983923,77.715723,Active,48211000000072964
Bengaluru Urban Police Station Cam 4585,12.978233,77.714003,Active,48211000000072964
Bengaluru Urban Hospital Cam 4586,12.981408,77.716056,Active,48211000000072964
Bengaluru Urban Industrial Area Cam 4587,12.978363,77.717581,Active,48211000000072964
Bengaluru Urban Village Junction Cam 4588,12.824713,77.805945,Active,48211000000072963
Bengaluru Urban Highway Junction Cam 4589,12.823765,77.804125,Active,48211000000072963
Bengaluru Urban Government Office Cam 4590,12.818807,77.798818,Active,48211000000072963
Bengaluru Urban Industrial Area Cam 4591,12.818879,77.798851,Active,48211000000072963
Bengaluru Urban Police Station Cam 4592,12.824402,77.805694,Active,48211000000072963
Bengaluru Urban Residential Area Cam 4593,12.818562,77.800724,Active,48211000000072963
Bengaluru Urban Government Office Cam 4594,12.822892,77.799289,Active,48211000000072963
Bengaluru Urban Market Cam 4595,13.065466,77.388487,Active,48211000000072962
Bengaluru Urban Hospital Cam 4596,13.063621,77.387576,Active,48211000000072962
Bengaluru Urban Police Station Cam 4597,13.060469,77.387875,Active,48211000000072962
Bengaluru Urban Major Town Center Cam 4598,13.063621,77.387576,Active,48211000000072962
Bengaluru Urban Major Town Center Cam 4599,13.063621,77.387576,Active,48211000000072962
Bengaluru Urban Government Office Cam 4600,13.059679,77.38596,Active,48211000000072962
Bengaluru Urban Major Town Center Cam 4601,12.897248,77.504487,Active,48211000000072966
Bengaluru Urban Highway Junction Cam 4602,12.902952,77.507819,Active,48211000000072966
Bengaluru Urban Industrial Area Cam 4603,12.898991,77.510568,Active,48211000000072966
Bengaluru Urban School Cam 4604,12.901689,77.504068,Active,48211000000072966
Bengaluru Urban Major Town Center Cam 4605,12.895766,77.506039,Active,48211000000072966
Bengaluru Urban Commercial Street Cam 4606,13.169315,77.516319,Active,48211000000072962
Bengaluru Urban Residential Area Cam 4607,13.168831,77.5179,Active,48211000000072962
Bengaluru Urban Commercial Street Cam 4608,13.168682,77.520826,Active,48211000000072962
Bengaluru Urban Village Junction Cam 4609,13.166993,77.518132,Active,48211000000072962
Bengaluru Urban Village Junction Cam 4610,13.167862,77.520934,Active,48211000000072962
Bengaluru Urban Residential Area Cam 4611,13.166788,77.517088,Active,48211000000072962
Bengaluru Urban Major Town Center Cam 4612,13.171906,77.518861,Active,48211000000072962
Bengaluru Urban Village Junction Cam 4613,13.072767,77.553807,Active,48211000000072962
Bengaluru Urban Police Station Cam 4614,13.067313,77.550215,Active,48211000000072962
Bengaluru Urban College Cam 4615,13.067265,77.555969,Active,48211000000072962
Bengaluru Urban Residential Area Cam 4616,13.075148,77.553212,Active,48211000000072962
Bengaluru Urban Police Station Cam 4617,13.070742,77.550651,Active,48211000000072962
Bengaluru Urban School Cam 4618,13.004384,77.474335,Active,48211000000072966
Bengaluru Urban Highway Junction Cam 4619,13.007121,77.471346,Active,48211000000072966
Bengaluru Urban School Cam 4620,13.003527,77.477548,Active,48211000000072966
Bengaluru Urban Bus Stand Cam 4621,13.008223,77.474892,Active,48211000000072966
Bengaluru Urban Market Cam 4622,13.006256,77.472926,Active,48211000000072966
Bengaluru Urban Railway Station Cam 4623,12.867896,77.779467,Active,48211000000072964
Bengaluru Urban Hospital Cam 4624,12.867569,77.774412,Active,48211000000072964
Bengaluru Urban Tourist Point Cam 4625,12.874122,77.780208,Active,48211000000072964
Bengaluru Urban Police Station Cam 4626,12.874548,77.777945,Active,48211000000072964
Bengaluru Urban Government Office Cam 4627,12.871316,77.780124,Active,48211000000072964
Bengaluru Urban Industrial Area Cam 4628,13.128016,77.548699,Active,48211000000072962
Bengaluru Urban Commercial Street Cam 4629,13.134825,77.554663,Active,48211000000072962
Bengaluru Urban Government Office Cam 4630,13.13157,77.549997,Active,48211000000072962
Bengaluru Urban Police Station Cam 4631,13.128727,77.551617,Active,48211000000072962
Bengaluru Urban Major Town Center Cam 4632,13.134825,77.553326,Active,48211000000072962
Bengaluru Urban Major Town Center Cam 4633,13.135075,77.553931,Active,48211000000072962
Bengaluru Urban College Cam 4634,13.133162,77.554049,Active,48211000000072962
Bengaluru Urban Police Station Cam 4635,12.833757,77.427161,Active,48211000000072965
Bengaluru Urban Government Office Cam 4636,12.833757,77.427161,Active,48211000000072965
Bengaluru Urban Hospital Cam 4637,12.833757,77.427161,Active,48211000000072965
Bengaluru Urban Government Office Cam 4638,12.832294,77.430197,Active,48211000000072965
Bengaluru Urban Bus Stand Cam 4639,12.833757,77.427161,Active,48211000000072965
Bengaluru Urban Village Junction Cam 4640,12.833757,77.427161,Active,48211000000072965
Bengaluru Urban Village Junction Cam 4641,12.727648,77.665081,Active,48211000000072963
Bengaluru Urban Village Junction Cam 4642,12.728824,77.666518,Active,48211000000072963
Bengaluru Urban Commercial Street Cam 4643,12.730769,77.666003,Active,48211000000072963
Bengaluru Urban Highway Junction Cam 4644,12.726649,77.667262,Active,48211000000072963
Bengaluru Urban Bus Stand Cam 4645,12.910965,77.669464,Active,48211000000072966
Bengaluru Urban Police Station Cam 4646,12.91265,77.67738,Active,48211000000072966
Bengaluru Urban Tourist Point Cam 4647,12.912435,77.67173,Active,48211000000072966
Bengaluru Urban School Cam 4648,12.909563,77.672923,Active,48211000000072966
Bengaluru Urban Major Town Center Cam 4649,12.910915,77.671511,Active,48211000000072966
Bengaluru Urban Market Cam 4650,12.764914,77.568916,Active,48211000000072966
Bengaluru Urban Residential Area Cam 4651,12.76546,77.563678,Active,48211000000072966
Bengaluru Urban Market Cam 4652,12.771417,77.564031,Active,48211000000072966
Bengaluru Urban Village Junction Cam 4653,12.766141,77.565234,Active,48211000000072966
Bengaluru Urban Police Station Cam 4654,12.764422,77.564276,Active,48211000000072966
Bengaluru Urban Police Station Cam 4655,12.770027,77.568481,Active,48211000000072966
Bengaluru Urban Tourist Point Cam 4656,12.769675,77.563633,Active,48211000000072966
Bengaluru Urban Village Junction Cam 4657,13.138759,77.631196,Active,48211000000072962
Bengaluru Urban Highway Junction Cam 4658,13.138459,77.628485,Active,48211000000072962
Bengaluru Urban Bus Stand Cam 4659,13.13867,77.626364,Active,48211000000072962
Bengaluru Urban School Cam 4660,13.13305,77.625123,Active,48211000000072962
Bengaluru Urban Bus Stand Cam 4661,13.136158,77.625075,Active,48211000000072962
Bengaluru Urban Market Cam 4662,13.131393,77.626093,Active,48211000000072962
Bengaluru Urban Highway Junction Cam 4663,13.137155,77.624507,Active,48211000000072962
Bengaluru Urban Government Office Cam 4664,12.984238,77.384804,Active,48211000000072965
Bengaluru Urban Government Office Cam 4665,12.986651,77.381998,Active,48211000000072965
Bengaluru Urban Commercial Street Cam 4666,12.983799,77.385843,Active,48211000000072965
Bengaluru Urban Market Cam 4667,12.981484,77.381699,Active,48211000000072965
Bengaluru Urban Residential Area Cam 4668,12.980887,77.382941,Active,48211000000072965
Bengaluru Urban Police Station Cam 4669,12.985573,77.384756,Active,48211000000072965
Bengaluru Urban Hospital Cam 4670,12.723629,77.570911,Active,48211000000072963
Bengaluru Urban Market Cam 4671,12.72492,77.568826,Active,48211000000072963
Bengaluru Urban Bus Stand Cam 4672,12.72555,77.575059,Active,48211000000072963
Bengaluru Urban School Cam 4673,12.725686,77.568957,Active,48211000000072963
Bengaluru Urban Commercial Street Cam 4674,12.722261,77.572232,Active,48211000000072963
Bengaluru Urban Railway Station Cam 4675,12.919381,77.366519,Active,48211000000072965
Bengaluru Urban Residential Area Cam 4676,12.921364,77.365313,Active,48211000000072965
Bengaluru Urban Village Junction Cam 4677,12.921994,77.36531,Active,48211000000072965
Bengaluru Urban Village Junction Cam 4678,12.921987,77.367741,Active,48211000000072965
Bengaluru Urban Village Junction Cam 4679,12.921312,77.368475,Active,48211000000072965
Bengaluru Urban Bus Stand Cam 4680,12.918462,77.368157,Active,48211000000072965
Bengaluru Urban Bus Stand Cam 4681,12.883399,77.416217,Active,48211000000072965
Bengaluru Urban Government Office Cam 4682,12.881945,77.410143,Active,48211000000072965
Bengaluru Urban College Cam 4683,12.885039,77.414893,Active,48211000000072965
Bengaluru Urban Government Office Cam 4684,12.882535,77.416708,Active,48211000000072965
Bengaluru Urban Highway Junction Cam 4685,12.879795,77.417336,Active,48211000000072965
Bengaluru Urban Police Station Cam 4686,12.796365,77.732037,Active,48211000000072963
Bengaluru Urban Bus Stand Cam 4687,12.79146,77.732193,Active,48211000000072963
Bengaluru Urban Police Station Cam 4688,12.797924,77.732663,Active,48211000000072963
Bengaluru Urban Industrial Area Cam 4689,12.794666,77.737845,Active,48211000000072963
Bengaluru Urban Bus Stand Cam 4690,12.790712,77.731651,Active,48211000000072963
Bengaluru Urban Highway Junction Cam 4691,12.796899,77.735191,Active,48211000000072963
Bengaluru Urban Railway Station Cam 4692,12.791009,77.73167,Active,48211000000072963
Bengaluru Urban Highway Junction Cam 4693,12.795703,77.737499,Active,48211000000072963
Bengaluru Urban Police Station Cam 4694,12.973535,77.526476,Active,48211000000072966
Bengaluru Urban Village Junction Cam 4695,12.974473,77.522718,Active,48211000000072966
Bengaluru Urban Government Office Cam 4696,12.968325,77.525605,Active,48211000000072966
Bengaluru Urban Industrial Area Cam 4697,12.97443,77.524332,Active,48211000000072966
Bengaluru Urban College Cam 4698,12.972527,77.526546,Active,48211000000072966
Bengaluru Urban School Cam 4699,12.967038,77.523361,Active,48211000000072966
Bengaluru Urban Police Station Cam 4700,12.962566,77.443134,Active,48211000000072965
Bengaluru Urban Tourist Point Cam 4701,12.96097,77.441655,Active,48211000000072965
Bengaluru Urban Major Town Center Cam 4702,12.965311,77.444119,Active,48211000000072965
Bengaluru Urban Commercial Street Cam 4703,12.958732,77.445572,Active,48211000000072965
Bengaluru Urban Tourist Point Cam 4704,12.961768,77.439108,Active,48211000000072965
Bengaluru Urban Major Town Center Cam 4705,12.963851,77.439737,Active,48211000000072965
Bengaluru Urban School Cam 4706,12.959078,77.442744,Active,48211000000072965
Bengaluru Urban College Cam 4707,12.961758,77.437937,Active,48211000000072965
Bengaluru Urban Commercial Street Cam 4708,13.042099,77.647288,Active,48211000000072964
Bengaluru Urban College Cam 4709,13.038533,77.642342,Active,48211000000072964
Bengaluru Urban Highway Junction Cam 4710,13.035708,77.640937,Active,48211000000072964
Bengaluru Urban School Cam 4711,13.040251,77.644138,Active,48211000000072964
Bengaluru Urban Village Junction Cam 4712,13.035908,77.647512,Active,48211000000072964
Bengaluru Urban College Cam 4713,13.035217,77.644865,Active,48211000000072964
Bengaluru Urban Industrial Area Cam 4714,13.040921,77.646318,Active,48211000000072964
Bengaluru Urban Market Cam 4715,12.852828,77.513205,Active,48211000000072966
Bengaluru Urban Police Station Cam 4716,12.851879,77.50996,Active,48211000000072966
Bengaluru Urban Village Junction Cam 4717,12.849032,77.513222,Active,48211000000072966
Bengaluru Urban Major Town Center Cam 4718,12.852887,77.508766,Active,48211000000072966
Bengaluru Urban Government Office Cam 4719,12.849502,77.513678,Active,48211000000072966
Bengaluru Urban Commercial Street Cam 4720,12.784579,77.522062,Active,48211000000072966
Bengaluru Urban Market Cam 4721,12.779779,77.518242,Active,48211000000072966
Bengaluru Urban Tourist Point Cam 4722,12.779305,77.518422,Active,48211000000072966
Bengaluru Urban Village Junction Cam 4723,12.78378,77.516112,Active,48211000000072966
Bengaluru Urban Commercial Street Cam 4724,12.785584,77.521716,Active,48211000000072966
Bengaluru Urban Hospital Cam 4725,12.784975,77.521894,Active,48211000000072966
Bengaluru Urban Major Town Center Cam 4726,12.781265,77.517882,Active,48211000000072966
Bengaluru Urban Major Town Center Cam 4727,13.221569,77.552038,Active,48211000000072962
Bengaluru Urban College Cam 4728,13.220975,77.549456,Active,48211000000072962
Bengaluru Urban Industrial Area Cam 4729,13.222747,77.551509,Active,48211000000072962
Bengaluru Urban Market Cam 4730,13.222101,77.553976,Active,48211000000072962
Bengaluru Urban Highway Junction Cam 4731,13.225855,77.554568,Active,48211000000072962
Bengaluru Urban Railway Station Cam 4732,13.223758,77.553523,Active,48211000000072962
Bengaluru Urban Government Office Cam 4733,13.086968,77.636251,Active,48211000000072964
Bengaluru Urban College Cam 4734,13.081393,77.630985,Active,48211000000072964
Bengaluru Urban Major Town Center Cam 4735,13.081885,77.63656,Active,48211000000072964
Bengaluru Urban Tourist Point Cam 4736,13.080919,77.631978,Active,48211000000072964
Bengaluru Urban College Cam 4737,13.083841,77.632384,Active,48211000000072964
Bengaluru Urban Commercial Street Cam 4738,13.083419,77.635862,Active,48211000000072964
Bengaluru Urban School Cam 4739,12.743769,77.70708,Active,48211000000072963
Bengaluru Urban Industrial Area Cam 4740,12.741342,77.703317,Active,48211000000072963
Bengaluru Urban Major Town Center Cam 4741,12.745724,77.703471,Active,48211000000072963
Bengaluru Urban Commercial Street Cam 4742,12.740019,77.705398,Active,48211000000072963
Bengaluru Urban Market Cam 4743,12.74774,77.706121,Active,48211000000072963
Bengaluru Urban School Cam 4744,12.741443,77.709398,Active,48211000000072963
Bengaluru Urban Market Cam 4745,12.743124,77.709544,Active,48211000000072963
Bengaluru Urban Major Town Center Cam 4746,12.740077,77.708243,Active,48211000000072963
Bengaluru Urban College Cam 4747,12.98891,77.614909,Active,48211000000072966
Bengaluru Urban Residential Area Cam 4748,12.991034,77.616607,Active,48211000000072966
Bengaluru Urban School Cam 4749,12.991381,77.61067,Active,48211000000072966
Bengaluru Urban Commercial Street Cam 4750,12.991614,77.614332,Active,48211000000072966
Bengaluru Urban Residential Area Cam 4751,12.989767,77.615354,Active,48211000000072966
Bengaluru Urban Industrial Area Cam 4752,12.991579,77.614907,Active,48211000000072966
Bengaluru Urban Hospital Cam 4753,13.070643,77.509756,Active,48211000000072962
Bengaluru Urban School Cam 4754,13.07258,77.509568,Active,48211000000072962
Bengaluru Urban Commercial Street Cam 4755,13.071082,77.508414,Active,48211000000072962
Bengaluru Urban Market Cam 4756,13.074165,77.508341,Active,48211000000072962
Bengaluru Urban Police Station Cam 4757,13.074151,77.510958,Active,48211000000072962
Bengaluru Urban Major Town Center Cam 4758,13.104204,77.450073,Active,48211000000072962
Bengaluru Urban Industrial Area Cam 4759,13.099604,77.448182,Active,48211000000072962
Bengaluru Urban Highway Junction Cam 4760,13.101413,77.448137,Active,48211000000072962
Bengaluru Urban Major Town Center Cam 4761,13.106664,77.453921,Active,48211000000072962
Bengaluru Urban Market Cam 4762,13.102615,77.454684,Active,48211000000072962
Bengaluru Urban Government Office Cam 4763,13.106615,77.448409,Active,48211000000072962
Bengaluru Urban Market Cam 4764,13.101156,77.453759,Active,48211000000072962
Bengaluru Urban Village Junction Cam 4765,13.106452,77.449885,Active,48211000000072962
Bengaluru Urban Village Junction Cam 4766,12.867406,77.704651,Active,48211000000072964
Bengaluru Urban Residential Area Cam 4767,12.872236,77.705102,Active,48211000000072964
Bengaluru Urban College Cam 4768,12.872708,77.711499,Active,48211000000072964
Bengaluru Urban Market Cam 4769,12.87169,77.704296,Active,48211000000072964
Bengaluru Urban Major Town Center Cam 4770,12.875117,77.70957,Active,48211000000072964
Bengaluru Urban Market Cam 4771,12.868478,77.705169,Active,48211000000072964
Bengaluru Urban Highway Junction Cam 4772,12.872863,77.710695,Active,48211000000072964
Bengaluru Urban School Cam 4773,12.832431,77.687589,Active,48211000000072966
Bengaluru Urban Major Town Center Cam 4774,12.826301,77.687536,Active,48211000000072966
Bengaluru Urban Major Town Center Cam 4775,12.831821,77.689224,Active,48211000000072966
Bengaluru Urban Village Junction Cam 4776,12.828215,77.689376,Active,48211000000072966
Bengaluru Urban Railway Station Cam 4777,12.830507,77.68404,Active,48211000000072966
Bengaluru Urban Tourist Point Cam 4778,12.965507,77.753816,Active,48211000000072964
Bengaluru Urban Police Station Cam 4779,12.961897,77.752744,Active,48211000000072964
Bengaluru Urban Village Junction Cam 4780,12.962713,77.752726,Active,48211000000072964
Bengaluru Urban Police Station Cam 4781,12.958455,77.755861,Active,48211000000072964
Bengaluru Urban Police Station Cam 4782,12.963752,77.757751,Active,48211000000072964
Bengaluru Urban Commercial Street Cam 4783,12.958049,77.757865,Active,48211000000072964
Bengaluru Urban Government Office Cam 4784,12.959974,77.759011,Active,48211000000072964
Bengaluru Urban School Cam 4785,12.963943,77.759747,Active,48211000000072964
Bengaluru Urban Industrial Area Cam 4786,12.79791,77.645764,Active,48211000000072963
Bengaluru Urban School Cam 4787,12.800652,77.652798,Active,48211000000072963
Bengaluru Urban Railway Station Cam 4788,12.802269,77.653172,Active,48211000000072963
Bengaluru Urban Industrial Area Cam 4789,12.802652,77.646852,Active,48211000000072963
Bengaluru Urban Major Town Center Cam 4790,12.795489,77.651236,Active,48211000000072963
Bengaluru Urban Residential Area Cam 4791,12.79699,77.649779,Active,48211000000072963
Bengaluru Urban Highway Junction Cam 4792,12.796978,77.645923,Active,48211000000072963
Bengaluru Urban College Cam 4793,12.890619,77.623879,Active,48211000000072966
Bengaluru Urban Government Office Cam 4794,12.888561,77.623105,Active,48211000000072966
Bengaluru Urban Market Cam 4795,12.888713,77.618862,Active,48211000000072966
Bengaluru Urban Industrial Area Cam 4796,12.886506,77.621417,Active,48211000000072966
Bengaluru Urban Railway Station Cam 4797,12.887726,77.623514,Active,48211000000072966
Bengaluru Urban Village Junction Cam 4798,13.178878,77.689622,Active,48211000000072964
Bengaluru Urban Police Station Cam 4799,13.17465,77.689855,Active,48211000000072964
Bengaluru Urban Commercial Street Cam 4800,13.173633,77.685153,Active,48211000000072964
Bengaluru Urban Hospital Cam 4801,13.175065,77.686352,Active,48211000000072964
Bengaluru Urban Commercial Street Cam 4802,13.173306,77.687194,Active,48211000000072964
Bengaluru Urban Major Town Center Cam 4803,13.171576,77.687114,Active,48211000000072964
Bengaluru Urban Railway Station Cam 4804,12.947134,77.663842,Active,48211000000072966
Bengaluru Urban Village Junction Cam 4805,12.951808,77.663505,Active,48211000000072966
Bengaluru Urban Highway Junction Cam 4806,12.952933,77.665161,Active,48211000000072966
Bengaluru Urban Highway Junction Cam 4807,12.946023,77.664903,Active,48211000000072966
Bengaluru Urban Police Station Cam 4808,12.946911,77.658577,Active,48211000000072966
Bengaluru Urban College Cam 4809,13.18249,77.608619,Active,48211000000072962
Bengaluru Urban School Cam 4810,13.176307,77.610856,Active,48211000000072962
Bengaluru Urban College Cam 4811,13.180795,77.612463,Active,48211000000072962
Bengaluru Urban Police Station Cam 4812,13.18237,77.606888,Active,48211000000072962
Bengaluru Urban Major Town Center Cam 4813,13.179286,77.612958,Active,48211000000072962
Bengaluru Urban Railway Station Cam 4814,13.179762,77.607563,Active,48211000000072962
Bengaluru Urban Police Station Cam 4815,13.178545,77.610606,Active,48211000000072962
Bengaluru Urban Tourist Point Cam 4816,13.174909,77.610406,Active,48211000000072962
Bengaluru Urban Village Junction Cam 4817,12.684904,77.607026,Active,48211000000072963
Bengaluru Urban Tourist Point Cam 4818,12.682784,77.604714,Active,48211000000072963
Bengaluru Urban Village Junction Cam 4819,12.682436,77.605908,Active,48211000000072963
Bengaluru Urban Residential Area Cam 4820,12.682784,77.604714,Active,48211000000072963
Bengaluru Urban Hospital Cam 4821,12.68183,77.607218,Active,48211000000072963
Bengaluru Urban Tourist Point Cam 4822,13.044941,77.425796,Active,48211000000072962
Bengaluru Urban College Cam 4823,13.046016,77.425517,Active,48211000000072962
Bengaluru Urban Major Town Center Cam 4824,13.047905,77.427713,Active,48211000000072962
Bengaluru Urban Village Junction Cam 4825,13.045653,77.428272,Active,48211000000072962
Bengaluru Urban Highway Junction Cam 4826,13.04735,77.426428,Active,48211000000072962
Bengaluru Urban Residential Area Cam 4827,12.706557,77.693305,Active,48211000000072963
Bengaluru Urban Railway Station Cam 4828,12.702282,77.691172,Active,48211000000072963
Bengaluru Urban Bus Stand Cam 4829,12.703766,77.694667,Active,48211000000072963
Bengaluru Urban Bus Stand Cam 4830,12.705898,77.695871,Active,48211000000072963
Bengaluru Urban School Cam 4831,12.701063,77.690728,Active,48211000000072963
Bengaluru Urban Residential Area Cam 4832,13.113982,77.703303,Active,48211000000072964
Bengaluru Urban College Cam 4833,13.111551,77.700656,Active,48211000000072964
Bengaluru Urban Market Cam 4834,13.114981,77.70682,Active,48211000000072964
Bengaluru Urban Hospital Cam 4835,13.113104,77.703815,Active,48211000000072964
Bengaluru Urban Police Station Cam 4836,13.109898,77.704638,Active,48211000000072964
Bengaluru Urban Bus Stand Cam 4837,13.113413,77.703028,Active,48211000000072964
Bengaluru Urban Residential Area Cam 4838,13.10783,77.707612,Active,48211000000072964
Bengaluru Urban Government Office Cam 4839,13.006646,77.570354,Active,48211000000072966
Bengaluru Urban Government Office Cam 4840,13.00723,77.568557,Active,48211000000072966
Bengaluru Urban Residential Area Cam 4841,13.008193,77.568513,Active,48211000000072966
Bengaluru Urban Commercial Street Cam 4842,13.008595,77.565437,Active,48211000000072966
Bengaluru Urban Bus Stand Cam 4843,13.006463,77.563737,Active,48211000000072966
Bengaluru Urban Highway Junction Cam 4844,13.00765,77.568129,Active,48211000000072966
Bengaluru Urban Village Junction Cam 4845,12.922491,77.46359,Active,48211000000072966
Bengaluru Urban Railway Station Cam 4846,12.922255,77.463526,Active,48211000000072966
Bengaluru Urban Village Junction Cam 4847,12.919497,77.464689,Active,48211000000072966
Bengaluru Urban Police Station Cam 4848,12.919146,77.460434,Active,48211000000072966
Bengaluru Urban Highway Junction Cam 4849,13.14277,77.587802,Active,48211000000072962
Bengaluru Urban Tourist Point Cam 4850,13.148869,77.587858,Active,48211000000072962
Bengaluru Urban Railway Station Cam 4851,13.147147,77.590301,Active,48211000000072962
Bengaluru Urban Railway Station Cam 4852,13.148126,77.588487,Active,48211000000072962
Bengaluru Urban Village Junction Cam 4853,13.144241,77.590623,Active,48211000000072962
Bengaluru Urban School Cam 4854,13.144577,77.586677,Active,48211000000072962
Bengaluru Urban School Cam 4855,13.148018,77.583805,Active,48211000000072962
Bengaluru Urban Major Town Center Cam 4856,13.061495,77.764645,Active,48211000000072964
Bengaluru Urban Major Town Center Cam 4857,13.061495,77.764645,Active,48211000000072964
Bengaluru Urban Industrial Area Cam 4858,13.064474,77.762159,Active,48211000000072964
Bengaluru Urban Residential Area Cam 4859,13.061532,77.764414,Active,48211000000072964
Bengaluru Urban Highway Junction Cam 4860,13.061495,77.764645,Active,48211000000072964
Bengaluru Urban Railway Station Cam 4861,13.061495,77.764645,Active,48211000000072964
Bengaluru Urban Industrial Area Cam 4862,13.202844,77.477287,Active,48211000000072962
Bengaluru Urban Village Junction Cam 4863,13.199106,77.47974,Active,48211000000072962
Bengaluru Urban Village Junction Cam 4864,13.200783,77.479194,Active,48211000000072962
Bengaluru Urban Major Town Center Cam 4865,13.202844,77.477287,Active,48211000000072962
Bengaluru Urban Railway Station Cam 4866,12.887496,77.739639,Active,48211000000072964
Bengaluru Urban Police Station Cam 4867,12.881336,77.741389,Active,48211000000072964
Bengaluru Urban Village Junction Cam 4868,12.880189,77.743501,Active,48211000000072964
Bengaluru Urban Commercial Street Cam 4869,12.8816,77.74126,Active,48211000000072964
Bengaluru Urban Residential Area Cam 4870,12.880213,77.742877,Active,48211000000072964
Bengaluru Urban Highway Junction Cam 4871,12.931691,77.590698,Active,48211000000072966
Bengaluru Urban Residential Area Cam 4872,12.932134,77.594498,Active,48211000000072966
Bengaluru Urban Bus Stand Cam 4873,12.926327,77.587105,Active,48211000000072966
Bengaluru Urban Major Town Center Cam 4874,12.92876,77.593321,Active,48211000000072966
Bengaluru Urban Residential Area Cam 4875,12.92904,77.588487,Active,48211000000072966
Bengaluru Urban Government Office Cam 4876,13.025784,77.3864,Active,48211000000072965
Bengaluru Urban Hospital Cam 4877,13.027927,77.387398,Active,48211000000072965
Bengaluru Urban Railway Station Cam 4878,13.027927,77.387398,Active,48211000000072965
Bengaluru Urban Village Junction Cam 4879,13.027927,77.387398,Active,48211000000072965
Bengaluru Urban Hospital Cam 4880,13.025274,77.38645,Active,48211000000072965
Bengaluru Urban Police Station Cam 4881,13.02399,77.385074,Active,48211000000072965
Bengaluru Urban School Cam 4882,13.028741,77.384303,Active,48211000000072965
Bengaluru Urban Government Office Cam 4883,13.027927,77.387398,Active,48211000000072965
Bengaluru Urban Highway Junction Cam 4884,13.076885,77.714783,Active,48211000000072964
Bengaluru Urban Highway Junction Cam 4885,13.072837,77.714077,Active,48211000000072964
Bengaluru Urban Commercial Street Cam 4886,13.073018,77.716565,Active,48211000000072964
Bengaluru Urban Bus Stand Cam 4887,13.077927,77.714184,Active,48211000000072964
Bengaluru Urban Police Station Cam 4888,13.078853,77.71795,Active,48211000000072964
Bengaluru Urban Hospital Cam 4889,13.07431,77.714205,Active,48211000000072964
Bengaluru Urban Residential Area Cam 4890,12.947012,77.544245,Active,48211000000072966
Bengaluru Urban Bus Stand Cam 4891,12.946294,77.549696,Active,48211000000072966
Bengaluru Urban Hospital Cam 4892,12.940866,77.549204,Active,48211000000072966
Bengaluru Urban Residential Area Cam 4893,12.941184,77.550108,Active,48211000000072966
Bengaluru Urban Government Office Cam 4894,12.944193,77.547645,Active,48211000000072966
Bengaluru Urban Hospital Cam 4895,12.942859,77.548907,Active,48211000000072966
Bengaluru Urban Police Station Cam 4896,12.791055,77.474228,Active,48211000000072966
Bengaluru Urban Major Town Center Cam 4897,12.791198,77.478336,Active,48211000000072966
Bengaluru Urban Government Office Cam 4898,12.789475,77.480605,Active,48211000000072966
Bengaluru Urban Government Office Cam 4899,12.784781,77.479735,Active,48211000000072966
Bengaluru Urban Market Cam 4900,12.787759,77.477785,Active,48211000000072966
Bengaluru Urban Railway Station Cam 4901,12.785191,77.476675,Active,48211000000072966
Bengaluru Urban Major Town Center Cam 4902,12.763303,77.639447,Active,48211000000072963
Bengaluru Urban Market Cam 4903,12.765718,77.636132,Active,48211000000072963
Bengaluru Urban Police Station Cam 4904,12.764138,77.639052,Active,48211000000072963
Bengaluru Urban Market Cam 4905,12.764132,77.638005,Active,48211000000072963
Bengaluru Urban School Cam 4906,12.764426,77.640321,Active,48211000000072963
Bengaluru Urban College Cam 4907,12.765824,77.636471,Active,48211000000072963
Bengaluru Urban Village Junction Cam 4908,12.766998,77.638565,Active,48211000000072963
Bengaluru Urban School Cam 4909,12.768198,77.638698,Active,48211000000072963
Bengaluru Urban School Cam 4910,13.14819,77.729863,Active,48211000000072964
Bengaluru Urban Market Cam 4911,13.149042,77.727994,Active,48211000000072964
Bengaluru Urban Government Office Cam 4912,13.149074,77.729603,Active,48211000000072964
Bengaluru Urban Residential Area Cam 4913,13.152049,77.7302,Active,48211000000072964
Bengaluru Urban Commercial Street Cam 4914,13.152955,77.727927,Active,48211000000072964
Bengaluru Urban College Cam 4915,13.148059,77.7307,Active,48211000000072964
Bengaluru Urban School Cam 4916,13.026498,77.675928,Active,48211000000072964
Bengaluru Urban Market Cam 4917,13.02675,77.678542,Active,48211000000072964
Bengaluru Urban Bus Stand Cam 4918,13.033422,77.681313,Active,48211000000072964
Bengaluru Urban Police Station Cam 4919,13.033833,77.680239,Active,48211000000072964
Bengaluru Urban Government Office Cam 4920,13.027492,77.6809,Active,48211000000072964
Bengaluru Urban College Cam 4921,13.028781,77.678276,Active,48211000000072964
Bengaluru Urban Industrial Area Cam 4922,13.030546,77.675904,Active,48211000000072964
Bengaluru Urban Railway Station Cam 4923,12.854065,77.616176,Active,48211000000072966
Bengaluru Urban Industrial Area Cam 4924,12.850487,77.617923,Active,48211000000072966
Bengaluru Urban Commercial Street Cam 4925,12.855863,77.621572,Active,48211000000072966
Bengaluru Urban Bus Stand Cam 4926,12.856003,77.618928,Active,48211000000072966
Bengaluru Urban Residential Area Cam 4927,12.854547,77.621824,Active,48211000000072966
Bengaluru Urban Highway Junction Cam 4928,12.855763,77.622984,Active,48211000000072966
Bengaluru Urban Commercial Street Cam 4929,12.853736,77.619513,Active,48211000000072966
Bengaluru Urban Railway Station Cam 4930,12.683072,77.734312,Active,48211000000072963
Bengaluru Urban Police Station Cam 4931,12.684288,77.731745,Active,48211000000072963
Bengaluru Urban Residential Area Cam 4932,12.682897,77.731285,Active,48211000000072963
Bengaluru Urban Railway Station Cam 4933,12.680538,77.731628,Active,48211000000072963
Bengaluru Urban College Cam 4934,12.679958,77.727866,Active,48211000000072963
Bengaluru Urban Police Station Cam 4935,12.686088,77.732038,Active,48211000000072963
Bengaluru Urban Market Cam 4936,12.685096,77.734205,Active,48211000000072963
Bengaluru Urban Bus Stand Cam 4937,12.682871,77.73066,Active,48211000000072963
Bengaluru Urban School Cam 4938,12.910082,77.80772,Active,48211000000072964
Bengaluru Urban Market Cam 4939,12.913349,77.808868,Active,48211000000072964
Bengaluru Urban Railway Station Cam 4940,12.911115,77.810776,Active,48211000000072964
Bengaluru Urban Market Cam 4941,12.913271,77.809076,Active,48211000000072964
Bengaluru Urban School Cam 4942,13.16609,77.646353,Active,48211000000072962
Bengaluru Urban Railway Station Cam 4943,13.159597,77.64691,Active,48211000000072962
Bengaluru Urban Village Junction Cam 4944,13.159981,77.648093,Active,48211000000072962
Bengaluru Urban Industrial Area Cam 4945,13.165158,77.644611,Active,48211000000072962
Bengaluru Urban Market Cam 4946,13.160617,77.642313,Active,48211000000072962
Bengaluru Urban Highway Junction Cam 4947,13.063394,77.583946,Active,48211000000072966
Bengaluru Urban Bus Stand Cam 4948,13.068713,77.589199,Active,48211000000072966
Bengaluru Urban School Cam 4949,13.065845,77.584339,Active,48211000000072966
Bengaluru Urban Commercial Street Cam 4950,13.066205,77.582848,Active,48211000000072966
Bengaluru Urban Market Cam 4951,12.85355,77.80693,Active,48211000000072964
Bengaluru Urban Residential Area Cam 4952,12.858168,77.804862,Active,48211000000072964
Bengaluru Urban College Cam 4953,12.853387,77.806893,Active,48211000000072964
Bengaluru Urban Highway Junction Cam 4954,12.850537,77.802711,Active,48211000000072964
Bengaluru Urban Tourist Point Cam 4955,12.85407,77.802418,Active,48211000000072964
Bengaluru Urban Bus Stand Cam 4956,12.857307,77.804358,Active,48211000000072964
Bengaluru Urban Police Station Cam 4957,12.850653,77.806878,Active,48211000000072964
Bengaluru Urban Residential Area Cam 4958,12.855743,77.808519,Active,48211000000072964
Bengaluru Urban Tourist Point Cam 4959,13.169161,77.4848,Active,48211000000072962
Bengaluru Urban College Cam 4960,13.165774,77.482624,Active,48211000000072962
Bengaluru Urban Commercial Street Cam 4961,13.167756,77.485095,Active,48211000000072962
Bengaluru Urban Bus Stand Cam 4962,13.167302,77.486616,Active,48211000000072962
Bengaluru Urban Bus Stand Cam 4963,13.162888,77.48615,Active,48211000000072962
Bengaluru Urban Tourist Point Cam 4964,13.170332,77.486881,Active,48211000000072962
Bengaluru Urban Major Town Center Cam 4965,13.096538,77.533396,Active,48211000000072962
Bengaluru Urban Market Cam 4966,13.097989,77.536298,Active,48211000000072962
Bengaluru Urban Market Cam 4967,13.096272,77.530095,Active,48211000000072962
Bengaluru Urban Bus Stand Cam 4968,13.099966,77.532812,Active,48211000000072962
Bengaluru Urban Police Station Cam 4969,13.094172,77.529664,Active,48211000000072962
Bengaluru Urban Police Station Cam 4970,13.095551,77.535732,Active,48211000000072962
Bengaluru Urban Bus Stand Cam 4971,13.094557,77.533427,Active,48211000000072962
Bengaluru Urban Market Cam 4972,13.097077,77.530592,Active,48211000000072962
Bengaluru Urban Highway Junction Cam 4973,12.961553,77.606658,Active,48211000000072966
Bengaluru Urban Residential Area Cam 4974,12.955662,77.605635,Active,48211000000072966
Bengaluru Urban Highway Junction Cam 4975,12.959522,77.602438,Active,48211000000072966
Bengaluru Urban Government Office Cam 4976,12.95484,77.608452,Active,48211000000072966
Bengaluru Urban Hospital Cam 4977,12.955081,77.604199,Active,48211000000072966
Bengaluru Urban Government Office Cam 4978,12.955695,77.610066,Active,48211000000072966
Bengaluru Urban Bus Stand Cam 4979,13.008924,77.734429,Active,48211000000072964
Bengaluru Urban Major Town Center Cam 4980,13.007678,77.740979,Active,48211000000072964
Bengaluru Urban Major Town Center Cam 4981,13.009562,77.733408,Active,48211000000072964
Bengaluru Urban School Cam 4982,13.004079,77.73921,Active,48211000000072964
Bengaluru Urban College Cam 4983,13.002214,77.738955,Active,48211000000072964
Bengaluru Urban Major Town Center Cam 4984,12.948132,77.373188,Active,48211000000072965
Bengaluru Urban Bus Stand Cam 4985,12.947206,77.368266,Active,48211000000072965
Bengaluru Urban Major Town Center Cam 4986,12.947391,77.370073,Active,48211000000072965
Bengaluru Urban Government Office Cam 4987,12.953861,77.374383,Active,48211000000072965
Bengaluru Urban Major Town Center Cam 4988,12.951676,77.373068,Active,48211000000072965
Bengaluru Urban Bus Stand Cam 4989,12.950849,77.373091,Active,48211000000072965
Bengaluru Urban Major Town Center Cam 4990,12.949757,77.370322,Active,48211000000072965
Bengaluru Urban School Cam 4991,12.947158,77.373292,Active,48211000000072965
Bengaluru Urban Government Office Cam 4992,13.029628,77.495538,Active,48211000000072966
Bengaluru Urban Industrial Area Cam 4993,13.031831,77.48819,Active,48211000000072966
Bengaluru Urban Hospital Cam 4994,13.028187,77.488649,Active,48211000000072966
Bengaluru Urban Highway Junction Cam 4995,13.027773,77.489583,Active,48211000000072966
Bengaluru Urban Tourist Point Cam 4996,13.029587,77.490622,Active,48211000000072966
Bengaluru Urban Market Cam 4997,13.033751,77.492283,Active,48211000000072966
Bengaluru Urban Village Junction Cam 4998,13.032751,77.492859,Active,48211000000072966
Bengaluru Urban Government Office Cam 4999,13.031265,77.493794,Active,48211000000072966
Bengaluru Urban Industrial Area Cam 5000,12.747067,77.755431,Active,48211000000072963
Bengaluru Urban Bus Stand Cam 5001,12.743383,77.752888,Active,48211000000072963
Bengaluru Urban Government Office Cam 5002,12.746945,77.755045,Active,48211000000072963
Bengaluru Urban Market Cam 5003,12.743657,77.757466,Active,48211000000072963
Bengaluru Urban College Cam 5004,12.743997,77.753325,Active,48211000000072963
Bengaluru Urban Tourist Point Cam 5005,12.744991,77.758384,Active,48211000000072963
Bengaluru Urban Bus Stand Cam 5006,12.748158,77.752822,Active,48211000000072963
Bengaluru Urban Market Cam 5007,12.939924,77.516849,Active,48211000000072966
Bengaluru Urban College Cam 5008,12.935865,77.517641,Active,48211000000072966
Bengaluru Urban Police Station Cam 5009,12.933247,77.516308,Active,48211000000072966
Bengaluru Urban Hospital Cam 5010,12.940556,77.514728,Active,48211000000072966
Bengaluru Urban Major Town Center Cam 5011,12.935686,77.515829,Active,48211000000072966
Bengaluru Urban School Cam 5012,12.934301,77.517977,Active,48211000000072966
Bengaluru Urban Government Office Cam 5013,12.939213,77.519719,Active,48211000000072966
Bengaluru Urban Major Town Center Cam 5014,13.031803,77.553889,Active,48211000000072966
Bengaluru Urban Police Station Cam 5015,13.035151,77.551531,Active,48211000000072966
Bengaluru Urban Bus Stand Cam 5016,13.032589,77.549549,Active,48211000000072966
Bengaluru Urban School Cam 5017,13.029663,77.548807,Active,48211000000072966
Bengaluru Urban College Cam 5018,13.031628,77.552833,Active,48211000000072966
Bengaluru Urban College Cam 5019,13.030938,77.555713,Active,48211000000072966
Bengaluru Urban Commercial Street Cam 5020,13.032616,77.54962,Active,48211000000072966
Bengaluru Urban Hospital Cam 5021,13.036657,77.551051,Active,48211000000072966
Bengaluru Urban Market Cam 5022,12.891054,77.537698,Active,48211000000072966
Bengaluru Urban Hospital Cam 5023,12.89083,77.537816,Active,48211000000072966
Bengaluru Urban Village Junction Cam 5024,12.886978,77.541157,Active,48211000000072966
Bengaluru Urban Bus Stand Cam 5025,12.889936,77.539152,Active,48211000000072966
Bengaluru Urban Police Station Cam 5026,12.826456,77.643422,Active,48211000000072966
Bengaluru Urban Commercial Street Cam 5027,12.826728,77.638437,Active,48211000000072966
Bengaluru Urban Hospital Cam 5028,12.831075,77.643078,Active,48211000000072966
Bengaluru Urban Highway Junction Cam 5029,12.828932,77.639736,Active,48211000000072966
Bengaluru Urban Hospital Cam 5030,12.905594,77.389946,Active,48211000000072965
Bengaluru Urban College Cam 5031,12.899809,77.394938,Active,48211000000072965
Bengaluru Urban Bus Stand Cam 5032,12.904814,77.390334,Active,48211000000072965
Bengaluru Urban Market Cam 5033,12.906028,77.392018,Active,48211000000072965
Bengaluru Urban Commercial Street Cam 5034,12.904778,77.388458,Active,48211000000072965
Bengaluru Urban College Cam 5035,12.97376,77.686015,Active,48211000000072964
Bengaluru Urban Market Cam 5036,12.980408,77.684104,Active,48211000000072964
Bengaluru Urban Tourist Point Cam 5037,12.975082,77.682121,Active,48211000000072964
Bengaluru Urban Major Town Center Cam 5038,12.978799,77.687449,Active,48211000000072964
Bengaluru Urban Police Station Cam 5039,12.979217,77.686739,Active,48211000000072964
Bengaluru Urban Market Cam 5040,12.981237,77.688065,Active,48211000000072964
Bengaluru Urban Village Junction Cam 5041,12.97938,77.683916,Active,48211000000072964
Bengaluru Urban Police Station Cam 5042,12.976903,77.685753,Active,48211000000072964
Bengaluru Urban Government Office Cam 5043,12.993763,77.500748,Active,48211000000072966
Bengaluru Urban Market Cam 5044,12.991391,77.502265,Active,48211000000072966
Bengaluru Urban Market Cam 5045,12.989147,77.502023,Active,48211000000072966
Bengaluru Urban Market Cam 5046,12.994794,77.500078,Active,48211000000072966
Bengaluru Urban Village Junction Cam 5047,13.034275,77.779079,Active,48211000000072964
Bengaluru Urban Hospital Cam 5048,13.039667,77.778561,Active,48211000000072964
Bengaluru Urban Government Office Cam 5049,13.033152,77.779373,Active,48211000000072964
Bengaluru Urban Police Station Cam 5050,13.036072,77.777667,Active,48211000000072964
Bengaluru Urban School Cam 5051,13.033741,77.781319,Active,48211000000072964
Bengaluru Urban Railway Station Cam 5052,13.032893,77.781166,Active,48211000000072964
Bengaluru Urban Commercial Street Cam 5053,13.034286,77.784689,Active,48211000000072964
Bengaluru Urban School Cam 5054,12.708448,77.624346,Active,48211000000072963
Bengaluru Urban Commercial Street Cam 5055,12.710764,77.619333,Active,48211000000072963
Bengaluru Urban Village Junction Cam 5056,12.708471,77.619979,Active,48211000000072963
Bengaluru Urban Tourist Point Cam 5057,12.706094,77.62067,Active,48211000000072963
Bengaluru Urban Residential Area Cam 5058,12.816394,77.509401,Active,48211000000072966
Bengaluru Urban Government Office Cam 5059,12.813148,77.511041,Active,48211000000072966
Bengaluru Urban School Cam 5060,12.816462,77.511638,Active,48211000000072966
Bengaluru Urban Tourist Point Cam 5061,12.815831,77.515463,Active,48211000000072966
Bengaluru Urban Major Town Center Cam 5062,12.809919,77.512219,Active,48211000000072966
Bengaluru Urban School Cam 5063,12.81668,77.509456,Active,48211000000072966
Bengaluru Urban Village Junction Cam 5064,13.096116,77.563311,Active,48211000000072962
Bengaluru Urban Industrial Area Cam 5065,13.101115,77.564063,Active,48211000000072962
Bengaluru Urban College Cam 5066,13.10074,77.565624,Active,48211000000072962
Bengaluru Urban Bus Stand Cam 5067,13.096905,77.566284,Active,48211000000072962
Bengaluru Urban Highway Junction Cam 5068,13.102788,77.568827,Active,48211000000072962
Bengaluru Urban Commercial Street Cam 5069,12.843388,77.459417,Active,48211000000072965
Bengaluru Urban Government Office Cam 5070,12.848435,77.458799,Active,48211000000072965
Bengaluru Urban Bus Stand Cam 5071,12.849179,77.459759,Active,48211000000072965
Bengaluru Urban Highway Junction Cam 5072,12.848835,77.461091,Active,48211000000072965
Bengaluru Urban Residential Area Cam 5073,12.932389,77.692719,Active,48211000000072964
Bengaluru Urban Highway Junction Cam 5074,12.937782,77.687286,Active,48211000000072964
Bengaluru Urban Industrial Area Cam 5075,12.937293,77.692148,Active,48211000000072964
Bengaluru Urban Market Cam 5076,12.938467,77.690756,Active,48211000000072964
Bengaluru Urban Major Town Center Cam 5077,12.931633,77.690946,Active,48211000000072964
Bengaluru Urban Village Junction Cam 5078,12.937556,77.690117,Active,48211000000072964
Bengaluru Urban Commercial Street Cam 5079,12.93202,77.692595,Active,48211000000072964
Bengaluru Urban Residential Area Cam 5080,12.833457,77.577582,Active,48211000000072966
Bengaluru Urban Government Office Cam 5081,12.832502,77.571282,Active,48211000000072966
Bengaluru Urban College Cam 5082,12.833093,77.575672,Active,48211000000072966
Bengaluru Urban Government Office Cam 5083,12.830547,77.575431,Active,48211000000072966
Bengaluru Urban Market Cam 5084,12.831337,77.577001,Active,48211000000072966
Bengaluru Urban Hospital Cam 5085,12.900728,77.435897,Active,48211000000072965
Bengaluru Urban Market Cam 5086,12.901363,77.436268,Active,48211000000072965
Bengaluru Urban Village Junction Cam 5087,12.89889,77.436353,Active,48211000000072965
Bengaluru Urban Railway Station Cam 5088,12.900808,77.433615,Active,48211000000072965
Bengaluru Urban Commercial Street Cam 5089,12.903638,77.43176,Active,48211000000072965
Bengaluru Urban Railway Station Cam 5090,12.905205,77.4363,Active,48211000000072965
Bengaluru Urban Highway Junction Cam 5091,12.825998,77.775861,Active,48211000000072963
Bengaluru Urban Major Town Center Cam 5092,12.820192,77.77547,Active,48211000000072963
Bengaluru Urban Market Cam 5093,12.822615,77.772734,Active,48211000000072963
Bengaluru Urban Tourist Point Cam 5094,12.821559,77.777046,Active,48211000000072963
Bengaluru Urban Village Junction Cam 5095,13.008551,77.704739,Active,48211000000072964
Bengaluru Urban School Cam 5096,13.012561,77.706376,Active,48211000000072964
Bengaluru Urban Government Office Cam 5097,13.011682,77.708523,Active,48211000000072964
Bengaluru Urban Highway Junction Cam 5098,13.010586,77.705135,Active,48211000000072964
Bengaluru Urban Government Office Cam 5099,13.009427,77.708547,Active,48211000000072964
Bengaluru Urban Hospital Cam 5100,13.011436,77.705585,Active,48211000000072964
Bengaluru Urban Commercial Street Cam 5101,13.011538,77.711732,Active,48211000000072964
Bengaluru Urban School Cam 5102,13.013966,77.70562,Active,48211000000072964
Bengaluru Urban Village Junction Cam 5103,12.8878,77.574718,Active,48211000000072966
Bengaluru Urban Tourist Point Cam 5104,12.88145,77.568472,Active,48211000000072966
Bengaluru Urban Major Town Center Cam 5105,12.88232,77.570054,Active,48211000000072966
Bengaluru Urban Commercial Street Cam 5106,12.883217,77.574584,Active,48211000000072966
Bengaluru Urban Industrial Area Cam 5107,12.883871,77.572478,Active,48211000000072966
Bengaluru Urban Railway Station Cam 5108,12.886001,77.571285,Active,48211000000072966
Bengaluru Urban Market Cam 5109,12.880744,77.574895,Active,48211000000072966
Bengaluru Urban Residential Area Cam 5110,12.881275,77.572359,Active,48211000000072966
Bengaluru Urban Industrial Area Cam 5111,12.767635,77.606591,Active,48211000000072963
Bengaluru Urban Commercial Street Cam 5112,12.770822,77.609375,Active,48211000000072963
Bengaluru Urban Industrial Area Cam 5113,12.774017,77.607333,Active,48211000000072963
Bengaluru Urban Major Town Center Cam 5114,12.7683,77.610327,Active,48211000000072963
Bengaluru Urban Market Cam 5115,12.772392,77.612266,Active,48211000000072963
Bengaluru Urban School Cam 5116,12.774104,77.611243,Active,48211000000072963
Bengaluru Urban Commercial Street Cam 5117,12.773815,77.607551,Active,48211000000072963
Bengaluru Urban Commercial Street Cam 5118,12.770235,77.609948,Active,48211000000072963
Bengaluru Urban Police Station Cam 5119,13.020682,77.454884,Active,48211000000072962
Bengaluru Urban Highway Junction Cam 5120,13.018186,77.454823,Active,48211000000072962
Bengaluru Urban Government Office Cam 5121,13.024708,77.451304,Active,48211000000072962
Bengaluru Urban Police Station Cam 5122,13.018437,77.448823,Active,48211000000072962
Bengaluru Urban Village Junction Cam 5123,12.675772,77.681204,Active,48211000000072963
Bengaluru Urban Market Cam 5124,12.676325,77.677741,Active,48211000000072963
Bengaluru Urban Railway Station Cam 5125,12.674019,77.678841,Active,48211000000072963
Bengaluru Urban Highway Junction Cam 5126,12.674019,77.678841,Active,48211000000072963
Bengaluru Urban Residential Area Cam 5127,12.675575,77.682619,Active,48211000000072963
Bengaluru Urban Industrial Area Cam 5128,13.111588,77.642523,Active,48211000000072964
Bengaluru Urban Railway Station Cam 5129,13.10826,77.643555,Active,48211000000072964
Bengaluru Urban Government Office Cam 5130,13.114425,77.646888,Active,48211000000072964
Bengaluru Urban Major Town Center Cam 5131,13.108,77.645887,Active,48211000000072964
Bengaluru Urban Major Town Center Cam 5132,13.091436,77.488879,Active,48211000000072962
Bengaluru Urban Police Station Cam 5133,13.093749,77.488685,Active,48211000000072962
Bengaluru Urban School Cam 5134,13.088143,77.488025,Active,48211000000072962
Bengaluru Urban Highway Junction Cam 5135,13.094908,77.492949,Active,48211000000072962
Bengaluru Urban Government Office Cam 5136,13.091986,77.491618,Active,48211000000072962
Bengaluru Urban Village Junction Cam 5137,13.087992,77.491117,Active,48211000000072962
Bengaluru Urban School Cam 5138,12.887172,77.654643,Active,48211000000072966
Bengaluru Urban Police Station Cam 5139,12.882307,77.654258,Active,48211000000072966
Bengaluru Urban Village Junction Cam 5140,12.884774,77.649128,Active,48211000000072966
Bengaluru Urban Residential Area Cam 5141,12.881802,77.648304,Active,48211000000072966
Bengaluru Urban Hospital Cam 5142,12.883744,77.649652,Active,48211000000072966
Bengaluru Urban Market Cam 5143,12.885841,77.65081,Active,48211000000072966
Bengaluru Urban Major Town Center Cam 5144,12.796696,77.805572,Active,48211000000072963
Bengaluru Urban Highway Junction Cam 5145,12.794102,77.805785,Active,48211000000072963
Bengaluru Urban School Cam 5146,12.793339,77.806764,Active,48211000000072963
Bengaluru Urban Hospital Cam 5147,12.795459,77.808405,Active,48211000000072963
Bengaluru Urban Railway Station Cam 5148,12.794102,77.805785,Active,48211000000072963
Bengaluru Urban School Cam 5149,12.822474,77.71429,Active,48211000000072963
Bengaluru Urban Hospital Cam 5150,12.817134,77.716601,Active,48211000000072963
Bengaluru Urban Government Office Cam 5151,12.818739,77.716092,Active,48211000000072963
Bengaluru Urban Railway Station Cam 5152,12.822555,77.715209,Active,48211000000072963
Bengaluru Urban School Cam 5153,12.82449,77.714246,Active,48211000000072963
Bengaluru Urban Railway Station Cam 5154,12.821102,77.714249,Active,48211000000072963
Bengaluru Urban College Cam 5155,12.820563,77.712036,Active,48211000000072963
Bengaluru Urban Residential Area Cam 5156,12.897646,77.592277,Active,48211000000072966
Bengaluru Urban Industrial Area Cam 5157,12.90245,77.591276,Active,48211000000072966
Bengaluru Urban Bus Stand Cam 5158,12.898766,77.592674,Active,48211000000072966
Bengaluru Urban Police Station Cam 5159,12.901349,77.59512,Active,48211000000072966
Bengaluru Urban Major Town Center Cam 5160,12.898414,77.591736,Active,48211000000072966
Bengaluru Urban Residential Area Cam 5161,12.901158,77.590999,Active,48211000000072966
Bengaluru Urban College Cam 5162,12.90126,77.591689,Active,48211000000072966
Bengaluru Urban Highway Junction Cam 5163,12.959429,77.413368,Active,48211000000072965
Bengaluru Urban Highway Junction Cam 5164,12.956648,77.41381,Active,48211000000072965
Bengaluru Urban Village Junction Cam 5165,12.959553,77.411265,Active,48211000000072965
Bengaluru Urban Residential Area Cam 5166,12.960493,77.414051,Active,48211000000072965
Bengaluru Urban Railway Station Cam 5167,12.958022,77.414803,Active,48211000000072965
Bengaluru Urban Village Junction Cam 5168,12.957199,77.417948,Active,48211000000072965
Bengaluru Urban Tourist Point Cam 5169,12.959678,77.413863,Active,48211000000072965
Bengaluru Urban School Cam 5170,13.133499,77.473844,Active,48211000000072962
Bengaluru Urban Police Station Cam 5171,13.135868,77.475072,Active,48211000000072962
Bengaluru Urban Village Junction Cam 5172,13.131166,77.479879,Active,48211000000072962
Bengaluru Urban Bus Stand Cam 5173,13.136165,77.476458,Active,48211000000072962
Bengaluru Urban Village Junction Cam 5174,13.134535,77.479465,Active,48211000000072962
Bengaluru Urban Village Junction Cam 5175,13.13622,77.475417,Active,48211000000072962
Bengaluru Urban School Cam 5176,13.130982,77.47441,Active,48211000000072962
Bengaluru Urban Police Station Cam 5177,13.13431,77.475229,Active,48211000000072962
Bengaluru Urban Government Office Cam 5178,12.795256,77.760616,Active,48211000000072963
Bengaluru Urban Commercial Street Cam 5179,12.795059,77.762521,Active,48211000000072963
Bengaluru Urban Major Town Center Cam 5180,12.795644,77.762076,Active,48211000000072963
Bengaluru Urban Police Station Cam 5181,12.798968,77.764203,Active,48211000000072963
Bengaluru Urban Tourist Point Cam 5182,12.79361,77.762392,Active,48211000000072963
Bengaluru Urban Hospital Cam 5183,12.796296,77.766857,Active,48211000000072963
Bengaluru Urban Commercial Street Cam 5184,12.797745,77.763746,Active,48211000000072963
Bengaluru Urban School Cam 5185,12.960841,77.635059,Active,48211000000072966
Bengaluru Urban Police Station Cam 5186,12.959218,77.632064,Active,48211000000072966
Bengaluru Urban Residential Area Cam 5187,12.965132,77.632754,Active,48211000000072966
Bengaluru Urban Hospital Cam 5188,12.963608,77.630758,Active,48211000000072966
Bengaluru Urban Market Cam 5189,12.963744,77.633906,Active,48211000000072966
Bengaluru Urban Village Junction Cam 5190,13.045383,77.5194,Active,48211000000072962
Bengaluru Urban College Cam 5191,13.045893,77.517101,Active,48211000000072962
Bengaluru Urban Tourist Point Cam 5192,13.044664,77.519955,Active,48211000000072962
Bengaluru Urban Commercial Street Cam 5193,13.049322,77.519985,Active,48211000000072962
Bengaluru Urban Highway Junction Cam 5194,13.042901,77.515741,Active,48211000000072962
Bengaluru Urban Village Junction Cam 5195,12.921199,77.492209,Active,48211000000072966
Bengaluru Urban Market Cam 5196,12.924726,77.487869,Active,48211000000072966
Bengaluru Urban Commercial Street Cam 5197,12.925009,77.488926,Active,48211000000072966
Bengaluru Urban College Cam 5198,12.922242,77.494889,Active,48211000000072966
Bengaluru Urban Village Junction Cam 5199,12.926761,77.487697,Active,48211000000072966
Bengaluru Urban Government Office Cam 5200,12.920979,77.487241,Active,48211000000072966
Bengaluru Urban Highway Junction Cam 5201,12.922013,77.491205,Active,48211000000072966
Bengaluru Urban Government Office Cam 5202,12.945652,77.722446,Active,48211000000072964
Bengaluru Urban Bus Stand Cam 5203,12.945091,77.724385,Active,48211000000072964
Bengaluru Urban Police Station Cam 5204,12.941249,77.720211,Active,48211000000072964
Bengaluru Urban Commercial Street Cam 5205,12.940686,77.72325,Active,48211000000072964
Bengaluru Urban Commercial Street Cam 5206,12.941746,77.722625,Active,48211000000072964
Bengaluru Urban College Cam 5207,12.948299,77.720815,Active,48211000000072964
Bengaluru Urban Residential Area Cam 5208,12.934932,77.752387,Active,48211000000072964
Bengaluru Urban Government Office Cam 5209,12.933419,77.751622,Active,48211000000072964
Bengaluru Urban Commercial Street Cam 5210,12.931526,77.753548,Active,48211000000072964
Bengaluru Urban Hospital Cam 5211,12.927828,77.748751,Active,48211000000072964
Bengaluru Urban School Cam 5212,12.933606,77.755306,Active,48211000000072964
Bengaluru Urban School Cam 5213,12.929643,77.75249,Active,48211000000072964
Bengaluru Urban College Cam 5214,13.090505,77.664852,Active,48211000000072964
Bengaluru Urban Residential Area Cam 5215,13.092824,77.662676,Active,48211000000072964
Bengaluru Urban Residential Area Cam 5216,13.097659,77.667111,Active,48211000000072964
Bengaluru Urban Commercial Street Cam 5217,13.090242,77.667091,Active,48211000000072964
Bengaluru Urban Market Cam 5218,13.094109,77.66311,Active,48211000000072964
Bengaluru Urban Major Town Center Cam 5219,13.093649,77.66379,Active,48211000000072964
Bengaluru Urban Market Cam 5220,13.095066,77.668777,Active,48211000000072964
Bengaluru Urban Village Junction Cam 5221,13.096431,77.66239,Active,48211000000072964
Bengaluru Urban Tourist Point Cam 5222,13.079353,77.441208,Active,48211000000072962
Bengaluru Urban Residential Area Cam 5223,13.078432,77.442799,Active,48211000000072962
Bengaluru Urban Commercial Street Cam 5224,13.078998,77.445226,Active,48211000000072962
Bengaluru Urban Industrial Area Cam 5225,13.077457,77.438016,Active,48211000000072962
Bengaluru Urban Bus Stand Cam 5226,13.073163,77.439982,Active,48211000000072962
Bengaluru Urban Village Junction Cam 5227,13.133594,77.437394,Active,48211000000072962
Bengaluru Urban Market Cam 5228,13.136862,77.44368,Active,48211000000072962
Bengaluru Urban School Cam 5229,13.137123,77.444097,Active,48211000000072962
Bengaluru Urban Industrial Area Cam 5230,13.133082,77.442663,Active,48211000000072962
Bengaluru Urban Commercial Street Cam 5231,13.131393,77.440437,Active,48211000000072962
Bengaluru Urban Major Town Center Cam 5232,13.132054,77.437589,Active,48211000000072962
Bengaluru Urban Major Town Center Cam 5233,13.131093,77.440324,Active,48211000000072962
Bengaluru Urban Residential Area Cam 5234,12.88837,77.484873,Active,48211000000072966
Bengaluru Urban Government Office Cam 5235,12.890312,77.484527,Active,48211000000072966
Bengaluru Urban Bus Stand Cam 5236,12.885335,77.48286,Active,48211000000072966
Bengaluru Urban Major Town Center Cam 5237,12.886931,77.487459,Active,48211000000072966
Bengaluru Urban School Cam 5238,12.888285,77.481588,Active,48211000000072966
Bengaluru Urban Police Station Cam 5239,12.890821,77.482992,Active,48211000000072966
Bengaluru Urban Police Station Cam 5240,12.890085,77.484383,Active,48211000000072966
Bengaluru Urban Market Cam 5241,13.050987,77.611325,Active,48211000000072966
Bengaluru Urban Industrial Area Cam 5242,13.054147,77.6099,Active,48211000000072966
Bengaluru Urban Village Junction Cam 5243,13.053648,77.611644,Active,48211000000072966
Bengaluru Urban Commercial Street Cam 5244,13.051566,77.613542,Active,48211000000072966
Bengaluru Urban Village Junction Cam 5245,13.05586,77.61182,Active,48211000000072966
Bengaluru Urban School Cam 5246,12.86444,77.680037,Active,48211000000072966
Bengaluru Urban School Cam 5247,12.871213,77.678376,Active,48211000000072966
Bengaluru Urban Highway Junction Cam 5248,12.87015,77.676689,Active,48211000000072966
Bengaluru Urban Hospital Cam 5249,12.865992,77.676398,Active,48211000000072966
Bengaluru Urban Railway Station Cam 5250,12.864095,77.680279,Active,48211000000072966
Bengaluru Urban Commercial Street Cam 5251,12.864523,77.680798,Active,48211000000072966
Bengaluru Urban Government Office Cam 5252,12.822021,77.599751,Active,48211000000072966
Bengaluru Urban Residential Area Cam 5253,12.822245,77.607007,Active,48211000000072966
Bengaluru Urban Village Junction Cam 5254,12.824849,77.599646,Active,48211000000072966
Bengaluru Urban Government Office Cam 5255,12.823922,77.6047,Active,48211000000072966
Bengaluru Urban Industrial Area Cam 5256,12.827106,77.601413,Active,48211000000072966
Bengaluru Urban Tourist Point Cam 5257,12.824153,77.605997,Active,48211000000072966
Bengaluru Urban Bus Stand Cam 5258,12.827328,77.604045,Active,48211000000072966
Bengaluru Urban Industrial Area Cam 5259,12.828993,77.600397,Active,48211000000072966
Bengaluru Urban Bus Stand Cam 5260,12.988109,77.452147,Active,48211000000072966
Bengaluru Urban Residential Area Cam 5261,12.988644,77.450625,Active,48211000000072966
Bengaluru Urban Railway Station Cam 5262,12.989906,77.451044,Active,48211000000072966
Bengaluru Urban College Cam 5263,12.993546,77.449493,Active,48211000000072966
Bengaluru Urban Commercial Street Cam 5264,12.988109,77.449799,Active,48211000000072966
Bengaluru Urban Police Station Cam 5265,12.98773,77.453451,Active,48211000000072966
Bengaluru Urban Market Cam 5266,13.13442,77.706554,Active,48211000000072964
Bengaluru Urban Tourist Point Cam 5267,13.137162,77.709637,Active,48211000000072964
Bengaluru Urban Market Cam 5268,13.134499,77.710912,Active,48211000000072964
Bengaluru Urban Residential Area Cam 5269,13.136756,77.705738,Active,48211000000072964
Bengaluru Urban College Cam 5270,13.138221,77.708201,Active,48211000000072964
Bengaluru Urban Market Cam 5271,13.137941,77.71287,Active,48211000000072964
Bengaluru Urban Major Town Center Cam 5272,12.759689,77.662918,Active,48211000000072963
Bengaluru Urban Police Station Cam 5273,12.759539,77.660588,Active,48211000000072963
Bengaluru Urban Railway Station Cam 5274,12.761678,77.660338,Active,48211000000072963
Bengaluru Urban Bus Stand Cam 5275,12.763705,77.662585,Active,48211000000072963
Bengaluru Urban Government Office Cam 5276,12.762177,77.663233,Active,48211000000072963
Bengaluru Urban Police Station Cam 5277,12.758536,77.662656,Active,48211000000072963
Bengaluru Urban Village Junction Cam 5278,13.193872,77.506816,Active,48211000000072962
Bengaluru Urban Highway Junction Cam 5279,13.188482,77.506804,Active,48211000000072962
Bengaluru Urban Major Town Center Cam 5280,13.193802,77.505102,Active,48211000000072962
Bengaluru Urban School Cam 5281,13.188221,77.504207,Active,48211000000072962
Bengaluru Urban Village Junction Cam 5282,13.189768,77.502354,Active,48211000000072962
Bengaluru Urban Major Town Center Cam 5283,13.189992,77.501298,Active,48211000000072962
Bengaluru Urban Highway Junction Cam 5284,13.188437,77.500011,Active,48211000000072962
Bengaluru Urban Police Station Cam 5285,12.896091,77.798807,Active,48211000000072964
Bengaluru Urban Tourist Point Cam 5286,12.894109,77.800572,Active,48211000000072964
Bengaluru Urban Market Cam 5287,12.889251,77.797291,Active,48211000000072964
Bengaluru Urban Bus Stand Cam 5288,12.891401,77.796328,Active,48211000000072964
Bengaluru Urban College Cam 5289,12.889954,77.794912,Active,48211000000072964
Bengaluru Urban Railway Station Cam 5290,12.890498,77.800031,Active,48211000000072964
Bengaluru Urban Bus Stand Cam 5291,12.890239,77.346994,Active,48211000000072965
Bengaluru Urban Residential Area Cam 5292,12.896637,77.351202,Active,48211000000072965
Bengaluru Urban Major Town Center Cam 5293,12.890295,77.345671,Active,48211000000072965
Bengaluru Urban Bus Stand Cam 5294,12.894573,77.348768,Active,48211000000072965
Bengaluru Urban Village Junction Cam 5295,12.739352,77.589059,Active,48211000000072963
Bengaluru Urban Commercial Street Cam 5296,12.743934,77.59211,Active,48211000000072963
Bengaluru Urban College Cam 5297,12.74434,77.58626,Active,48211000000072963
Bengaluru Urban Bus Stand Cam 5298,12.73868,77.591297,Active,48211000000072963
Bengaluru Urban Bus Stand Cam 5299,12.913456,77.644124,Active,48211000000072966
Bengaluru Urban College Cam 5300,12.910934,77.64779,Active,48211000000072966
Bengaluru Urban Residential Area Cam 5301,12.914326,77.649188,Active,48211000000072966
Bengaluru Urban Government Office Cam 5302,12.915029,77.650823,Active,48211000000072966
Bengaluru Urban Commercial Street Cam 5303,12.911833,77.645634,Active,48211000000072966
Bengaluru Urban Bus Stand Cam 5304,12.916198,77.648217,Active,48211000000072966
Bengaluru Urban Market Cam 5305,13.086337,77.753569,Active,48211000000072964
Bengaluru Urban Highway Junction Cam 5306,13.088484,77.753318,Active,48211000000072964
Bengaluru Urban Market Cam 5307,13.084057,77.755752,Active,48211000000072964
Bengaluru Urban Government Office Cam 5308,13.082283,77.752892,Active,48211000000072964
Bengaluru Urban Tourist Point Cam 5309,13.084997,77.755365,Active,48211000000072964
Bengaluru Urban College Cam 5310,13.085932,77.754854,Active,48211000000072964
Bengaluru Urban Village Junction Cam 5311,13.08583,77.751408,Active,48211000000072964
Bengaluru Urban Government Office Cam 5312,13.087607,77.75215,Active,48211000000072964
Bengaluru Urban Village Junction Cam 5313,12.711903,77.765691,Active,48211000000072963
Bengaluru Urban School Cam 5314,12.711972,77.764816,Active,48211000000072963
Bengaluru Urban School Cam 5315,12.708212,77.765482,Active,48211000000072963
Bengaluru Urban Market Cam 5316,12.708127,77.764159,Active,48211000000072963
Bengaluru Urban Railway Station Cam 5317,12.710549,77.763611,Active,48211000000072963
Bengaluru Urban Hospital Cam 5318,12.709234,77.764475,Active,48211000000072963
Bengaluru Urban Commercial Street Cam 5319,12.846284,77.481232,Active,48211000000072966
Bengaluru Urban Commercial Street Cam 5320,12.849575,77.484889,Active,48211000000072966
Bengaluru Urban Railway Station Cam 5321,12.8509,77.488151,Active,48211000000072966
Bengaluru Urban Police Station Cam 5322,12.843569,77.488626,Active,48211000000072966
Bengaluru Urban Major Town Center Cam 5323,12.846496,77.485291,Active,48211000000072966
Bengaluru Urban Major Town Center Cam 5324,12.844964,77.482665,Active,48211000000072966
Bengaluru Urban Highway Junction Cam 5325,12.849163,77.482034,Active,48211000000072966
Bengaluru Urban Government Office Cam 5326,12.843349,77.489019,Active,48211000000072966
Bengaluru Urban Police Station Cam 5327,12.911931,77.529163,Active,48211000000072966
Bengaluru Urban Market Cam 5328,12.909811,77.530368,Active,48211000000072966
Bengaluru Urban Residential Area Cam 5329,12.915556,77.530883,Active,48211000000072966
Bengaluru Urban Industrial Area Cam 5330,12.908672,77.530838,Active,48211000000072966
Bengaluru Urban Hospital Cam 5331,12.752864,77.736352,Active,48211000000072963
Bengaluru Urban Hospital Cam 5332,12.753737,77.7338,Active,48211000000072963
Bengaluru Urban Tourist Point Cam 5333,12.754946,77.736288,Active,48211000000072963
Bengaluru Urban Police Station Cam 5334,12.755154,77.731152,Active,48211000000072963
Bengaluru Urban Bus Stand Cam 5335,12.753225,77.735247,Active,48211000000072963
Bengaluru Urban Commercial Street Cam 5336,12.759951,77.734421,Active,48211000000072963
Bengaluru Urban Industrial Area Cam 5337,12.758698,77.735833,Active,48211000000072963
Bengaluru Urban School Cam 5338,12.754659,77.735578,Active,48211000000072963
Bengaluru Urban Major Town Center Cam 5339,13.200054,77.548828,Active,48211000000072962
Bengaluru Urban Major Town Center Cam 5340,13.197332,77.552036,Active,48211000000072962
Bengaluru Urban Residential Area Cam 5341,13.199463,77.551727,Active,48211000000072962
Bengaluru Urban Highway Junction Cam 5342,13.19783,77.551065,Active,48211000000072962
Bengaluru Urban Village Junction Cam 5343,13.195619,77.551287,Active,48211000000072962
Bengaluru Urban Highway Junction Cam 5344,12.856788,77.38297,Active,48211000000072965
Bengaluru Urban Railway Station Cam 5345,12.857302,77.379957,Active,48211000000072965
Bengaluru Urban Market Cam 5346,12.864263,77.384165,Active,48211000000072965
Bengaluru Urban Police Station Cam 5347,12.861533,77.384047,Active,48211000000072965
Bengaluru Urban Police Station Cam 5348,12.995761,77.542852,Active,48211000000072966
Bengaluru Urban School Cam 5349,12.992961,77.54033,Active,48211000000072966
Bengaluru Urban Bus Stand Cam 5350,12.993463,77.540879,Active,48211000000072966
Bengaluru Urban Market Cam 5351,12.99539,77.541649,Active,48211000000072966
Bengaluru Urban Major Town Center Cam 5352,12.994574,77.535923,Active,48211000000072966
Bengaluru Urban College Cam 5353,12.992679,77.535789,Active,48211000000072966
Bengaluru Urban School Cam 5354,13.168516,77.553292,Active,48211000000072962
Bengaluru Urban Major Town Center Cam 5355,13.16701,77.553746,Active,48211000000072962
Bengaluru Urban College Cam 5356,13.163628,77.550639,Active,48211000000072962
Bengaluru Urban Village Junction Cam 5357,13.163013,77.555355,Active,48211000000072962
Bengaluru Urban Railway Station Cam 5358,12.802714,77.674104,Active,48211000000072963
Bengaluru Urban Highway Junction Cam 5359,12.806041,77.678433,Active,48211000000072963
Bengaluru Urban College Cam 5360,12.808169,77.678947,Active,48211000000072963
Bengaluru Urban Bus Stand Cam 5361,12.802147,77.676151,Active,48211000000072963
Bengaluru Urban School Cam 5362,12.806743,77.681411,Active,48211000000072963
Bengaluru Urban Government Office Cam 5363,12.807305,77.680117,Active,48211000000072963
Bengaluru Urban Hospital Cam 5364,12.802222,77.676837,Active,48211000000072963
Bengaluru Urban Highway Junction Cam 5365,12.804034,77.675402,Active,48211000000072963
Bengaluru Urban Bus Stand Cam 5366,12.986286,77.41347,Active,48211000000072965
Bengaluru Urban Residential Area Cam 5367,12.984287,77.415508,Active,48211000000072965
Bengaluru Urban Bus Stand Cam 5368,12.985891,77.413681,Active,48211000000072965
Bengaluru Urban Railway Station Cam 5369,12.987666,77.414861,Active,48211000000072965
Bengaluru Urban Village Junction Cam 5370,12.982457,77.409749,Active,48211000000072965
Bengaluru Urban Market Cam 5371,12.981606,77.414734,Active,48211000000072965
Bengaluru Urban Major Town Center Cam 5372,12.986941,77.409747,Active,48211000000072965
Bengaluru Urban Major Town Center Cam 5373,12.985785,77.411215,Active,48211000000072965
Bengaluru Urban Government Office Cam 5374,13.057315,77.4918,Active,48211000000072962
Bengaluru Urban College Cam 5375,13.057275,77.491178,Active,48211000000072962
Bengaluru Urban Police Station Cam 5376,13.058431,77.488642,Active,48211000000072962
Bengaluru Urban Industrial Area Cam 5377,13.056034,77.490295,Active,48211000000072962
Bengaluru Urban Market Cam 5378,13.058358,77.49235,Active,48211000000072962
Bengaluru Urban School Cam 5379,13.057494,77.48693,Active,48211000000072962
Bengaluru Urban Major Town Center Cam 5380,13.051477,77.492649,Active,48211000000072962
Bengaluru Urban Village Junction Cam 5381,13.054809,77.490707,Active,48211000000072962
Bengaluru Urban Village Junction Cam 5382,13.124529,77.609755,Active,48211000000072962
Bengaluru Urban Bus Stand Cam 5383,13.121767,77.604133,Active,48211000000072962
Bengaluru Urban Market Cam 5384,13.12262,77.605016,Active,48211000000072962
Bengaluru Urban Major Town Center Cam 5385,13.123924,77.601767,Active,48211000000072962
Bengaluru Urban Commercial Street Cam 5386,13.123768,77.608177,Active,48211000000072962
Bengaluru Urban Bus Stand Cam 5387,13.121685,77.574375,Active,48211000000072962
Bengaluru Urban School Cam 5388,13.125902,77.576096,Active,48211000000072962
Bengaluru Urban Tourist Point Cam 5389,13.125795,77.577648,Active,48211000000072962
Bengaluru Urban Residential Area Cam 5390,13.125346,77.577384,Active,48211000000072962
Bengaluru Urban Tourist Point Cam 5391,13.118101,77.57137,Active,48211000000072962
Bengaluru Urban Residential Area Cam 5392,13.124022,77.571068,Active,48211000000072962
Bengaluru Urban Village Junction Cam 5393,13.150307,77.532222,Active,48211000000072962
Bengaluru Urban Market Cam 5394,13.144297,77.531199,Active,48211000000072962
Bengaluru Urban Railway Station Cam 5395,13.145624,77.539008,Active,48211000000072962
Bengaluru Urban School Cam 5396,13.149828,77.535625,Active,48211000000072962
Bengaluru Urban Police Station Cam 5397,13.149413,77.538276,Active,48211000000072962
Bengaluru Urban Industrial Area Cam 5398,13.151331,77.531743,Active,48211000000072962
Bengaluru Urban Major Town Center Cam 5399,13.150705,77.537219,Active,48211000000072962
Bengaluru Urban Police Station Cam 5400,13.105046,77.624359,Active,48211000000072962
Bengaluru Urban Police Station Cam 5401,13.104807,77.617154,Active,48211000000072962
Bengaluru Urban Tourist Point Cam 5402,13.104974,77.624459,Active,48211000000072962
Bengaluru Urban Commercial Street Cam 5403,13.101444,77.622497,Active,48211000000072962
Bengaluru Urban Tourist Point Cam 5404,12.978509,77.47761,Active,48211000000072966
Bengaluru Urban Bus Stand Cam 5405,12.983946,77.471162,Active,48211000000072966
Bengaluru Urban Government Office Cam 5406,12.982077,77.471703,Active,48211000000072966
Bengaluru Urban Police Station Cam 5407,12.977442,77.470476,Active,48211000000072966
Bengaluru Urban Bus Stand Cam 5408,12.980262,77.47429,Active,48211000000072966
Bengaluru Urban Major Town Center Cam 5409,12.982443,77.475454,Active,48211000000072966
Bengaluru Urban Residential Area Cam 5410,12.982415,77.471929,Active,48211000000072966
Bengaluru Urban Market Cam 5411,12.840552,77.711702,Active,48211000000072966
Bengaluru Urban Railway Station Cam 5412,12.840445,77.712935,Active,48211000000072966
Bengaluru Urban Village Junction Cam 5413,12.84193,77.715092,Active,48211000000072966
Bengaluru Urban College Cam 5414,12.843814,77.715774,Active,48211000000072966
Bengaluru Urban Police Station Cam 5415,12.841369,77.709351,Active,48211000000072966
Bengaluru Urban Village Junction Cam 5416,12.845355,77.715078,Active,48211000000072966
Bengaluru Urban Bus Stand Cam 5417,12.994909,77.634563,Active,48211000000072966
Bengaluru Urban Highway Junction Cam 5418,12.992521,77.636476,Active,48211000000072966
Bengaluru Urban Highway Junction Cam 5419,12.998438,77.637007,Active,48211000000072966
Bengaluru Urban Industrial Area Cam 5420,12.997473,77.637504,Active,48211000000072966
Bengaluru Urban Major Town Center Cam 5421,12.999394,77.637757,Active,48211000000072966
Bengaluru Urban Government Office Cam 5422,12.992409,77.636884,Active,48211000000072966
Bengaluru Urban School Cam 5423,12.996876,77.63706,Active,48211000000072966
Bengaluru Urban Market Cam 5424,12.995113,77.636569,Active,48211000000072966
Bengaluru Urban Major Town Center Cam 5425,12.737972,77.639982,Active,48211000000072963
Bengaluru Urban Highway Junction Cam 5426,12.744727,77.635646,Active,48211000000072963
Bengaluru Urban Major Town Center Cam 5427,12.744747,77.637059,Active,48211000000072963
Bengaluru Urban Bus Stand Cam 5428,12.742386,77.638967,Active,48211000000072963
Bengaluru Urban Industrial Area Cam 5429,12.738581,77.635927,Active,48211000000072963
Bengaluru Urban Major Town Center Cam 5430,12.741472,77.641887,Active,48211000000072963
Bengaluru Urban Market Cam 5431,12.738293,77.634561,Active,48211000000072963
Bengaluru Urban College Cam 5432,12.84287,77.541803,Active,48211000000072966
Bengaluru Urban Major Town Center Cam 5433,12.841429,77.539486,Active,48211000000072966
Bengaluru Urban Residential Area Cam 5434,12.842531,77.541922,Active,48211000000072966
Bengaluru Urban School Cam 5435,12.842784,77.539005,Active,48211000000072966
Bengaluru Urban Village Junction Cam 5436,12.839139,77.542209,Active,48211000000072966
Bengaluru Urban Bus Stand Cam 5437,13.078923,77.607076,Active,48211000000072962
Bengaluru Urban Bus Stand Cam 5438,13.078838,77.602538,Active,48211000000072962
Bengaluru Urban Village Junction Cam 5439,13.080858,77.607207,Active,48211000000072962
Bengaluru Urban Village Junction Cam 5440,13.076399,77.603896,Active,48211000000072962
Bengaluru Urban Bus Stand Cam 5441,13.078362,77.599537,Active,48211000000072962
Bengaluru Urban Commercial Street Cam 5442,13.080325,77.601383,Active,48211000000072962
Bengaluru Urban Railway Station Cam 5443,13.075858,77.605521,Active,48211000000072962
Bengaluru Urban Highway Junction Cam 5444,13.083131,77.605548,Active,48211000000072962
Bengaluru Urban Police Station Cam 5445,13.115258,77.427975,Active,48211000000072962
Bengaluru Urban School Cam 5446,13.114894,77.433429,Active,48211000000072962
Bengaluru Urban School Cam 5447,13.107361,77.429923,Active,48211000000072962
Bengaluru Urban Market Cam 5448,13.107791,77.429709,Active,48211000000072962
Bengaluru Urban Hospital Cam 5449,13.111059,77.433644,Active,48211000000072962
Bengaluru Urban Major Town Center Cam 5450,13.108107,77.432852,Active,48211000000072962
Bengaluru Urban Major Town Center Cam 5451,13.113106,77.428772,Active,48211000000072962
Bengaluru Urban School Cam 5452,13.108253,77.429405,Active,48211000000072962
Bengaluru Urban Tourist Point Cam 5453,12.791739,77.571965,Active,48211000000072966
Bengaluru Urban Industrial Area Cam 5454,12.791495,77.570481,Active,48211000000072966
Bengaluru Urban Government Office Cam 5455,12.787443,77.565247,Active,48211000000072966
Bengaluru Urban Police Station Cam 5456,12.792508,77.568367,Active,48211000000072966
Bengaluru Urban Railway Station Cam 5457,12.94121,77.354388,Active,48211000000072965
Bengaluru Urban Police Station Cam 5458,12.939526,77.355671,Active,48211000000072965
Bengaluru Urban Bus Stand Cam 5459,12.941546,77.349026,Active,48211000000072965
Bengaluru Urban Highway Junction Cam 5460,12.938227,77.349228,Active,48211000000072965
Bengaluru Urban Commercial Street Cam 5461,12.940726,77.352841,Active,48211000000072965
Bengaluru Urban Residential Area Cam 5462,12.938725,77.351451,Active,48211000000072965
Bengaluru Urban School Cam 5463,12.939038,77.352082,Active,48211000000072965
Bengaluru Urban Highway Junction Cam 5464,12.938585,77.349262,Active,48211000000072965
Bengaluru Urban Railway Station Cam 5465,13.191024,77.523712,Active,48211000000072962
Bengaluru Urban Bus Stand Cam 5466,13.193483,77.531327,Active,48211000000072962
Bengaluru Urban Commercial Street Cam 5467,13.191866,77.52453,Active,48211000000072962
Bengaluru Urban Railway Station Cam 5468,13.19087,77.524062,Active,48211000000072962
Bengaluru Urban Highway Junction Cam 5469,13.187395,77.527589,Active,48211000000072962
Bengaluru Urban Residential Area Cam 5470,13.187721,77.528038,Active,48211000000072962
Bengaluru Urban Market Cam 5471,13.194166,77.524306,Active,48211000000072962
Bengaluru Urban Government Office Cam 5472,13.192959,77.525214,Active,48211000000072962
Bengaluru Urban Government Office Cam 5473,12.861547,77.731651,Active,48211000000072964
Bengaluru Urban Tourist Point Cam 5474,12.86146,77.7285,Active,48211000000072964
Bengaluru Urban Tourist Point Cam 5475,12.857561,77.731737,Active,48211000000072964
Bengaluru Urban School Cam 5476,12.862433,77.731558,Active,48211000000072964
Bengaluru Urban College Cam 5477,12.86992,77.499917,Active,48211000000072966
Bengaluru Urban Major Town Center Cam 5478,12.869103,77.495885,Active,48211000000072966
Bengaluru Urban Railway Station Cam 5479,12.872442,77.500329,Active,48211000000072966
Bengaluru Urban Commercial Street Cam 5480,12.867983,77.496705,Active,48211000000072966
Bengaluru Urban Highway Junction Cam 5481,12.875542,77.502203,Active,48211000000072966
Bengaluru Urban Government Office Cam 5482,12.87229,77.494894,Active,48211000000072966
Bengaluru Urban Market Cam 5483,12.897975,77.71802,Active,48211000000072964
Bengaluru Urban Police Station Cam 5484,12.897392,77.719257,Active,48211000000072964
Bengaluru Urban Major Town Center Cam 5485,12.898895,77.718238,Active,48211000000072964
Bengaluru Urban College Cam 5486,12.894635,77.715528,Active,48211000000072964
Bengaluru Urban Market Cam 5487,12.898706,77.718232,Active,48211000000072964
Bengaluru Urban Major Town Center Cam 5488,12.893378,77.714767,Active,48211000000072964
Bengaluru Urban Highway Junction Cam 5489,12.898388,77.718483,Active,48211000000072964
Bengaluru Urban Hospital Cam 5490,12.740561,77.685849,Active,48211000000072963
Bengaluru Urban School Cam 5491,12.744787,77.687853,Active,48211000000072963
Bengaluru Urban Railway Station Cam 5492,12.741663,77.682567,Active,48211000000072963
Bengaluru Urban Highway Junction Cam 5493,12.746069,77.688353,Active,48211000000072963
Bengaluru Urban School Cam 5494,12.742231,77.683866,Active,48211000000072963
Bengaluru Urban Bus Stand Cam 5495,12.845522,77.785533,Active,48211000000072964
Bengaluru Urban Tourist Point Cam 5496,12.845877,77.785506,Active,48211000000072964
Bengaluru Urban Highway Junction Cam 5497,12.846117,77.787802,Active,48211000000072964
Bengaluru Urban Police Station Cam 5498,12.845016,77.78634,Active,48211000000072964
Bengaluru Urban Market Cam 5499,12.847146,77.782407,Active,48211000000072964
Bengaluru Urban Major Town Center Cam 5500,12.840047,77.785183,Active,48211000000072964
Bengaluru Urban Market Cam 5501,12.844187,77.787009,Active,48211000000072964
Bengaluru Urban Police Station Cam 5502,12.841279,77.787068,Active,48211000000072964
Bengaluru Urban Highway Junction Cam 5503,12.713686,77.721992,Active,48211000000072963
Bengaluru Urban Bus Stand Cam 5504,12.710156,77.715859,Active,48211000000072963
Bengaluru Urban Tourist Point Cam 5505,12.714423,77.717439,Active,48211000000072963
Bengaluru Urban School Cam 5506,12.714027,77.720987,Active,48211000000072963
Bengaluru Urban Village Junction Cam 5507,12.714441,77.721043,Active,48211000000072963
Bengaluru Urban Village Junction Cam 5508,12.878167,77.598983,Active,48211000000072966
Bengaluru Urban Industrial Area Cam 5509,12.873802,77.59497,Active,48211000000072966
Bengaluru Urban Village Junction Cam 5510,12.87862,77.59618,Active,48211000000072966
Bengaluru Urban Market Cam 5511,12.876717,77.594353,Active,48211000000072966
Bengaluru Urban Market Cam 5512,12.874651,77.600764,Active,48211000000072966
Bengaluru Urban Government Office Cam 5513,12.880176,77.59342,Active,48211000000072966
Bengaluru Urban College Cam 5514,12.880919,77.595626,Active,48211000000072966
Bengaluru Urban Industrial Area Cam 5515,13.037593,77.754632,Active,48211000000072964
Bengaluru Urban Tourist Point Cam 5516,13.038428,77.754246,Active,48211000000072964
Bengaluru Urban Railway Station Cam 5517,13.040728,77.758946,Active,48211000000072964
Bengaluru Urban College Cam 5518,13.044657,77.753858,Active,48211000000072964
Bengaluru Urban Hospital Cam 5519,13.001395,77.686152,Active,48211000000072964
Bengaluru Urban Hospital Cam 5520,13.005514,77.685557,Active,48211000000072964
Bengaluru Urban Village Junction Cam 5521,13.004434,77.686749,Active,48211000000072964
Bengaluru Urban Major Town Center Cam 5522,13.007056,77.686961,Active,48211000000072964
Bengaluru Urban Commercial Street Cam 5523,13.089763,77.731074,Active,48211000000072964
Bengaluru Urban Highway Junction Cam 5524,13.094477,77.73121,Active,48211000000072964
Bengaluru Urban Residential Area Cam 5525,13.088194,77.730961,Active,48211000000072964
Bengaluru Urban Police Station Cam 5526,13.095692,77.730086,Active,48211000000072964
Bengaluru Urban College Cam 5527,13.09218,77.734444,Active,48211000000072964
Bengaluru Urban Government Office Cam 5528,12.704141,77.653352,Active,48211000000072963
Bengaluru Urban School Cam 5529,12.704224,77.65962,Active,48211000000072963
Bengaluru Urban School Cam 5530,12.70113,77.653138,Active,48211000000072963
Bengaluru Urban Railway Station Cam 5531,12.70366,77.658511,Active,48211000000072963
Bengaluru Urban Residential Area Cam 5532,12.699223,77.653347,Active,48211000000072963
Bengaluru Urban Market Cam 5533,12.70219,77.659206,Active,48211000000072963
Bengaluru Urban Village Junction Cam 5534,12.700733,77.65653,Active,48211000000072963
Bengaluru Urban Police Station Cam 5535,12.702833,77.654833,Active,48211000000072963
Bengaluru Urban Highway Junction Cam 5536,12.828112,77.665618,Active,48211000000072966
Bengaluru Urban School Cam 5537,12.828606,77.659477,Active,48211000000072966
Bengaluru Urban Commercial Street Cam 5538,12.825866,77.660271,Active,48211000000072966
Bengaluru Urban Major Town Center Cam 5539,12.828754,77.659992,Active,48211000000072966
Bengaluru Urban Government Office Cam 5540,12.824926,77.660671,Active,48211000000072966
Bengaluru Urban School Cam 5541,12.822236,77.660095,Active,48211000000072966
Bengaluru Urban Bus Stand Cam 5542,12.824501,77.664512,Active,48211000000072966
Bengaluru Urban Railway Station Cam 5543,13.112977,77.666307,Active,48211000000072964
Bengaluru Urban Commercial Street Cam 5544,13.120579,77.668052,Active,48211000000072964
Bengaluru Urban Residential Area Cam 5545,13.113505,77.667494,Active,48211000000072964
Bengaluru Urban Police Station Cam 5546,13.117709,77.663956,Active,48211000000072964
Bengaluru Urban Tourist Point Cam 5547,13.114911,77.666342,Active,48211000000072964
Bengaluru Urban Residential Area Cam 5548,13.115684,77.668711,Active,48211000000072964
Bengaluru Urban Major Town Center Cam 5549,13.119911,77.667268,Active,48211000000072964
Bengaluru Urban Residential Area Cam 5550,12.866346,77.559269,Active,48211000000072966
Bengaluru Urban Industrial Area Cam 5551,12.867581,77.559575,Active,48211000000072966
Bengaluru Urban Police Station Cam 5552,12.86387,77.560059,Active,48211000000072966
Bengaluru Urban Market Cam 5553,12.862402,77.56316,Active,48211000000072966
Bengaluru Urban Government Office Cam 5554,12.862636,77.561964,Active,48211000000072966
Bengaluru Urban Major Town Center Cam 5555,12.862265,77.558337,Active,48211000000072966
Bengaluru Urban School Cam 5556,12.869855,77.560041,Active,48211000000072966
Bengaluru Urban Bus Stand Cam 5557,12.960096,77.388347,Active,48211000000072965
Bengaluru Urban Major Town Center Cam 5558,12.964168,77.389952,Active,48211000000072965
Bengaluru Urban Residential Area Cam 5559,12.961759,77.392916,Active,48211000000072965
Bengaluru Urban Police Station Cam 5560,12.966946,77.393297,Active,48211000000072965
Bengaluru Urban Market Cam 5561,12.965161,77.389505,Active,48211000000072965
Bengaluru Urban Village Junction Cam 5562,12.964462,77.389084,Active,48211000000072965
Bengaluru Urban Commercial Street Cam 5563,12.959502,77.393008,Active,48211000000072965
Bengaluru Urban Industrial Area Cam 5564,12.96455,77.388715,Active,48211000000072965
Bengaluru Urban Tourist Point Cam 5565,12.985417,77.584837,Active,48211000000072966
Bengaluru Urban College Cam 5566,12.986838,77.586672,Active,48211000000072966
Bengaluru Urban Railway Station Cam 5567,12.990891,77.582348,Active,48211000000072966
Bengaluru Urban Hospital Cam 5568,12.984476,77.581973,Active,48211000000072966
Bengaluru Urban Major Town Center Cam 5569,12.986731,77.586352,Active,48211000000072966
Bengaluru Urban Bus Stand Cam 5570,13.154358,77.696895,Active,48211000000072964
Bengaluru Urban Railway Station Cam 5571,13.157816,77.692863,Active,48211000000072964
Bengaluru Urban School Cam 5572,13.158863,77.697709,Active,48211000000072964
Bengaluru Urban Market Cam 5573,13.154721,77.697536,Active,48211000000072964
Bengaluru Urban Village Junction Cam 5574,12.966765,77.363194,Active,48211000000072965
Bengaluru Urban Police Station Cam 5575,12.970195,77.368119,Active,48211000000072965
Bengaluru Urban Commercial Street Cam 5576,12.973201,77.363244,Active,48211000000072965
Bengaluru Urban Highway Junction Cam 5577,12.968264,77.361178,Active,48211000000072965
Bengaluru Urban Village Junction Cam 5578,12.806138,77.578469,Active,48211000000072966
Bengaluru Urban Police Station Cam 5579,12.80735,77.575844,Active,48211000000072966
Bengaluru Urban Residential Area Cam 5580,12.809379,77.581628,Active,48211000000072966
Bengaluru Urban Market Cam 5581,12.811568,77.580996,Active,48211000000072966
Bengaluru Urban Industrial Area Cam 5582,12.809959,77.57409,Active,48211000000072966
Bengaluru Urban Major Town Center Cam 5583,12.968355,77.703844,Active,48211000000072964
Bengaluru Urban Village Junction Cam 5584,12.965294,77.699403,Active,48211000000072964
Bengaluru Urban Hospital Cam 5585,12.964931,77.699706,Active,48211000000072964
Bengaluru Urban Tourist Point Cam 5586,12.96726,77.699749,Active,48211000000072964
Bengaluru Urban Police Station Cam 5587,12.962514,77.700141,Active,48211000000072964
Bengaluru Urban Police Station Cam 5588,12.854219,77.431337,Active,48211000000072965
Bengaluru Urban Police Station Cam 5589,12.857118,77.429673,Active,48211000000072965
Bengaluru Urban School Cam 5590,12.851476,77.434879,Active,48211000000072965
Bengaluru Urban Railway Station Cam 5591,12.854219,77.431337,Active,48211000000072965
Bengaluru Urban Industrial Area Cam 5592,12.855332,77.429251,Active,48211000000072965
Bengaluru Urban Government Office Cam 5593,12.851896,77.435113,Active,48211000000072965
Bengaluru Urban Commercial Street Cam 5594,12.851698,77.433078,Active,48211000000072965
Bengaluru Urban Government Office Cam 5595,12.886469,77.768179,Active,48211000000072964
Bengaluru Urban Bus Stand Cam 5596,12.886283,77.764597,Active,48211000000072964
Bengaluru Urban Major Town Center Cam 5597,12.889587,77.765382,Active,48211000000072964
Bengaluru Urban Hospital Cam 5598,12.88872,77.762744,Active,48211000000072964
Bengaluru Urban Village Junction Cam 5599,12.88642,77.764633,Active,48211000000072964
Bengaluru Urban College Cam 5600,13.032012,77.467358,Active,48211000000072962
Bengaluru Urban Police Station Cam 5601,13.025806,77.471351,Active,48211000000072962
Bengaluru Urban Village Junction Cam 5602,13.029176,77.471376,Active,48211000000072962
Bengaluru Urban Railway Station Cam 5603,13.028358,77.470035,Active,48211000000072962
Bengaluru Urban Police Station Cam 5604,13.03169,77.468249,Active,48211000000072962
Bengaluru Urban Village Junction Cam 5605,13.032439,77.467408,Active,48211000000072962
Bengaluru Urban Industrial Area Cam 5606,12.985775,77.735762,Active,48211000000072964
Bengaluru Urban Bus Stand Cam 5607,12.984001,77.738856,Active,48211000000072964
Bengaluru Urban Government Office Cam 5608,12.985319,77.734936,Active,48211000000072964
Bengaluru Urban Residential Area Cam 5609,12.987335,77.740763,Active,48211000000072964
Bengaluru Urban Government Office Cam 5610,13.204223,77.623029,Active,48211000000072962
Bengaluru Urban School Cam 5611,13.198741,77.625939,Active,48211000000072962
Bengaluru Urban Market Cam 5612,13.201236,77.625713,Active,48211000000072962
Bengaluru Urban Residential Area Cam 5613,13.201934,77.620246,Active,48211000000072962
Bengaluru Urban Highway Junction Cam 5614,13.204399,77.62015,Active,48211000000072962
Bengaluru Urban Bus Stand Cam 5615,13.198295,77.621417,Active,48211000000072962
Bengaluru Urban Market Cam 5616,13.200758,77.626067,Active,48211000000072962
Bengaluru Urban Tourist Point Cam 5617,13.03772,77.571668,Active,48211000000072966
Bengaluru Urban Railway Station Cam 5618,13.032904,77.573315,Active,48211000000072966
Bengaluru Urban Commercial Street Cam 5619,13.036952,77.575108,Active,48211000000072966
Bengaluru Urban Village Junction Cam 5620,13.031984,77.574136,Active,48211000000072966
Bengaluru Urban Residential Area Cam 5621,13.036042,77.568537,Active,48211000000072966
Bengaluru Urban Village Junction Cam 5622,13.034775,77.572074,Active,48211000000072966
Bengaluru Urban Tourist Point Cam 5623,13.03317,77.574488,Active,48211000000072966
Bengaluru Urban Bus Stand Cam 5624,13.084552,77.698578,Active,48211000000072964
Bengaluru Urban Police Station Cam 5625,13.08131,77.698043,Active,48211000000072964
Bengaluru Urban School Cam 5626,13.086119,77.698784,Active,48211000000072964
Bengaluru Urban Railway Station Cam 5627,13.085243,77.695068,Active,48211000000072964
Bengaluru Urban Village Junction Cam 5628,13.081314,77.697225,Active,48211000000072964
Bengaluru Urban School Cam 5629,13.082899,77.694225,Active,48211000000072964
Bengaluru Urban Highway Junction Cam 5630,13.083844,77.693398,Active,48211000000072964
Bengaluru Urban Bus Stand Cam 5631,13.08626,77.691876,Active,48211000000072964
Bengaluru Urban Bus Stand Cam 5632,12.917238,77.606163,Active,48211000000072966
Bengaluru Urban Highway Junction Cam 5633,12.916517,77.608622,Active,48211000000072966
Bengaluru Urban Bus Stand Cam 5634,12.917756,77.60828,Active,48211000000072966
Bengaluru Urban Highway Junction Cam 5635,12.919477,77.607853,Active,48211000000072966
Bengaluru Urban Highway Junction Cam 5636,12.920307,77.608612,Active,48211000000072966
Bengaluru Urban Major Town Center Cam 5637,12.918299,77.60564,Active,48211000000072966
Bengaluru Urban Village Junction Cam 5638,13.120932,77.730508,Active,48211000000072964
Bengaluru Urban Residential Area Cam 5639,13.127704,77.73254,Active,48211000000072964
Bengaluru Urban Bus Stand Cam 5640,13.122337,77.729291,Active,48211000000072964
Bengaluru Urban Major Town Center Cam 5641,13.128079,77.72736,Active,48211000000072964
Bengaluru Urban Village Junction Cam 5642,13.123113,77.725869,Active,48211000000072964
Bengaluru Urban Residential Area Cam 5643,13.127551,77.727008,Active,48211000000072964
Bengaluru Urban Industrial Area Cam 5644,13.126749,77.725802,Active,48211000000072964
Bengaluru Urban School Cam 5645,12.953329,77.586659,Active,48211000000072966
Bengaluru Urban Railway Station Cam 5646,12.95414,77.58484,Active,48211000000072966
Bengaluru Urban Village Junction Cam 5647,12.951062,77.588156,Active,48211000000072966
Bengaluru Urban Village Junction Cam 5648,12.949415,77.590198,Active,48211000000072966
Bengaluru Urban Railway Station Cam 5649,13.055933,77.713683,Active,48211000000072964
Bengaluru Urban Bus Stand Cam 5650,13.05674,77.709448,Active,48211000000072964
Bengaluru Urban Bus Stand Cam 5651,13.053298,77.713857,Active,48211000000072964
Bengaluru Urban Bus Stand Cam 5652,13.053901,77.713228,Active,48211000000072964
Bengaluru Urban Highway Junction Cam 5653,13.057321,77.712695,Active,48211000000072964
Bengaluru Urban Railway Station Cam 5654,13.058484,77.710283,Active,48211000000072964
Bengaluru Urban Police Station Cam 5655,13.01039,77.606491,Active,48211000000072966
Bengaluru Urban Market Cam 5656,13.009822,77.609883,Active,48211000000072966
Bengaluru Urban Major Town Center Cam 5657,13.014307,77.609275,Active,48211000000072966
Bengaluru Urban Police Station Cam 5658,13.012781,77.60844,Active,48211000000072966
Bengaluru Urban School Cam 5659,13.014589,77.606116,Active,48211000000072966
Bengaluru Urban Government Office Cam 5660,13.008587,77.606263,Active,48211000000072966
Bengaluru Urban Major Town Center Cam 5661,13.009904,77.609724,Active,48211000000072966
Bengaluru Urban College Cam 5662,13.012348,77.60723,Active,48211000000072966
Bengaluru Urban Highway Junction Cam 5663,12.942906,77.467693,Active,48211000000072966
Bengaluru Urban Village Junction Cam 5664,12.945614,77.468555,Active,48211000000072966
Bengaluru Urban School Cam 5665,12.943456,77.461264,Active,48211000000072966
Bengaluru Urban Government Office Cam 5666,12.944127,77.465181,Active,48211000000072966
Bengaluru Urban School Cam 5667,12.945466,77.466187,Active,48211000000072966
Bengaluru Urban College Cam 5668,12.946751,77.461241,Active,48211000000072966
Bengaluru Urban Village Junction Cam 5669,12.947685,77.462585,Active,48211000000072966
Bengaluru Urban Major Town Center Cam 5670,12.949292,77.468529,Active,48211000000072966
Bengaluru Urban Government Office Cam 5671,12.743882,77.77579,Active,48211000000072963
Bengaluru Urban Industrial Area Cam 5672,12.74388,77.778437,Active,48211000000072963
Bengaluru Urban School Cam 5673,12.740113,77.776838,Active,48211000000072963
Bengaluru Urban Bus Stand Cam 5674,12.743009,77.77704,Active,48211000000072963
Bengaluru Urban Major Town Center Cam 5675,12.745326,77.775776,Active,48211000000072963
Bengaluru Urban School Cam 5676,12.746002,77.779114,Active,48211000000072963
Bengaluru Urban Tourist Point Cam 5677,12.971875,77.490044,Active,48211000000072966
Bengaluru Urban Highway Junction Cam 5678,12.968928,77.490256,Active,48211000000072966
Bengaluru Urban Village Junction Cam 5679,12.967388,77.490035,Active,48211000000072966
Bengaluru Urban Residential Area Cam 5680,12.968824,77.48938,Active,48211000000072966
Bengaluru Urban Market Cam 5681,12.972994,77.491475,Active,48211000000072966
Bengaluru Urban Highway Junction Cam 5682,12.973505,77.490623,Active,48211000000072966
Bengaluru Urban School Cam 5683,12.971882,77.493755,Active,48211000000072966
Bengaluru Urban Hospital Cam 5684,12.971705,77.488242,Active,48211000000072966
Bengaluru Urban Village Junction Cam 5685,12.818145,77.733997,Active,48211000000072963
Bengaluru Urban Bus Stand Cam 5686,12.810861,77.730633,Active,48211000000072963
Bengaluru Urban Police Station Cam 5687,12.816502,77.734615,Active,48211000000072963
Bengaluru Urban Railway Station Cam 5688,12.815165,77.733792,Active,48211000000072963
Bengaluru Urban Commercial Street Cam 5689,12.72047,77.600757,Active,48211000000072963
Bengaluru Urban School Cam 5690,12.720898,77.605601,Active,48211000000072963
Bengaluru Urban Hospital Cam 5691,12.721379,77.603061,Active,48211000000072963
Bengaluru Urban Hospital Cam 5692,12.717748,77.606067,Active,48211000000072963
Bengaluru Urban Village Junction Cam 5693,12.724162,77.60182,Active,48211000000072963
Bengaluru Urban School Cam 5694,13.007842,77.665603,Active,48211000000072964
Bengaluru Urban School Cam 5695,13.01123,77.66748,Active,48211000000072964
Bengaluru Urban Village Junction Cam 5696,13.009164,77.671463,Active,48211000000072964
Bengaluru Urban Major Town Center Cam 5697,13.010433,77.667285,Active,48211000000072964
Bengaluru Urban Hospital Cam 5698,13.008451,77.669093,Active,48211000000072964
Bengaluru Urban Railway Station Cam 5699,12.941945,77.641171,Active,48211000000072966
Bengaluru Urban Major Town Center Cam 5700,12.940075,77.64059,Active,48211000000072966
Bengaluru Urban Commercial Street Cam 5701,12.939466,77.640996,Active,48211000000072966
Bengaluru Urban Hospital Cam 5702,12.940701,77.639311,Active,48211000000072966
Bengaluru Urban Bus Stand Cam 5703,12.970911,77.668411,Active,48211000000072964
Bengaluru Urban Commercial Street Cam 5704,12.972056,77.662867,Active,48211000000072964
Bengaluru Urban Highway Junction Cam 5705,12.973118,77.668271,Active,48211000000072964
Bengaluru Urban School Cam 5706,12.971629,77.663302,Active,48211000000072964
Bengaluru Urban Police Station Cam 5707,12.970902,77.667566,Active,48211000000072964
Bengaluru Urban Railway Station Cam 5708,12.969969,77.669005,Active,48211000000072964
Bengaluru Urban Village Junction Cam 5709,12.971209,77.666753,Active,48211000000072964
Bengaluru Urban Police Station Cam 5710,12.972855,77.665671,Active,48211000000072964
Bengaluru Urban Market Cam 5711,13.038689,77.446392,Active,48211000000072962
Bengaluru Urban Police Station Cam 5712,13.039537,77.452942,Active,48211000000072962
Bengaluru Urban Major Town Center Cam 5713,13.039558,77.452659,Active,48211000000072962
Bengaluru Urban Police Station Cam 5714,13.045237,77.446973,Active,48211000000072962
Bengaluru Urban Railway Station Cam 5715,13.041634,77.44742,Active,48211000000072962
Bengaluru Urban Hospital Cam 5716,13.044335,77.45127,Active,48211000000072962
Bengaluru Urban Major Town Center Cam 5717,13.069311,77.742585,Active,48211000000072964
Bengaluru Urban Police Station Cam 5718,13.073753,77.737345,Active,48211000000072964
Bengaluru Urban Hospital Cam 5719,13.066813,77.738088,Active,48211000000072964
Bengaluru Urban Government Office Cam 5720,13.069481,77.742467,Active,48211000000072964
Bengaluru Urban Industrial Area Cam 5721,12.978392,77.771579,Active,48211000000072964
Bengaluru Urban School Cam 5722,12.97625,77.77296,Active,48211000000072964
Bengaluru Urban Government Office Cam 5723,12.975882,77.772182,Active,48211000000072964
Bengaluru Urban Highway Junction Cam 5724,12.979332,77.768402,Active,48211000000072964
Bengaluru Urban Highway Junction Cam 5725,12.976626,77.770895,Active,48211000000072964
Bengaluru Urban Residential Area Cam 5726,12.977917,77.773446,Active,48211000000072964
Bengaluru Urban Bus Stand Cam 5727,12.977177,77.772059,Active,48211000000072964
Bengaluru Urban School Cam 5728,12.975433,77.766071,Active,48211000000072964
Bengaluru Urban Industrial Area Cam 5729,13.16328,77.714422,Active,48211000000072964
Bengaluru Urban Police Station Cam 5730,13.158745,77.710334,Active,48211000000072964
Bengaluru Urban School Cam 5731,13.160425,77.713974,Active,48211000000072964
Bengaluru Urban Major Town Center Cam 5732,13.161804,77.710816,Active,48211000000072964
Bengaluru Urban Market Cam 5733,13.160569,77.714734,Active,48211000000072964
Bengaluru Urban Tourist Point Cam 5734,13.164493,77.708619,Active,48211000000072964
Bengaluru Urban Hospital Cam 5735,13.141871,77.643926,Active,48211000000072964
Bengaluru Urban Government Office Cam 5736,13.140134,77.649212,Active,48211000000072964
Bengaluru Urban Major Town Center Cam 5737,13.139253,77.646635,Active,48211000000072964
Bengaluru Urban Market Cam 5738,13.138853,77.647838,Active,48211000000072964
Bengaluru Urban Commercial Street Cam 5739,13.136756,77.64969,Active,48211000000072964
Bengaluru Urban Commercial Street Cam 5740,12.930669,77.562972,Active,48211000000072966
Bengaluru Urban Government Office Cam 5741,12.932861,77.564246,Active,48211000000072966
Bengaluru Urban Bus Stand Cam 5742,12.934092,77.562119,Active,48211000000072966
Bengaluru Urban Market Cam 5743,12.934027,77.563453,Active,48211000000072966
Bengaluru Urban Village Junction Cam 5744,12.931777,77.564894,Active,48211000000072966
Bengaluru Urban Market Cam 5745,12.928626,77.56543,Active,48211000000072966
Bengaluru Urban Market Cam 5746,12.928327,77.560627,Active,48211000000072966
Bengaluru Urban Residential Area Cam 5747,12.80025,77.695562,Active,48211000000072963
Bengaluru Urban Tourist Point Cam 5748,12.803166,77.696734,Active,48211000000072963
Bengaluru Urban Market Cam 5749,12.800016,77.697203,Active,48211000000072963
Bengaluru Urban Major Town Center Cam 5750,12.805856,77.696692,Active,48211000000072963
Bengaluru Urban Village Junction Cam 5751,12.801833,77.69918,Active,48211000000072963
Bengaluru Urban Highway Junction Cam 5752,12.957055,77.683002,Active,48211000000072964
Bengaluru Urban Village Junction Cam 5753,12.957549,77.681407,Active,48211000000072964
Bengaluru Urban School Cam 5754,12.961096,77.678831,Active,48211000000072964
Bengaluru Urban Industrial Area Cam 5755,12.960165,77.683848,Active,48211000000072964
Bengaluru Urban Industrial Area Cam 5756,12.955277,77.678903,Active,48211000000072964
Bengaluru Urban Market Cam 5757,13.085653,77.578059,Active,48211000000072962
Bengaluru Urban Railway Station Cam 5758,13.085596,77.576722,Active,48211000000072962
Bengaluru Urban Tourist Point Cam 5759,13.0821,77.581797,Active,48211000000072962
Bengaluru Urban Village Junction Cam 5760,13.085218,77.576655,Active,48211000000072962
Bengaluru Urban School Cam 5761,13.085151,77.576316,Active,48211000000072962
Bengaluru Urban Hospital Cam 5762,13.084784,77.579347,Active,48211000000072962
Bengaluru Urban Major Town Center Cam 5763,13.114932,77.531543,Active,48211000000072962
Bengaluru Urban School Cam 5764,13.112118,77.538738,Active,48211000000072962
Bengaluru Urban Bus Stand Cam 5765,13.112203,77.535144,Active,48211000000072962
Bengaluru Urban Commercial Street Cam 5766,13.116249,77.535206,Active,48211000000072962
Bengaluru Urban Residential Area Cam 5767,13.121633,77.689144,Active,48211000000072964
Bengaluru Urban Industrial Area Cam 5768,13.119973,77.686485,Active,48211000000072964
Bengaluru Urban Railway Station Cam 5769,13.123927,77.688838,Active,48211000000072964
Bengaluru Urban Residential Area Cam 5770,13.120376,77.686925,Active,48211000000072964
Bengaluru Urban Major Town Center Cam 5771,13.125554,77.687983,Active,48211000000072964
Bengaluru Urban Tourist Point Cam 5772,13.119834,77.68668,Active,48211000000072964
Bengaluru Urban Village Junction Cam 5773,13.118302,77.687043,Active,48211000000072964
Bengaluru Urban Police Station Cam 5774,12.802382,77.552075,Active,48211000000072966
Bengaluru Urban Village Junction Cam 5775,12.801336,77.551973,Active,48211000000072966
Bengaluru Urban College Cam 5776,12.807297,77.554964,Active,48211000000072966
Bengaluru Urban Bus Stand Cam 5777,12.806022,77.556429,Active,48211000000072966
Bengaluru Urban Hospital Cam 5778,12.960375,77.55949,Active,48211000000072966
Bengaluru Urban Police Station Cam 5779,12.961909,77.559456,Active,48211000000072966
Bengaluru Urban Police Station Cam 5780,12.963111,77.55485,Active,48211000000072966
Bengaluru Urban Police Station Cam 5781,12.95804,77.552374,Active,48211000000072966
Bengaluru Urban Government Office Cam 5782,12.963075,77.556226,Active,48211000000072966
Bengaluru Urban Railway Station Cam 5783,12.959414,77.554357,Active,48211000000072966
Bengaluru Urban Village Junction Cam 5784,12.96131,77.554392,Active,48211000000072966
Bengaluru Urban Village Junction Cam 5785,12.961504,77.551971,Active,48211000000072966
Bengaluru Urban Village Junction Cam 5786,12.72293,77.650918,Active,48211000000072963
Bengaluru Urban Village Junction Cam 5787,12.721298,77.647753,Active,48211000000072963
Bengaluru Urban Commercial Street Cam 5788,12.719411,77.645392,Active,48211000000072963
Bengaluru Urban Market Cam 5789,12.725681,77.647102,Active,48211000000072963
Bengaluru Urban Highway Junction Cam 5790,12.722441,77.647783,Active,48211000000072963
Bengaluru Urban Government Office Cam 5791,12.720666,77.651137,Active,48211000000072963
Bengaluru Urban Police Station Cam 5792,12.722914,77.648191,Active,48211000000072963
Bengaluru Urban Residential Area Cam 5793,13.050708,77.590947,Active,48211000000072966
Bengaluru Urban College Cam 5794,13.043543,77.587652,Active,48211000000072966
Bengaluru Urban Police Station Cam 5795,13.046948,77.5912,Active,48211000000072966
Bengaluru Urban Police Station Cam 5796,13.049239,77.587922,Active,48211000000072966
Bengaluru Urban Highway Junction Cam 5797,13.050184,77.589073,Active,48211000000072966
Bengaluru Urban Major Town Center Cam 5798,13.045776,77.586103,Active,48211000000072966
Bengaluru Urban Bus Stand Cam 5799,13.045348,77.583699,Active,48211000000072966
Bengaluru Urban Village Junction Cam 5800,12.949815,77.503278,Active,48211000000072966
Bengaluru Urban Market Cam 5801,12.950727,77.503824,Active,48211000000072966
Bengaluru Urban Highway Junction Cam 5802,12.949775,77.502287,Active,48211000000072966
Bengaluru Urban School Cam 5803,12.953709,77.505732,Active,48211000000072966
Bengaluru Urban School Cam 5804,12.94911,77.507273,Active,48211000000072966
Bengaluru Urban College Cam 5805,12.89579,77.376754,Active,48211000000072965
Bengaluru Urban Village Junction Cam 5806,12.896264,77.37649,Active,48211000000072965
Bengaluru Urban Industrial Area Cam 5807,12.897911,77.37143,Active,48211000000072965
Bengaluru Urban College Cam 5808,12.898816,77.374113,Active,48211000000072965
Bengaluru Urban School Cam 5809,12.897432,77.375833,Active,48211000000072965
Bengaluru Urban Market Cam 5810,12.903025,77.375489,Active,48211000000072965
Bengaluru Urban Market Cam 5811,13.100962,77.467555,Active,48211000000072962
Bengaluru Urban College Cam 5812,13.106345,77.470769,Active,48211000000072962
Bengaluru Urban College Cam 5813,13.102188,77.467168,Active,48211000000072962
Bengaluru Urban Village Junction Cam 5814,13.099797,77.467209,Active,48211000000072962
Bengaluru Urban Railway Station Cam 5815,13.106603,77.470577,Active,48211000000072962
Bengaluru Urban Bus Stand Cam 5816,13.099892,77.466841,Active,48211000000072962
Bengaluru Urban Police Station Cam 5817,13.102545,77.471682,Active,48211000000072962
Bengaluru Urban Government Office Cam 5818,12.88551,77.523854,Active,48211000000072966
Bengaluru Urban College Cam 5819,12.886452,77.524986,Active,48211000000072966
Bengaluru Urban Industrial Area Cam 5820,12.886556,77.518991,Active,48211000000072966
Bengaluru Urban Village Junction Cam 5821,12.881642,77.520649,Active,48211000000072966
Bengaluru Urban Railway Station Cam 5822,12.881979,77.519838,Active,48211000000072966
Bengaluru Urban Major Town Center Cam 5823,12.885076,77.524939,Active,48211000000072966
Bengaluru Urban Market Cam 5824,12.786494,77.620868,Active,48211000000072966
Bengaluru Urban Village Junction Cam 5825,12.784729,77.621174,Active,48211000000072966
Bengaluru Urban Highway Junction Cam 5826,12.787438,77.623918,Active,48211000000072966
Bengaluru Urban Village Junction Cam 5827,12.785418,77.626517,Active,48211000000072966
Bengaluru Urban Commercial Street Cam 5828,12.786339,77.619817,Active,48211000000072966
Bengaluru Urban School Cam 5829,12.781905,77.621151,Active,48211000000072966
Bengaluru Urban Highway Junction Cam 5830,12.828677,77.461512,Active,48211000000072965
Bengaluru Urban Village Junction Cam 5831,12.823512,77.456992,Active,48211000000072965
Bengaluru Urban Government Office Cam 5832,12.828549,77.458652,Active,48211000000072965
Bengaluru Urban Government Office Cam 5833,12.829045,77.45661,Active,48211000000072965
Bengaluru Urban Market Cam 5834,12.828792,77.45549,Active,48211000000072965
Bengaluru Urban Commercial Street Cam 5835,13.046035,77.658161,Active,48211000000072964
Bengaluru Urban Residential Area Cam 5836,13.047215,77.663725,Active,48211000000072964
Bengaluru Urban Commercial Street Cam 5837,13.050804,77.661532,Active,48211000000072964
Bengaluru Urban Government Office Cam 5838,13.047264,77.657977,Active,48211000000072964
Bengaluru Urban College Cam 5839,13.052844,77.661363,Active,48211000000072964
Bengaluru Urban Residential Area Cam 5840,13.095182,77.51102,Active,48211000000072962
Bengaluru Urban School Cam 5841,13.096698,77.510282,Active,48211000000072962
Bengaluru Urban Government Office Cam 5842,13.095233,77.515674,Active,48211000000072962
Bengaluru Urban Major Town Center Cam 5843,13.097195,77.51161,Active,48211000000072962
Bengaluru Urban Railway Station Cam 5844,13.0961,77.517639,Active,48211000000072962
Bengaluru Urban Police Station Cam 5845,13.094917,77.510551,Active,48211000000072962
Belagavi Bus Stand Cam 5846,16.098199,74.727948,Active,48211000000072957
Belagavi Village Junction Cam 5847,16.094522,74.722825,Active,48211000000072957
Belagavi Government Office Cam 5848,16.947086,75.302858,Active,48211000000072949
Belagavi Bus Stand Cam 5849,16.946463,75.306116,Active,48211000000072949
Belagavi Village Junction Cam 5850,16.941605,75.308591,Active,48211000000072949
Belagavi Village Junction Cam 5851,15.823324,75.439587,Active,48211000000072947
Belagavi Market Cam 5852,15.820518,75.44245,Active,48211000000072947
Belagavi Commercial Street Cam 5853,15.413759,74.481101,Active,48211000000072950
Belagavi Government Office Cam 5854,15.411952,74.479505,Active,48211000000072950
Belagavi College Cam 5855,15.417248,74.48393,Active,48211000000072950
Belagavi Highway Junction Cam 5856,16.701774,74.749902,Active,48211000000072960
Belagavi Village Junction Cam 5857,16.703211,74.74976,Active,48211000000072960
Belagavi Police Station Cam 5858,16.707675,74.749517,Active,48211000000072960
Belagavi Residential Area Cam 5859,16.706039,74.751091,Active,48211000000072960
Belagavi Hospital Cam 5860,16.703338,74.746051,Active,48211000000072960
Belagavi Highway Junction Cam 5861,16.502611,74.296485,Active,48211000000072948
Belagavi Hospital Cam 5862,16.500286,74.299408,Active,48211000000072948
Belagavi Government Office Cam 5863,16.502374,74.296273,Active,48211000000072948
Belagavi Tourist Point Cam 5864,16.500955,74.296693,Active,48211000000072948
Belagavi Highway Junction Cam 5865,16.500922,74.299701,Active,48211000000072948
Belagavi Highway Junction Cam 5866,16.253282,75.168641,Active,48211000000072955
Belagavi Police Station Cam 5867,16.251084,75.172234,Active,48211000000072955
Belagavi Village Junction Cam 5868,16.251194,75.170573,Active,48211000000072955
Belagavi Market Cam 5869,16.248497,75.16632,Active,48211000000072955
Belagavi Commercial Street Cam 5870,16.248267,75.167804,Active,48211000000072955
Belagavi Government Office Cam 5871,15.66745,75.009255,Active,48211000000072958
Belagavi Railway Station Cam 5872,15.67154,75.013997,Active,48211000000072958
Belagavi Village Junction Cam 5873,15.67244,75.014323,Active,48211000000072958
Belagavi Village Junction Cam 5874,15.67369,75.014027,Active,48211000000072958
Belagavi Market Cam 5875,15.741375,74.1885,Active,48211000000072961
Belagavi Government Office Cam 5876,15.741851,74.188101,Active,48211000000072961
Belagavi Highway Junction Cam 5877,15.738688,74.186506,Active,48211000000072961
Belagavi Market Cam 5878,15.738289,74.182614,Active,48211000000072961
Belagavi School Cam 5879,15.736099,74.18442,Active,48211000000072961
Belagavi Residential Area Cam 5880,15.769159,74.564481,Active,48211000000072952
Belagavi Tourist Point Cam 5881,15.770716,74.570207,Active,48211000000072952
Belagavi Major Town Center Cam 5882,15.774071,74.570889,Active,48211000000072952
Belagavi Government Office Cam 5883,16.642219,75.121499,Active,48211000000072959
Belagavi Major Town Center Cam 5884,16.644495,75.121125,Active,48211000000072959
Belagavi Tourist Point Cam 5885,16.640908,75.12087,Active,48211000000072959
Belagavi Tourist Point Cam 5886,16.639929,75.121439,Active,48211000000072959
Belagavi Bus Stand Cam 5887,16.639469,75.120181,Active,48211000000072959
Belagavi Police Station Cam 5888,16.642267,75.126765,Active,48211000000072959
Belagavi Bus Stand Cam 5889,16.051143,74.396818,Active,48211000000072952
Belagavi Residential Area Cam 5890,16.0501,74.395511,Active,48211000000072952
Belagavi Government Office Cam 5891,16.052467,74.391719,Active,48211000000072952
Belagavi Residential Area Cam 5892,16.399064,74.834009,Active,48211000000072951
Belagavi Police Station Cam 5893,16.398829,74.835037,Active,48211000000072951
Belagavi Bus Stand Cam 5894,16.397841,74.835021,Active,48211000000072951
Belagavi Village Junction Cam 5895,16.915745,74.966093,Active,48211000000072954
Belagavi Market Cam 5896,16.913551,74.961136,Active,48211000000072954
Belagavi Government Office Cam 5897,16.912772,74.965663,Active,48211000000072954
Belagavi Highway Junction Cam 5898,16.911214,74.961685,Active,48211000000072954
Belagavi School Cam 5899,15.958051,75.08363,Active,48211000000072947
Belagavi Bus Stand Cam 5900,15.960048,75.082942,Active,48211000000072947
Belagavi Village Junction Cam 5901,15.963182,75.084893,Active,48211000000072947
Belagavi Major Town Center Cam 5902,15.517992,74.757123,Active,48211000000072953
Belagavi Railway Station Cam 5903,15.513295,74.755249,Active,48211000000072953
Belagavi Major Town Center Cam 5904,15.514103,74.758816,Active,48211000000072953
Belagavi Government Office Cam 5905,16.348246,74.543603,Active,48211000000072956
Belagavi Residential Area Cam 5906,16.349845,74.542957,Active,48211000000072956
Belagavi School Cam 5907,16.348044,74.541194,Active,48211000000072956
Belagavi Bus Stand Cam 5908,16.344245,74.541403,Active,48211000000072956
Belagavi Village Junction Cam 5909,16.348057,74.5485,Active,48211000000072956
Belagavi Railway Station Cam 5910,16.344708,74.542043,Active,48211000000072956
Belagavi Hospital Cam 5911,16.088719,75.403225,Active,48211000000072955
Belagavi Major Town Center Cam 5912,16.089145,75.403904,Active,48211000000072955
Belagavi Police Station Cam 5913,16.093688,75.408153,Active,48211000000072955
Belagavi Bus Stand Cam 5914,16.59975,74.527506,Active,48211000000072960
Belagavi College Cam 5915,16.602297,74.529943,Active,48211000000072960
Belagavi Market Cam 5916,16.602916,74.527789,Active,48211000000072960
Belagavi Village Junction Cam 5917,16.601047,74.525697,Active,48211000000072960
Belagavi School Cam 5918,16.603317,74.52601,Active,48211000000072960
Belagavi Residential Area Cam 5919,16.601606,74.528182,Active,48211000000072960
Belagavi Market Cam 5920,15.660224,75.262924,Active,48211000000072947
Belagavi Market Cam 5921,15.658429,75.259048,Active,48211000000072947
Belagavi Industrial Area Cam 5922,15.660863,75.262008,Active,48211000000072947
Belagavi Residential Area Cam 5923,15.66433,75.260002,Active,48211000000072947
Belagavi Commercial Street Cam 5924,15.66455,75.262368,Active,48211000000072947
Belagavi Government Office Cam 5925,16.172034,74.923868,Active,48211000000072957
Belagavi Market Cam 5926,16.179328,74.924557,Active,48211000000072957
Belagavi Railway Station Cam 5927,16.172661,74.926212,Active,48211000000072957
Belagavi Village Junction Cam 5928,15.914975,74.832074,Active,48211000000072958
Belagavi College Cam 5929,15.91087,74.835078,Active,48211000000072958
Belagavi Bus Stand Cam 5930,15.910877,74.835412,Active,48211000000072958
Belagavi Highway Junction Cam 5931,15.917109,74.833119,Active,48211000000072958
Belagavi School Cam 5932,15.915288,74.839545,Active,48211000000072958
Belagavi Highway Junction Cam 5933,15.914028,74.833985,Active,48211000000072958
Belagavi School Cam 5934,15.638833,74.397984,Active,48211000000072950
Belagavi Highway Junction Cam 5935,15.635201,74.403036,Active,48211000000072950
Belagavi School Cam 5936,15.635344,74.401698,Active,48211000000072950
Belagavi Bus Stand Cam 5937,15.637761,74.402694,Active,48211000000072950
Belagavi Railway Station Cam 5938,16.743128,75.357689,Active,48211000000072949
Belagavi Bus Stand Cam 5939,16.738957,75.357384,Active,48211000000072949
Belagavi Market Cam 5940,16.741745,75.35745,Active,48211000000072949
Belagavi Commercial Street Cam 5941,16.741333,75.356158,Active,48211000000072949
Belagavi Residential Area Cam 5942,16.742749,75.357947,Active,48211000000072949
Belagavi Market Cam 5943,16.737279,75.355966,Active,48211000000072949
Belagavi Commercial Street Cam 5944,16.422908,75.056643,Active,48211000000072959
Belagavi School Cam 5945,16.42265,75.059101,Active,48211000000072959
Belagavi Highway Junction Cam 5946,16.417976,75.05522,Active,48211000000072959
Belagavi Highway Junction Cam 5947,16.419983,75.054637,Active,48211000000072959
Belagavi Highway Junction Cam 5948,16.421977,75.055198,Active,48211000000072959
Belagavi Market Cam 5949,15.718184,74.771095,Active,48211000000072958
Belagavi Government Office Cam 5950,15.720523,74.771386,Active,48211000000072958
Belagavi Industrial Area Cam 5951,15.718245,74.778844,Active,48211000000072958
Belagavi Government Office Cam 5952,15.825534,74.374747,Active,48211000000072961
Belagavi Village Junction Cam 5953,15.829572,74.37584,Active,48211000000072961
Belagavi Village Junction Cam 5954,15.829183,74.376814,Active,48211000000072961
Belagavi Government Office Cam 5955,15.828962,74.380562,Active,48211000000072961
Belagavi Bus Stand Cam 5956,15.826097,74.379354,Active,48211000000072961
Belagavi Residential Area Cam 5957,15.830798,74.375974,Active,48211000000072961
Belagavi Government Office Cam 5958,16.837728,75.13795,Active,48211000000072954
Belagavi Bus Stand Cam 5959,16.835098,75.144661,Active,48211000000072954
Belagavi College Cam 5960,16.835111,75.139333,Active,48211000000072954
Belagavi Commercial Street Cam 5961,16.837727,75.14386,Active,48211000000072954
Belagavi Police Station Cam 5962,16.83643,75.145118,Active,48211000000072954
Belagavi Highway Junction Cam 5963,15.96075,74.573857,Active,48211000000072952
Belagavi Village Junction Cam 5964,15.961183,74.578334,Active,48211000000072952
Belagavi Commercial Street Cam 5965,15.962883,74.578431,Active,48211000000072952
Belagavi Commercial Street Cam 5966,15.960098,74.577578,Active,48211000000072952
Belagavi Market Cam 5967,15.963225,74.579853,Active,48211000000072952
Belagavi Village Junction Cam 5968,16.679263,74.937541,Active,48211000000072954
Belagavi Residential Area Cam 5969,16.686491,74.940472,Active,48211000000072954
Belagavi Industrial Area Cam 5970,16.679416,74.9333,Active,48211000000072954
Belagavi Market Cam 5971,16.681748,74.937908,Active,48211000000072954
Belagavi School Cam 5972,16.68659,74.934521,Active,48211000000072954
Belagavi Village Junction Cam 5973,15.912924,75.282392,Active,48211000000072947
Belagavi Commercial Street Cam 5974,15.913523,75.28294,Active,48211000000072947
Belagavi Police Station Cam 5975,15.918216,75.2847,Active,48211000000072947
Belagavi Industrial Area Cam 5976,16.526133,74.693847,Active,48211000000072960
Belagavi School Cam 5977,16.523355,74.688735,Active,48211000000072960
Belagavi Industrial Area Cam 5978,16.518848,74.693912,Active,48211000000072960
Belagavi Highway Junction Cam 5979,16.525413,74.691691,Active,48211000000072960
Belagavi Commercial Street Cam 5980,16.523912,74.687613,Active,48211000000072960
Belagavi Major Town Center Cam 5981,15.795918,75.136147,Active,48211000000072947
Belagavi Highway Junction Cam 5982,15.793809,75.133367,Active,48211000000072947
Belagavi Residential Area Cam 5983,15.790012,75.133346,Active,48211000000072947
Belagavi Police Station Cam 5984,15.796062,75.133084,Active,48211000000072947
Belagavi Major Town Center Cam 5985,16.084059,75.223885,Active,48211000000072955
Belagavi Highway Junction Cam 5986,16.082703,75.217314,Active,48211000000072955
Belagavi Highway Junction Cam 5987,16.085274,75.218723,Active,48211000000072955
Belagavi Railway Station Cam 5988,16.082684,75.217793,Active,48211000000072955
Belagavi Residential Area Cam 5989,16.087933,75.223656,Active,48211000000072955
Belagavi Bus Stand Cam 5990,16.083431,75.219628,Active,48211000000072955
Belagavi Highway Junction Cam 5991,16.341827,74.348685,Active,48211000000072948
Belagavi Tourist Point Cam 5992,16.340128,74.34942,Active,48211000000072948
Belagavi Highway Junction Cam 5993,16.345375,74.346351,Active,48211000000072948
Belagavi Village Junction Cam 5994,15.54604,74.593613,Active,48211000000072953
Belagavi Tourist Point Cam 5995,15.550117,74.597811,Active,48211000000072953
Belagavi Highway Junction Cam 5996,15.548542,74.597952,Active,48211000000072953
Belagavi Commercial Street Cam 5997,15.548485,74.595167,Active,48211000000072953
Belagavi Hospital Cam 5998,15.548393,74.596069,Active,48211000000072953
Belagavi School Cam 5999,16.167014,74.501802,Active,48211000000072956
Belagavi School Cam 6000,16.168109,74.499659,Active,48211000000072956
