CameraName,Latitude,Longitude,Status,UnitId
Belagavi Bus Stand Cam 6001,16.167558,74.500582,Active,48211000000072956
Belagavi Market Cam 6002,16.169152,74.50137,Active,48211000000072956
Belagavi Village Junction Cam 6003,16.16572,74.497595,Active,48211000000072956
Belagavi Commercial Street Cam 6004,15.585222,74.257978,Active,48211000000072950
Belagavi Residential Area Cam 6005,15.587378,74.256118,Active,48211000000072950
Belagavi Market Cam 6006,16.527156,74.936237,Active,48211000000072951
Belagavi Police Station Cam 6007,16.532772,74.939874,Active,48211000000072951
Belagavi Police Station Cam 6008,16.526716,74.934361,Active,48211000000072951
Belagavi Highway Junction Cam 6009,16.528716,74.933097,Active,48211000000072951
Belagavi College Cam 6010,16.528712,74.932208,Active,48211000000072951
Belagavi Bus Stand Cam 6011,16.526314,74.937571,Active,48211000000072951
Belagavi Commercial Street Cam 6012,16.127216,75.07399,Active,48211000000072957
Belagavi Tourist Point Cam 6013,16.125851,75.078045,Active,48211000000072957
Belagavi Residential Area Cam 6014,15.401222,74.629847,Active,48211000000072953
Belagavi Residential Area Cam 6015,15.400077,74.622861,Active,48211000000072953
Belagavi Major Town Center Cam 6016,15.394667,74.622851,Active,48211000000072953
Belagavi Police Station Cam 6017,15.40211,74.622752,Active,48211000000072953
Belagavi School Cam 6018,16.310972,74.724758,Active,48211000000072956
Belagavi Bus Stand Cam 6019,16.311108,74.722371,Active,48211000000072956
Belagavi Bus Stand Cam 6020,16.320486,74.958877,Active,48211000000072951
Belagavi Police Station Cam 6021,16.320204,74.954842,Active,48211000000072951
Belagavi Village Junction Cam 6022,16.322501,74.959231,Active,48211000000072951
Belagavi Industrial Area Cam 6023,16.030734,74.903247,Active,48211000000072957
Belagavi Highway Junction Cam 6024,16.035747,74.908626,Active,48211000000072957
Belagavi College Cam 6025,16.03647,74.90489,Active,48211000000072957
Belagavi Bus Stand Cam 6026,16.034926,74.902001,Active,48211000000072957
Belagavi Railway Station Cam 6027,16.034921,74.903887,Active,48211000000072957
Belagavi School Cam 6028,16.033842,74.908956,Active,48211000000072957
Belagavi College Cam 6029,15.838082,74.951791,Active,48211000000072958
Belagavi School Cam 6030,15.841183,74.94849,Active,48211000000072958
Belagavi School Cam 6031,15.839129,74.949792,Active,48211000000072958
Belagavi Major Town Center Cam 6032,16.508416,74.433494,Active,48211000000072948
Belagavi Bus Stand Cam 6033,16.508368,74.43399,Active,48211000000072948
Belagavi Hospital Cam 6034,15.9426,74.704288,Active,48211000000072952
Belagavi Market Cam 6035,15.939807,74.707708,Active,48211000000072952
Belagavi Railway Station Cam 6036,16.657459,75.255376,Active,48211000000072959
Belagavi Government Office Cam 6037,16.659841,75.256019,Active,48211000000072959
Belagavi Highway Junction Cam 6038,16.654873,75.25614,Active,48211000000072959
Belagavi Police Station Cam 6039,16.653056,75.256799,Active,48211000000072959
Belagavi Industrial Area Cam 6040,16.659134,75.252748,Active,48211000000072959
Belagavi Residential Area Cam 6041,16.655565,75.257213,Active,48211000000072959
Belagavi Police Station Cam 6042,16.224712,74.614954,Active,48211000000072956
Belagavi Village Junction Cam 6043,16.222227,74.617832,Active,48211000000072956
Belagavi Major Town Center Cam 6044,16.22248,74.616477,Active,48211000000072956
Belagavi Commercial Street Cam 6045,16.221083,74.615833,Active,48211000000072956
Belagavi Police Station Cam 6046,16.222548,74.620709,Active,48211000000072956
Belagavi Market Cam 6047,16.2217,74.620173,Active,48211000000072956
Belagavi Market Cam 6048,16.583388,74.816344,Active,48211000000072960
Belagavi Industrial Area Cam 6049,16.585602,74.813632,Active,48211000000072960
Belagavi Bus Stand Cam 6050,16.583714,74.814192,Active,48211000000072960
Belagavi College Cam 6051,16.581717,74.816752,Active,48211000000072960
Belagavi Government Office Cam 6052,15.786444,75.303172,Active,48211000000072947
Belagavi Market Cam 6053,15.786717,75.302022,Active,48211000000072947
Belagavi College Cam 6054,15.788361,75.300792,Active,48211000000072947
Belagavi School Cam 6055,15.786444,75.303172,Active,48211000000072947
Belagavi Bus Stand Cam 6056,15.786444,75.303172,Active,48211000000072947
Belagavi Government Office Cam 6057,15.784103,75.302252,Active,48211000000072947
Belagavi Village Junction Cam 6058,16.787279,75.014817,Active,48211000000072954
Belagavi Industrial Area Cam 6059,16.788384,75.013338,Active,48211000000072954
Belagavi Village Junction Cam 6060,16.781962,75.016132,Active,48211000000072954
Belagavi Tourist Point Cam 6061,16.786273,75.013845,Active,48211000000072954
Belagavi Residential Area Cam 6062,15.616103,74.821401,Active,48211000000072953
Belagavi Bus Stand Cam 6063,15.613031,74.820518,Active,48211000000072953
Belagavi Police Station Cam 6064,15.610998,74.824685,Active,48211000000072953
Belagavi Government Office Cam 6065,15.615531,74.822335,Active,48211000000072953
Belagavi Railway Station Cam 6066,15.610454,74.823639,Active,48211000000072953
Belagavi Village Junction Cam 6067,15.616962,74.824418,Active,48211000000072953
Belagavi Bus Stand Cam 6068,15.669658,75.144197,Active,48211000000072947
Belagavi Government Office Cam 6069,15.675701,75.144468,Active,48211000000072947
Belagavi Industrial Area Cam 6070,15.824817,74.669424,Active,48211000000072952
Belagavi School Cam 6071,15.825769,74.668785,Active,48211000000072952
Belagavi Highway Junction Cam 6072,15.828202,74.667397,Active,48211000000072952
Belagavi Industrial Area Cam 6073,15.823409,74.672555,Active,48211000000072952
Belagavi Market Cam 6074,15.822083,74.670303,Active,48211000000072952
Belagavi Market Cam 6075,15.824432,74.671366,Active,48211000000072952
Belagavi Government Office Cam 6076,15.874425,74.485892,Active,48211000000072952
Belagavi Major Town Center Cam 6077,15.867732,74.482881,Active,48211000000072952
Belagavi Market Cam 6078,15.868996,74.484976,Active,48211000000072952
Belagavi Residential Area Cam 6079,15.87048,74.484537,Active,48211000000072952
Belagavi Highway Junction Cam 6080,15.874624,74.481385,Active,48211000000072952
Belagavi Police Station Cam 6081,16.235291,75.039176,Active,48211000000072957
Belagavi College Cam 6082,16.239127,75.039487,Active,48211000000072957
Belagavi Major Town Center Cam 6083,16.238178,75.044231,Active,48211000000072957
Belagavi Residential Area Cam 6084,16.235035,75.041253,Active,48211000000072957
Belagavi Residential Area Cam 6085,16.185397,74.788927,Active,48211000000072957
Belagavi Government Office Cam 6086,16.189681,74.788191,Active,48211000000072957
Belagavi College Cam 6087,16.765488,75.238409,Active,48211000000072949
Belagavi Police Station Cam 6088,16.768417,75.239709,Active,48211000000072949
Belagavi Bus Stand Cam 6089,16.434357,74.612576,Active,48211000000072956
Belagavi Hospital Cam 6090,16.439326,74.60664,Active,48211000000072956
Belagavi College Cam 6091,16.441714,74.606439,Active,48211000000072956
Belagavi Residential Area Cam 6092,16.441121,74.609307,Active,48211000000072956
Belagavi Commercial Street Cam 6093,16.437681,74.607239,Active,48211000000072956
Belagavi Market Cam 6094,16.435222,74.612901,Active,48211000000072956
Belagavi School Cam 6095,16.068218,74.538362,Active,48211000000072952
Belagavi Bus Stand Cam 6096,16.069448,74.542218,Active,48211000000072952
Belagavi Market Cam 6097,15.529743,74.440126,Active,48211000000072950
Belagavi Village Junction Cam 6098,15.532104,74.440297,Active,48211000000072950
Belagavi Government Office Cam 6099,16.593965,75.028402,Active,48211000000072959
Belagavi Market Cam 6100,16.594119,75.028384,Active,48211000000072959
Belagavi Village Junction Cam 6101,16.01168,75.319963,Active,48211000000072955
Belagavi Major Town Center Cam 6102,16.012993,75.3267,Active,48211000000072955
Belagavi Bus Stand Cam 6103,16.014478,75.325586,Active,48211000000072955
Belagavi Village Junction Cam 6104,16.015788,75.322954,Active,48211000000072955
Belagavi Residential Area Cam 6105,15.72367,74.469431,Active,48211000000072961
Belagavi Bus Stand Cam 6106,15.716661,74.471141,Active,48211000000072961
Belagavi Police Station Cam 6107,15.717634,74.469298,Active,48211000000072961
Belagavi Commercial Street Cam 6108,15.717018,74.470398,Active,48211000000072961
Belagavi Residential Area Cam 6109,15.759786,74.887784,Active,48211000000072958
Belagavi Commercial Street Cam 6110,15.752377,74.885023,Active,48211000000072958
Belagavi School Cam 6111,16.274703,74.429875,Active,48211000000072956
Belagavi Major Town Center Cam 6112,16.276142,74.428498,Active,48211000000072956
Belagavi Hospital Cam 6113,16.27715,74.428851,Active,48211000000072956
Belagavi Highway Junction Cam 6114,16.277572,74.424374,Active,48211000000072956
Belagavi Bus Stand Cam 6115,16.848836,75.34318,Active,48211000000072949
Belagavi Residential Area Cam 6116,16.851226,75.346399,Active,48211000000072949
Belagavi Residential Area Cam 6117,16.846744,75.34223,Active,48211000000072949
Belagavi Highway Junction Cam 6118,16.846194,75.347783,Active,48211000000072949
Belagavi Government Office Cam 6119,16.847596,75.342179,Active,48211000000072949
Belagavi Commercial Street Cam 6120,16.844154,75.34834,Active,48211000000072949
Belagavi Bus Stand Cam 6121,16.540414,75.116767,Active,48211000000072959
Belagavi Industrial Area Cam 6122,16.539163,75.118721,Active,48211000000072959
Belagavi School Cam 6123,16.535388,75.112487,Active,48211000000072959
Belagavi Major Town Center Cam 6124,16.53383,75.114016,Active,48211000000072959
Belagavi Major Town Center Cam 6125,15.702374,74.647123,Active,48211000000072953
Belagavi Industrial Area Cam 6126,15.698215,74.644141,Active,48211000000072953
Belagavi Major Town Center Cam 6127,15.699003,74.646537,Active,48211000000072953
Belagavi Major Town Center Cam 6128,15.695194,74.643096,Active,48211000000072953
Belagavi Railway Station Cam 6129,15.701041,74.643044,Active,48211000000072953
Belagavi Police Station Cam 6130,15.70178,74.648562,Active,48211000000072953
Belagavi Market Cam 6131,16.422077,74.949479,Active,48211000000072951
Belagavi School Cam 6132,16.424974,74.94693,Active,48211000000072951
Belagavi Police Station Cam 6133,15.702601,74.325094,Active,48211000000072961
Belagavi Hospital Cam 6134,15.702804,74.324004,Active,48211000000072961
Belagavi Commercial Street Cam 6135,16.030497,74.645154,Active,48211000000072952
Belagavi Industrial Area Cam 6136,16.028794,74.649203,Active,48211000000072952
Belagavi Commercial Street Cam 6137,16.028626,74.644553,Active,48211000000072952
Belagavi Village Junction Cam 6138,16.030939,74.652019,Active,48211000000072952
Belagavi Commercial Street Cam 6139,16.029834,74.650705,Active,48211000000072952
Belagavi Major Town Center Cam 6140,16.031967,74.649446,Active,48211000000072952
Belagavi Market Cam 6141,16.037262,74.806162,Active,48211000000072957
Belagavi Bus Stand Cam 6142,16.039426,74.809607,Active,48211000000072957
Belagavi Police Station Cam 6143,16.035407,74.802462,Active,48211000000072957
Belagavi Market Cam 6144,16.038111,74.807281,Active,48211000000072957
Belagavi College Cam 6145,16.034879,74.802127,Active,48211000000072957
Belagavi Market Cam 6146,15.824866,74.764403,Active,48211000000072958
Belagavi Commercial Street Cam 6147,15.826043,74.761303,Active,48211000000072958
Belagavi Village Junction Cam 6148,15.869225,75.043493,Active,48211000000072947
Belagavi Commercial Street Cam 6149,15.869076,75.040832,Active,48211000000072947
Belagavi Railway Station Cam 6150,15.869965,75.04133,Active,48211000000072947
Belagavi Village Junction Cam 6151,15.872856,75.040269,Active,48211000000072947
Belagavi Bus Stand Cam 6152,15.964887,74.438807,Active,48211000000072952
Belagavi Major Town Center Cam 6153,15.964463,74.435895,Active,48211000000072952
Belagavi Bus Stand Cam 6154,15.963122,74.436283,Active,48211000000072952
Belagavi Highway Junction Cam 6155,16.904501,75.052834,Active,48211000000072954
Belagavi Government Office Cam 6156,16.901035,75.052576,Active,48211000000072954
Belagavi Industrial Area Cam 6157,16.899876,75.059474,Active,48211000000072954
Belagavi Tourist Point Cam 6158,16.90428,75.053152,Active,48211000000072954
Belagavi Railway Station Cam 6159,16.903356,75.060006,Active,48211000000072954
Belagavi School Cam 6160,16.41136,74.699517,Active,48211000000072956
Belagavi Highway Junction Cam 6161,16.41035,74.697877,Active,48211000000072956
Belagavi Major Town Center Cam 6162,16.407507,74.699995,Active,48211000000072956
Belagavi Hospital Cam 6163,16.405139,74.698425,Active,48211000000072956
Belagavi Police Station Cam 6164,16.365131,74.439496,Active,48211000000072956
Belagavi Village Junction Cam 6165,16.36375,74.438247,Active,48211000000072956
Belagavi Commercial Street Cam 6166,16.367856,74.436799,Active,48211000000072956
Belagavi Railway Station Cam 6167,16.366953,74.439745,Active,48211000000072956
Belagavi Market Cam 6168,16.367348,74.443812,Active,48211000000072956
Belagavi Village Junction Cam 6169,16.362809,74.437407,Active,48211000000072956
Belagavi Major Town Center Cam 6170,15.484857,74.670871,Active,48211000000072953
Belagavi Commercial Street Cam 6171,15.48994,74.666851,Active,48211000000072953
Belagavi Government Office Cam 6172,15.486677,74.671098,Active,48211000000072953
Belagavi Major Town Center Cam 6173,15.484578,74.669192,Active,48211000000072953
Belagavi Industrial Area Cam 6174,15.958339,74.955719,Active,48211000000072957
Belagavi Village Junction Cam 6175,15.957125,74.953143,Active,48211000000072957
Belagavi Government Office Cam 6176,15.961708,74.958692,Active,48211000000072957
Belagavi Bus Stand Cam 6177,16.856142,75.254552,Active,48211000000072949
Belagavi Highway Junction Cam 6178,16.857112,75.260001,Active,48211000000072949
Belagavi Highway Junction Cam 6179,16.852199,75.259527,Active,48211000000072949
Belagavi Police Station Cam 6180,15.755579,75.034636,Active,48211000000072958
Belagavi Market Cam 6181,15.756416,75.034162,Active,48211000000072958
Belagavi Government Office Cam 6182,15.75341,75.036838,Active,48211000000072958
Belagavi Commercial Street Cam 6183,15.756928,75.035252,Active,48211000000072958
Belagavi Residential Area Cam 6184,15.750965,75.037223,Active,48211000000072958
Belagavi Highway Junction Cam 6185,15.640598,74.5018,Active,48211000000072950
Belagavi Bus Stand Cam 6186,15.641957,74.495913,Active,48211000000072950
Belagavi Village Junction Cam 6187,15.642345,74.502415,Active,48211000000072950
Belagavi Tourist Point Cam 6188,15.636194,74.495839,Active,48211000000072950
Belagavi Village Junction Cam 6189,16.167101,75.182687,Active,48211000000072955
Belagavi Bus Stand Cam 6190,16.168179,75.187499,Active,48211000000072955
Belagavi Residential Area Cam 6191,16.164498,75.184758,Active,48211000000072955
Belagavi Police Station Cam 6192,16.165608,75.185847,Active,48211000000072955
Belagavi School Cam 6193,16.166987,75.184535,Active,48211000000072955
Belagavi Commercial Street Cam 6194,16.007942,75.427942,Active,48211000000072955
Belagavi College Cam 6195,16.00937,75.425973,Active,48211000000072955
Belagavi Hospital Cam 6196,16.007939,75.428527,Active,48211000000072955
Belagavi Police Station Cam 6197,16.00743,75.426662,Active,48211000000072955
Belagavi Village Junction Cam 6198,16.007939,75.428527,Active,48211000000072955
Belagavi School Cam 6199,16.200768,74.706184,Active,48211000000072957
Belagavi Major Town Center Cam 6200,16.205469,74.703941,Active,48211000000072957
Belagavi Market Cam 6201,16.203293,74.705055,Active,48211000000072957
Belagavi Highway Junction Cam 6202,16.260051,74.894085,Active,48211000000072957
Belagavi Industrial Area Cam 6203,16.26469,74.898656,Active,48211000000072957
Belagavi Village Junction Cam 6204,16.259947,74.900713,Active,48211000000072957
Belagavi Residential Area Cam 6205,16.258478,74.896353,Active,48211000000072957
Belagavi Government Office Cam 6206,16.264191,74.89447,Active,48211000000072957
Belagavi Residential Area Cam 6207,16.73137,74.871671,Active,48211000000072954
Belagavi Railway Station Cam 6208,16.730015,74.868798,Active,48211000000072954
Belagavi Police Station Cam 6209,15.988549,75.162204,Active,48211000000072947
Belagavi Highway Junction Cam 6210,15.983291,75.160711,Active,48211000000072947
Belagavi Market Cam 6211,15.983519,75.165256,Active,48211000000072947
Belagavi School Cam 6212,15.984467,75.161115,Active,48211000000072947
Belagavi Railway Station Cam 6213,15.9881,75.166827,Active,48211000000072947
Belagavi Commercial Street Cam 6214,16.545076,74.611833,Active,48211000000072956
Belagavi Village Junction Cam 6215,16.546152,74.614637,Active,48211000000072956
Belagavi Commercial Street Cam 6216,16.545489,74.613607,Active,48211000000072956
Belagavi Bus Stand Cam 6217,16.125958,74.600889,Active,48211000000072952
Belagavi Village Junction Cam 6218,16.122181,74.605168,Active,48211000000072952
Belagavi Market Cam 6219,16.122493,74.599043,Active,48211000000072952
Belagavi Railway Station Cam 6220,16.702513,75.03439,Active,48211000000072954
Belagavi Bus Stand Cam 6221,16.700787,75.033365,Active,48211000000072954
Belagavi Railway Station Cam 6222,16.701125,75.031942,Active,48211000000072954
Belagavi Residential Area Cam 6223,16.44657,74.494281,Active,48211000000072956
Belagavi Highway Junction Cam 6224,16.446642,74.49869,Active,48211000000072956
Belagavi Government Office Cam 6225,15.747633,74.391363,Active,48211000000072961
Belagavi Market Cam 6226,15.746396,74.387347,Active,48211000000072961
Belagavi Commercial Street Cam 6227,15.744183,74.393487,Active,48211000000072961
Belagavi Market Cam 6228,15.892395,75.362156,Active,48211000000072947
Belagavi Railway Station Cam 6229,15.891228,75.365626,Active,48211000000072947
Belagavi Government Office Cam 6230,15.888268,75.367353,Active,48211000000072947
Belagavi Major Town Center Cam 6231,15.889666,75.362444,Active,48211000000072947
Belagavi Police Station Cam 6232,15.889102,75.362445,Active,48211000000072947
Belagavi Industrial Area Cam 6233,15.892576,75.366626,Active,48211000000072947
Belagavi Residential Area Cam 6234,16.457213,74.370906,Active,48211000000072948
Belagavi Residential Area Cam 6235,16.456485,74.369941,Active,48211000000072948
Belagavi Residential Area Cam 6236,16.459617,74.370914,Active,48211000000072948
Belagavi Highway Junction Cam 6237,16.460359,74.366309,Active,48211000000072948
Belagavi Highway Junction Cam 6238,16.46046,74.372421,Active,48211000000072948
Belagavi Market Cam 6239,16.460759,74.367498,Active,48211000000072948
Belagavi Highway Junction Cam 6240,15.672605,74.901499,Active,48211000000072958
Belagavi Commercial Street Cam 6241,15.672266,74.902995,Active,48211000000072958
Belagavi Government Office Cam 6242,16.048417,75.068755,Active,48211000000072947
Belagavi Government Office Cam 6243,16.049178,75.072742,Active,48211000000072947
Belagavi Tourist Point Cam 6244,16.048907,75.066096,Active,48211000000072947
Belagavi Major Town Center Cam 6245,16.043746,75.073571,Active,48211000000072947
Belagavi Bus Stand Cam 6246,16.05037,75.071735,Active,48211000000072947
Belagavi Industrial Area Cam 6247,16.045342,75.073747,Active,48211000000072947
Belagavi Major Town Center Cam 6248,15.891118,75.127323,Active,48211000000072947
Belagavi Village Junction Cam 6249,15.889908,75.123778,Active,48211000000072947
Belagavi Police Station Cam 6250,15.895741,75.123817,Active,48211000000072947
Belagavi Hospital Cam 6251,15.890705,75.126874,Active,48211000000072947
Belagavi Village Junction Cam 6252,16.621144,74.749572,Active,48211000000072960
Belagavi Residential Area Cam 6253,16.623305,74.747878,Active,48211000000072960
Belagavi Railway Station Cam 6254,16.619246,74.749184,Active,48211000000072960
Belagavi Commercial Street Cam 6255,16.619209,74.74759,Active,48211000000072960
Belagavi Market Cam 6256,16.104121,74.865602,Active,48211000000072957
Belagavi Police Station Cam 6257,16.100859,74.868912,Active,48211000000072957
Belagavi Market Cam 6258,16.103075,74.865847,Active,48211000000072957
Belagavi Hospital Cam 6259,16.102874,74.867225,Active,48211000000072957
Belagavi Industrial Area Cam 6260,16.104826,74.868215,Active,48211000000072957
Belagavi Residential Area Cam 6261,16.446476,74.762744,Active,48211000000072951
Belagavi Village Junction Cam 6262,16.447914,74.762235,Active,48211000000072951
Belagavi Bus Stand Cam 6263,16.447174,74.762698,Active,48211000000072951
Belagavi Commercial Street Cam 6264,16.448798,74.769589,Active,48211000000072951
Belagavi Residential Area Cam 6265,16.4464,74.765794,Active,48211000000072951
Belagavi Industrial Area Cam 6266,15.618542,74.627081,Active,48211000000072953
Belagavi Village Junction Cam 6267,15.618298,74.630308,Active,48211000000072953
Belagavi Village Junction Cam 6268,15.617053,74.627607,Active,48211000000072953
Belagavi Government Office Cam 6269,15.618371,74.632,Active,48211000000072953
Belagavi Bus Stand Cam 6270,16.136057,75.004405,Active,48211000000072957
Belagavi Government Office Cam 6271,16.135298,75.004745,Active,48211000000072957
Belagavi Commercial Street Cam 6272,16.139885,74.998814,Active,48211000000072957
Belagavi Highway Junction Cam 6273,15.735682,75.244197,Active,48211000000072947
Belagavi Bus Stand Cam 6274,15.740719,75.246951,Active,48211000000072947
Belagavi Railway Station Cam 6275,15.736095,75.244749,Active,48211000000072947
Belagavi Market Cam 6276,15.441884,74.729813,Active,48211000000072953
Belagavi Village Junction Cam 6277,15.443086,74.724683,Active,48211000000072953
Belagavi Government Office Cam 6278,15.436592,74.731525,Active,48211000000072953
Belagavi Market Cam 6279,15.444254,74.729023,Active,48211000000072953
Belagavi Tourist Point Cam 6280,15.44425,74.725423,Active,48211000000072953
Belagavi Railway Station Cam 6281,15.437424,74.726746,Active,48211000000072953
Belagavi College Cam 6282,16.610975,75.190736,Active,48211000000072959
Belagavi School Cam 6283,16.616586,75.191883,Active,48211000000072959
Belagavi School Cam 6284,16.609105,75.189919,Active,48211000000072959
Belagavi Hospital Cam 6285,16.609591,75.190488,Active,48211000000072959
Belagavi College Cam 6286,16.612068,75.188514,Active,48211000000072959
Belagavi Village Junction Cam 6287,16.761678,75.162946,Active,48211000000072954
Belagavi Government Office Cam 6288,16.76302,75.160885,Active,48211000000072954
Belagavi Tourist Point Cam 6289,16.765977,75.166298,Active,48211000000072954
Ballari Village Junction Cam 6290,15.514869,76.862966,Active,48211000000072943
Ballari Residential Area Cam 6291,14.804391,75.745619,Active,48211000000072944
Ballari Bus Stand Cam 6292,14.811723,75.739212,Active,48211000000072944
Ballari Village Junction Cam 6293,14.626752,76.554235,Active,48211000000072942
Ballari School Cam 6294,14.625124,76.55385,Active,48211000000072942
Ballari Hospital Cam 6295,14.626313,76.54883,Active,48211000000072942
Ballari Police Station Cam 6296,15.187139,76.241228,Active,48211000000072946
Ballari Major Town Center Cam 6297,15.034644,77.074838,Active,48211000000072945
Ballari Major Town Center Cam 6298,15.030951,77.077594,Active,48211000000072945
Ballari Major Town Center Cam 6299,15.035136,77.077369,Active,48211000000072945
Ballari Railway Station Cam 6300,15.145065,76.659596,Active,48211000000072946
Ballari Market Cam 6301,15.147639,76.655405,Active,48211000000072946
Ballari Major Town Center Cam 6302,15.143146,76.656546,Active,48211000000072946
Ballari College Cam 6303,15.149372,76.655577,Active,48211000000072946
Ballari Government Office Cam 6304,14.803341,76.16216,Active,48211000000072942
Ballari Village Junction Cam 6305,14.803654,76.166026,Active,48211000000072942
Ballari Major Town Center Cam 6306,14.808185,76.166226,Active,48211000000072942
Ballari Market Cam 6307,15.801265,77.054403,Active,48211000000072943
Ballari Government Office Cam 6308,15.805431,77.053213,Active,48211000000072943
Ballari Commercial Street Cam 6309,15.805664,77.051698,Active,48211000000072943
Ballari Government Office Cam 6310,15.115834,75.902999,Active,48211000000072944
Ballari College Cam 6311,15.114517,75.905802,Active,48211000000072944
Ballari College Cam 6312,15.113996,75.902439,Active,48211000000072944
Ballari Government Office Cam 6313,14.883794,76.438015,Active,48211000000072942
Ballari Market Cam 6314,15.334691,77.065826,Active,48211000000072945
Ballari Industrial Area Cam 6315,15.334883,77.067085,Active,48211000000072945
Ballari Village Junction Cam 6316,15.390338,76.650226,Active,48211000000072946
Ballari Highway Junction Cam 6317,15.390753,76.655634,Active,48211000000072946
Ballari Bus Stand Cam 6318,15.390579,76.648634,Active,48211000000072946
Ballari Highway Junction Cam 6319,15.394709,76.651479,Active,48211000000072946
Ballari Village Junction Cam 6320,15.326537,76.427286,Active,48211000000072946
Ballari Government Office Cam 6321,15.194202,76.893091,Active,48211000000072945
Ballari Tourist Point Cam 6322,14.800804,76.652726,Active,48211000000072942
Ballari Market Cam 6323,14.803085,76.655472,Active,48211000000072942
Ballari Police Station Cam 6324,14.802317,76.65378,Active,48211000000072942
Ballari Industrial Area Cam 6325,14.804475,76.650403,Active,48211000000072942
Ballari Village Junction Cam 6326,15.035682,76.112133,Active,48211000000072944
Ballari Highway Junction Cam 6327,15.034949,76.113207,Active,48211000000072944
Ballari Hospital Cam 6328,15.073846,76.480254,Active,48211000000072946
Ballari Market Cam 6329,15.07209,76.480675,Active,48211000000072946
Ballari Residential Area Cam 6330,15.071868,76.484129,Active,48211000000072946
Ballari Police Station Cam 6331,15.077175,76.48502,Active,48211000000072946
Ballari Village Junction Cam 6332,14.977238,76.283409,Active,48211000000072942
Ballari Government Office Cam 6333,14.98296,76.286416,Active,48211000000072942
Ballari Police Station Cam 6334,14.979311,76.286255,Active,48211000000072942
Ballari Major Town Center Cam 6335,14.983407,76.283794,Active,48211000000072942
Ballari Village Junction Cam 6336,14.963421,75.836652,Active,48211000000072944
Ballari Major Town Center Cam 6337,14.960038,75.837166,Active,48211000000072944
Ballari Commercial Street Cam 6338,15.652384,76.962676,Active,48211000000072943
Ballari Industrial Area Cam 6339,15.650544,76.963264,Active,48211000000072943
Ballari Industrial Area Cam 6340,14.750581,76.321623,Active,48211000000072942
Ballari Residential Area Cam 6341,14.750237,76.321326,Active,48211000000072942
Ballari Industrial Area Cam 6342,14.749964,76.326131,Active,48211000000072942
Ballari College Cam 6343,15.655878,77.122747,Active,48211000000072943
Ballari School Cam 6344,15.654302,77.126061,Active,48211000000072943
Ballari Industrial Area Cam 6345,15.343723,76.83189,Active,48211000000072946
Ballari Major Town Center Cam 6346,15.344319,76.83439,Active,48211000000072946
Ballari Major Town Center Cam 6347,15.347458,76.831656,Active,48211000000072946
Ballari College Cam 6348,14.957343,76.595549,Active,48211000000072942
Ballari Residential Area Cam 6349,14.956692,76.590251,Active,48211000000072942
Ballari College Cam 6350,15.197902,77.112858,Active,48211000000072945
Ballari Highway Junction Cam 6351,15.203132,77.112598,Active,48211000000072945
Ballari Government Office Cam 6352,15.052034,76.941281,Active,48211000000072945
Ballari Market Cam 6353,15.425072,76.959955,Active,48211000000072945
Ballari Industrial Area Cam 6354,15.419278,76.958759,Active,48211000000072945
Ballari Village Junction Cam 6355,15.421875,76.956675,Active,48211000000072945
Ballari School Cam 6356,14.760718,76.52716,Active,48211000000072942
Ballari Railway Station Cam 6357,14.763876,76.525382,Active,48211000000072942
Ballari School Cam 6358,14.762664,76.525621,Active,48211000000072942
Ballari Industrial Area Cam 6359,14.76461,76.53222,Active,48211000000072942
Ballari Railway Station Cam 6360,15.272482,76.703133,Active,48211000000072946
Ballari Highway Junction Cam 6361,15.271566,76.701474,Active,48211000000072946
Ballari Commercial Street Cam 6362,15.272958,76.702282,Active,48211000000072946
Ballari College Cam 6363,15.271102,76.700167,Active,48211000000072946
Ballari Commercial Street Cam 6364,15.291202,76.549042,Active,48211000000072946
Ballari College Cam 6365,15.288946,76.552295,Active,48211000000072946
Ballari Market Cam 6366,15.293179,76.551823,Active,48211000000072946
Ballari Village Junction Cam 6367,14.670842,76.435443,Active,48211000000072942
Ballari Hospital Cam 6368,14.666989,76.432677,Active,48211000000072942
Ballari College Cam 6369,14.670455,76.435045,Active,48211000000072942
Ballari Tourist Point Cam 6370,14.96501,76.01272,Active,48211000000072944
Ballari Railway Station Cam 6371,14.960201,76.006893,Active,48211000000072944
Ballari School Cam 6372,15.135882,76.781093,Active,48211000000072946
Ballari Market Cam 6373,15.134114,76.776866,Active,48211000000072946
Ballari Market Cam 6374,14.917293,76.121385,Active,48211000000072944
Ballari Market Cam 6375,15.238757,76.347875,Active,48211000000072946
Ballari Commercial Street Cam 6376,15.235476,76.352037,Active,48211000000072946
Ballari Village Junction Cam 6377,15.234693,76.35045,Active,48211000000072946
Ballari Market Cam 6378,15.465365,76.741746,Active,48211000000072946
Ballari Residential Area Cam 6379,15.464089,76.740152,Active,48211000000072946
Ballari Police Station Cam 6380,15.46682,76.745639,Active,48211000000072946
Ballari Highway Junction Cam 6381,15.076382,76.367484,Active,48211000000072946
Ballari Bus Stand Cam 6382,15.074573,76.364538,Active,48211000000072946
Ballari Railway Station Cam 6383,15.069678,76.370387,Active,48211000000072946
Ballari Bus Stand Cam 6384,15.069448,76.36358,Active,48211000000072946
Ballari Hospital Cam 6385,14.686423,76.230795,Active,48211000000072942
Ballari Bus Stand Cam 6386,14.684506,76.235927,Active,48211000000072942
Ballari Market Cam 6387,15.146295,76.083552,Active,48211000000072944
Ballari Tourist Point Cam 6388,15.146551,76.083236,Active,48211000000072944
Ballari Major Town Center Cam 6389,14.934022,75.728053,Active,48211000000072944
Ballari Industrial Area Cam 6390,15.159674,76.990878,Active,48211000000072945
Ballari Village Junction Cam 6391,15.159226,76.985911,Active,48211000000072945
Ballari Industrial Area Cam 6392,15.156356,76.986135,Active,48211000000072945
Ballari Village Junction Cam 6393,15.154552,76.989339,Active,48211000000072945
Ballari College Cam 6394,15.707834,77.046222,Active,48211000000072943
Ballari Government Office Cam 6395,15.712856,77.051698,Active,48211000000072943
Ballari Residential Area Cam 6396,15.711914,77.048623,Active,48211000000072943
Ballari School Cam 6397,15.709529,77.045322,Active,48211000000072943
Ballari Government Office Cam 6398,15.248215,77.008198,Active,48211000000072945
Ballari Market Cam 6399,15.08063,76.59612,Active,48211000000072946
Ballari Government Office Cam 6400,15.081201,76.588648,Active,48211000000072946
Ballari Police Station Cam 6401,15.085148,76.590442,Active,48211000000072946
Ballari Commercial Street Cam 6402,15.283061,76.91896,Active,48211000000072945
Ballari School Cam 6403,15.046797,75.982396,Active,48211000000072944
Ballari Highway Junction Cam 6404,15.053495,75.98896,Active,48211000000072944
Ballari Major Town Center Cam 6405,15.047621,75.982485,Active,48211000000072944
Ballari College Cam 6406,15.157028,76.453895,Active,48211000000072946
Ballari Commercial Street Cam 6407,14.878452,76.551359,Active,48211000000072942
Ballari Major Town Center Cam 6408,14.879233,76.550256,Active,48211000000072942
Ballari Village Junction Cam 6409,14.875488,76.552137,Active,48211000000072942
Ballari Tourist Point Cam 6410,14.878365,76.553067,Active,48211000000072942
Ballari Police Station Cam 6411,14.888536,75.88962,Active,48211000000072944
Ballari Highway Junction Cam 6412,14.589406,76.447612,Active,48211000000072942
Ballari Major Town Center Cam 6413,14.587691,76.444865,Active,48211000000072942
Ballari Police Station Cam 6414,14.585152,76.444756,Active,48211000000072942
Ballari Market Cam 6415,14.586502,76.44486,Active,48211000000072942
Ballari Highway Junction Cam 6416,15.234594,76.482086,Active,48211000000072946
Ballari Market Cam 6417,15.237898,76.480193,Active,48211000000072946
Ballari Village Junction Cam 6418,15.238201,76.486459,Active,48211000000072946
Ballari Highway Junction Cam 6419,15.191358,76.154946,Active,48211000000072946
Ballari Village Junction Cam 6420,15.105525,76.233787,Active,48211000000072946
Ballari Police Station Cam 6421,15.099293,76.230958,Active,48211000000072946
Ballari Police Station Cam 6422,15.101348,76.227863,Active,48211000000072946
Ballari Highway Junction Cam 6423,15.102235,76.229905,Active,48211000000072946
Ballari Major Town Center Cam 6424,15.218776,76.779425,Active,48211000000072946
Ballari Market Cam 6425,15.219897,76.781668,Active,48211000000072946
Ballari Government Office Cam 6426,15.21266,76.78268,Active,48211000000072946
Ballari School Cam 6427,14.974489,75.930586,Active,48211000000072944
Ballari Government Office Cam 6428,14.977669,75.931669,Active,48211000000072944
Chikballapur Government Office Cam 6429,13.675177,77.501748,Active,48211000000072991
Chikballapur Hospital Cam 6430,13.353128,78.132724,Active,48211000000072986
Chikballapur Industrial Area Cam 6431,13.350895,78.134752,Active,48211000000072986
Chikballapur Major Town Center Cam 6432,13.350609,78.131894,Active,48211000000072986
Chikballapur School Cam 6433,13.953147,77.983665,Active,48211000000072985
Chikballapur Railway Station Cam 6434,13.954779,77.984294,Active,48211000000072985
Chikballapur Government Office Cam 6435,13.953946,77.983199,Active,48211000000072985
Chikballapur Government Office Cam 6436,13.95733,77.980475,Active,48211000000072985
Chikballapur Industrial Area Cam 6437,13.39706,77.755059,Active,48211000000072989
Chikballapur Bus Stand Cam 6438,13.394133,77.75558,Active,48211000000072989
Chikballapur Highway Junction Cam 6439,13.635662,77.978919,Active,48211000000072988
Chikballapur Railway Station Cam 6440,13.632169,77.98566,Active,48211000000072988
Chikballapur Commercial Street Cam 6441,13.765419,77.743997,Active,48211000000072987
Chikballapur School Cam 6442,13.765893,77.741816,Active,48211000000072987
Chikballapur Highway Junction Cam 6443,13.759948,77.742338,Active,48211000000072987
Chikballapur Village Junction Cam 6444,13.435743,77.532644,Active,48211000000072984
Chikballapur Highway Junction Cam 6445,13.434728,77.52952,Active,48211000000072984
Chikballapur Major Town Center Cam 6446,13.605278,78.202181,Active,48211000000072990
Chikballapur Major Town Center Cam 6447,13.60881,78.194967,Active,48211000000072990
Chikballapur School Cam 6448,13.804786,78.102586,Active,48211000000072985
Chikballapur Bus Stand Cam 6449,13.567753,77.696379,Active,48211000000072984
Chikballapur Hospital Cam 6450,13.461579,77.982954,Active,48211000000072988
Chikballapur Market Cam 6451,13.460104,77.984148,Active,48211000000072988
Chikballapur Major Town Center Cam 6452,13.461326,77.984259,Active,48211000000072988
Chikballapur Police Station Cam 6453,13.461533,77.979954,Active,48211000000072988
Chikballapur School Cam 6454,13.541153,77.405409,Active,48211000000072991
Chikballapur Highway Junction Cam 6455,13.813231,77.902754,Active,48211000000072987
Chikballapur Market Cam 6456,13.812568,77.903666,Active,48211000000072987
Chikballapur Highway Junction Cam 6457,13.813034,77.904503,Active,48211000000072987
Chikballapur Residential Area Cam 6458,13.519683,77.848422,Active,48211000000072988
Chikballapur Highway Junction Cam 6459,13.327088,77.878267,Active,48211000000072989
Chikballapur Market Cam 6460,13.326535,77.877884,Active,48211000000072989
Chikballapur Industrial Area Cam 6461,13.324659,77.877207,Active,48211000000072989
Chikballapur Industrial Area Cam 6462,13.682137,77.85898,Active,48211000000072988
Chikballapur College Cam 6463,13.483708,78.147075,Active,48211000000072990
Chikballapur School Cam 6464,13.90196,77.825775,Active,48211000000072987
Chikballapur Major Town Center Cam 6465,13.905561,77.822152,Active,48211000000072987
Chikballapur Police Station Cam 6466,13.692145,77.619765,Active,48211000000072984
Chikballapur Industrial Area Cam 6467,13.383134,77.63597,Active,48211000000072984
Chikballapur Major Town Center Cam 6468,13.381411,77.631944,Active,48211000000072984
Chikballapur Village Junction Cam 6469,13.379343,77.633155,Active,48211000000072984
Chikballapur Market Cam 6470,13.379048,77.630691,Active,48211000000072984
Chikballapur School Cam 6471,13.60447,78.09272,Active,48211000000072990
Chikballapur Government Office Cam 6472,13.606672,78.092983,Active,48211000000072990
Chikballapur Commercial Street Cam 6473,13.606962,78.093734,Active,48211000000072990
Chikballapur Hospital Cam 6474,13.524973,77.592288,Active,48211000000072984
Chikballapur Industrial Area Cam 6475,13.725574,78.032749,Active,48211000000072985
Chikballapur Police Station Cam 6476,13.661304,77.401162,Active,48211000000072991
Chikballapur Residential Area Cam 6477,13.661135,77.40046,Active,48211000000072991
Chikballapur Village Junction Cam 6478,13.353488,77.972872,Active,48211000000072986
Chikballapur Commercial Street Cam 6479,13.653379,77.748122,Active,48211000000072987
Chikballapur Hospital Cam 6480,13.85941,78.029178,Active,48211000000072985
Chikballapur Hospital Cam 6481,13.860735,78.028676,Active,48211000000072985
Chikballapur Government Office Cam 6482,13.859098,78.031272,Active,48211000000072985
Chikballapur Village Junction Cam 6483,13.86042,78.031243,Active,48211000000072985
Chikballapur Residential Area Cam 6484,13.586792,77.490367,Active,48211000000072991
Chikballapur Bus Stand Cam 6485,13.591075,77.488433,Active,48211000000072991
Chikballapur Highway Junction Cam 6486,13.728327,77.946369,Active,48211000000072988
Chikballapur Police Station Cam 6487,13.724566,77.946671,Active,48211000000072988
Chikballapur Highway Junction Cam 6488,13.723155,77.947412,Active,48211000000072988
Chikballapur Industrial Area Cam 6489,13.484926,77.745232,Active,48211000000072984
Chikballapur Government Office Cam 6490,13.484532,77.747871,Active,48211000000072984
Chikballapur Market Cam 6491,13.47899,77.747557,Active,48211000000072984
Chikballapur Railway Station Cam 6492,13.477759,77.74944,Active,48211000000072984
Chikballapur Tourist Point Cam 6493,13.809733,77.817029,Active,48211000000072987
Chikballapur Railway Station Cam 6494,13.811479,77.822601,Active,48211000000072987
Chikballapur Bus Stand Cam 6495,13.815226,77.822474,Active,48211000000072987
Chikballapur Industrial Area Cam 6496,13.814515,77.822233,Active,48211000000072987
Chikballapur School Cam 6497,13.417359,77.834535,Active,48211000000072989
Chikballapur Village Junction Cam 6498,13.412603,77.841167,Active,48211000000072989
Chikballapur Industrial Area Cam 6499,13.41582,77.841048,Active,48211000000072989
Chikballapur Industrial Area Cam 6500,13.591064,77.883219,Active,48211000000072988
Chikballapur Village Junction Cam 6501,13.59676,77.883314,Active,48211000000072988
Chikballapur Village Junction Cam 6502,13.485316,78.06303,Active,48211000000072990
Chikballapur Commercial Street Cam 6503,13.606453,77.56766,Active,48211000000072984
Chikballapur Industrial Area Cam 6504,13.498708,77.479176,Active,48211000000072984
Chikballapur Market Cam 6505,13.500857,77.481275,Active,48211000000072984
Chikballapur Commercial Street Cam 6506,13.501642,77.476427,Active,48211000000072984
Chikballapur Bus Stand Cam 6507,13.768035,77.670195,Active,48211000000072987
Chikballapur Police Station Cam 6508,13.768058,77.666191,Active,48211000000072987
Chikballapur Market Cam 6509,13.394484,78.039061,Active,48211000000072986
Chikballapur Police Station Cam 6510,13.717965,78.108665,Active,48211000000072990
Chikballapur Residential Area Cam 6511,13.715316,78.108036,Active,48211000000072990
Chikballapur Highway Junction Cam 6512,13.721479,78.108706,Active,48211000000072990
Chikballapur Railway Station Cam 6513,13.341067,77.811557,Active,48211000000072989
Chikballapur Residential Area Cam 6514,13.739359,77.815537,Active,48211000000072987
Chikballapur Government Office Cam 6515,13.744731,77.814114,Active,48211000000072987
Chikballapur Police Station Cam 6516,13.740451,77.817901,Active,48211000000072987
Chikballapur Industrial Area Cam 6517,13.424522,77.685945,Active,48211000000072984
Chikballapur Major Town Center Cam 6518,13.428224,77.683895,Active,48211000000072984
Chikballapur Industrial Area Cam 6519,13.424029,77.688959,Active,48211000000072984
Chikballapur Commercial Street Cam 6520,13.459133,77.61936,Active,48211000000072984
Chikballapur Commercial Street Cam 6521,13.459175,77.619188,Active,48211000000072984
Chikballapur College Cam 6522,13.455158,77.620797,Active,48211000000072984
Chikballapur Commercial Street Cam 6523,13.461817,77.618284,Active,48211000000072984
Chikballapur Bus Stand Cam 6524,13.282232,77.83218,Active,48211000000072989
Chikballapur Police Station Cam 6525,13.637167,77.689988,Active,48211000000072984
Chikballapur Market Cam 6526,13.635555,77.683858,Active,48211000000072984
Chikballapur Railway Station Cam 6527,13.640757,77.688768,Active,48211000000072984
Chikballapur Government Office Cam 6528,13.440356,77.899448,Active,48211000000072988
Chikballapur Market Cam 6529,13.648686,78.15593,Active,48211000000072990
Chikballapur Hospital Cam 6530,13.648916,78.151241,Active,48211000000072990
Chikballapur Residential Area Cam 6531,13.650692,78.15706,Active,48211000000072990
Chikballapur School Cam 6532,13.542166,78.106249,Active,48211000000072990
Chikballapur Hospital Cam 6533,13.556889,77.751565,Active,48211000000072988
Chikballapur Village Junction Cam 6534,13.604016,77.390602,Active,48211000000072991
Chikballapur Government Office Cam 6535,13.604979,77.386714,Active,48211000000072991
Chikballapur Market Cam 6536,13.906296,77.946036,Active,48211000000072985
Chikballapur Industrial Area Cam 6537,13.902378,77.945732,Active,48211000000072985
Chikballapur School Cam 6538,13.31952,78.080996,Active,48211000000072986
Chikballapur College Cam 6539,13.667504,77.91311,Active,48211000000072988
Chikballapur Highway Junction Cam 6540,13.666864,77.910918,Active,48211000000072988
Chikballapur School Cam 6541,13.666594,77.913694,Active,48211000000072988
Chikballapur Police Station Cam 6542,13.589703,77.626144,Active,48211000000072984
Chikballapur Industrial Area Cam 6543,13.592129,77.627933,Active,48211000000072984
Chikballapur Government Office Cam 6544,13.564251,77.939283,Active,48211000000072988
Chitradurga Industrial Area Cam 6545,14.08401,76.092494,Active,48211000000074005
Chitradurga Government Office Cam 6546,14.948613,76.836597,Active,48211000000074004
Chitradurga Commercial Street Cam 6547,14.94932,76.838122,Active,48211000000074004
Chitradurga Police Station Cam 6548,14.946924,76.834863,Active,48211000000074004
Chitradurga Major Town Center Cam 6549,14.947401,76.836873,Active,48211000000074004
Chitradurga Hospital Cam 6550,14.190097,76.957148,Active,48211000000074003
Chitradurga Residential Area Cam 6551,13.64534,76.522438,Active,48211000000074002
Chitradurga School Cam 6552,13.643383,76.521928,Active,48211000000074002
Chitradurga Village Junction Cam 6553,13.644508,76.519121,Active,48211000000074002
Chitradurga School Cam 6554,13.648542,76.516477,Active,48211000000074002
Chitradurga Police Station Cam 6555,14.435074,76.491278,Active,48211000000074001
Chitradurga College Cam 6556,14.0378,76.563637,Active,48211000000074003
Chitradurga Major Town Center Cam 6557,14.040149,76.562966,Active,48211000000074003
Chitradurga Highway Junction Cam 6558,14.040899,76.565715,Active,48211000000074003
Chitradurga Residential Area Cam 6559,14.037387,76.564429,Active,48211000000074003
Chitradurga Village Junction Cam 6560,14.50968,76.852489,Active,48211000000074006
Chitradurga Village Junction Cam 6561,14.50968,76.852489,Active,48211000000074006
Chitradurga Railway Station Cam 6562,14.50968,76.852489,Active,48211000000074006
Chitradurga Market Cam 6563,13.713405,76.202018,Active,48211000000074002
Chitradurga Bus Stand Cam 6564,14.40649,76.196029,Active,48211000000074001
Chitradurga Government Office Cam 6565,14.410626,76.191845,Active,48211000000074001
Chitradurga Police Station Cam 6566,14.413853,76.195194,Active,48211000000074001
Chitradurga School Cam 6567,14.408556,76.198443,Active,48211000000074001
Chitradurga Bus Stand Cam 6568,13.780711,76.759185,Active,48211000000074003
Chitradurga Police Station Cam 6569,13.782189,76.758016,Active,48211000000074003
Chitradurga Major Town Center Cam 6570,13.782025,76.757795,Active,48211000000074003
Chitradurga Village Junction Cam 6571,14.710914,76.667036,Active,48211000000074004
Chitradurga Police Station Cam 6572,13.958692,76.302315,Active,48211000000074005
Chitradurga Hospital Cam 6573,14.19852,76.301181,Active,48211000000074005
Chitradurga Tourist Point Cam 6574,14.197284,76.302992,Active,48211000000074005
Chitradurga Village Junction Cam 6575,14.294975,76.670727,Active,48211000000074001
Chitradurga Industrial Area Cam 6576,14.055714,76.794489,Active,48211000000074003
Chitradurga Major Town Center Cam 6577,14.056921,76.793246,Active,48211000000074003
Chitradurga Police Station Cam 6578,13.817358,76.416587,Active,48211000000074002
Chitradurga College Cam 6579,14.533148,76.670459,Active,48211000000074001
Chitradurga Market Cam 6580,14.529886,76.673033,Active,48211000000074001
Chitradurga Village Junction Cam 6581,13.864121,76.106023,Active,48211000000074005
Chitradurga Police Station Cam 6582,13.865558,76.107729,Active,48211000000074005
Chitradurga Major Town Center Cam 6583,14.260853,76.497281,Active,48211000000074001
Chitradurga Bus Stand Cam 6584,13.858308,76.607963,Active,48211000000074003
Chitradurga Major Town Center Cam 6585,13.857927,76.613109,Active,48211000000074003
Chitradurga Hospital Cam 6586,13.645964,76.347362,Active,48211000000074002
Chitradurga Police Station Cam 6587,13.648635,76.347205,Active,48211000000074002
Chitradurga Market Cam 6588,13.648866,76.344186,Active,48211000000074002
Chitradurga Tourist Point Cam 6589,13.646892,76.346926,Active,48211000000074002
Chitradurga College Cam 6590,14.326711,76.894073,Active,48211000000074006
Chitradurga Market Cam 6591,14.321961,76.891472,Active,48211000000074006
Chitradurga Major Town Center Cam 6592,14.320627,76.894728,Active,48211000000074006
Chitradurga Industrial Area Cam 6593,14.231432,76.079714,Active,48211000000074005
Chitradurga Highway Junction Cam 6594,14.228104,76.081668,Active,48211000000074005
Chitradurga Highway Junction Cam 6595,14.828666,76.74608,Active,48211000000074004
Chitradurga Police Station Cam 6596,14.830534,76.748129,Active,48211000000074004
Chitradurga Commercial Street Cam 6597,14.366002,76.36774,Active,48211000000074001
Chitradurga Industrial Area Cam 6598,14.365562,76.367135,Active,48211000000074001
Chitradurga Market Cam 6599,14.207867,76.783364,Active,48211000000074003
Chitradurga Major Town Center Cam 6600,14.207292,76.786828,Active,48211000000074003
Chitradurga College Cam 6601,14.200862,76.785006,Active,48211000000074003
Chitradurga College Cam 6602,14.201693,76.789658,Active,48211000000074003
Chitradurga College Cam 6603,14.401259,76.757712,Active,48211000000074006
Chitradurga Government Office Cam 6604,14.101946,76.445943,Active,48211000000074005
Chitradurga Market Cam 6605,14.100179,76.444364,Active,48211000000074005
Chitradurga Police Station Cam 6606,14.099369,76.443369,Active,48211000000074005
Chitradurga Market Cam 6607,13.928788,76.789232,Active,48211000000074003
Chitradurga Police Station Cam 6608,13.932594,76.793909,Active,48211000000074003
Chitradurga Residential Area Cam 6609,13.934064,76.791819,Active,48211000000074003
Chitradurga Highway Junction Cam 6610,13.852377,76.230111,Active,48211000000074002
Chitradurga Major Town Center Cam 6611,13.853794,76.231535,Active,48211000000074002
Chitradurga Police Station Cam 6612,13.859695,76.234733,Active,48211000000074002
Chitradurga Tourist Point Cam 6613,13.852398,76.230367,Active,48211000000074002
Chitradurga Residential Area Cam 6614,14.172561,76.576472,Active,48211000000074001
Chitradurga Commercial Street Cam 6615,14.630767,76.757224,Active,48211000000074006
Chitradurga Bus Stand Cam 6616,14.637884,76.763424,Active,48211000000074006
Chitradurga Market Cam 6617,14.631205,76.758395,Active,48211000000074006
Chitradurga Commercial Street Cam 6618,13.996154,76.67721,Active,48211000000074003
Chitradurga Market Cam 6619,13.996615,76.672512,Active,48211000000074003
Chitradurga Market Cam 6620,13.994866,76.677292,Active,48211000000074003
Chitradurga School Cam 6621,14.58937,76.565569,Active,48211000000074001
Chitradurga Major Town Center Cam 6622,14.587538,76.567902,Active,48211000000074001
Chitradurga College Cam 6623,14.589325,76.567034,Active,48211000000074001
Chitradurga Industrial Area Cam 6624,14.591456,76.570867,Active,48211000000074001
Chitradurga Bus Stand Cam 6625,14.397564,76.616954,Active,48211000000074001
Chitradurga College Cam 6626,14.393742,76.614374,Active,48211000000074001
Chitradurga Major Town Center Cam 6627,13.985468,76.430747,Active,48211000000074005
Chitradurga Commercial Street Cam 6628,13.984659,76.433124,Active,48211000000074005
Chitradurga Industrial Area Cam 6629,13.727542,76.601779,Active,48211000000074002
Chitradurga Tourist Point Cam 6630,13.725798,76.601806,Active,48211000000074002
Chitradurga Commercial Street Cam 6631,13.728164,76.606681,Active,48211000000074002
Chitradurga Government Office Cam 6632,14.132815,76.193917,Active,48211000000074005
Chitradurga Market Cam 6633,14.137228,76.189341,Active,48211000000074005
Chitradurga Commercial Street Cam 6634,14.136678,76.194106,Active,48211000000074005
Chitradurga Commercial Street Cam 6635,14.130854,76.190665,Active,48211000000074005
Chitradurga Commercial Street Cam 6636,14.276537,76.177964,Active,48211000000074005
Chitradurga Commercial Street Cam 6637,14.958725,76.732619,Active,48211000000074004
Chitradurga Railway Station Cam 6638,14.959237,76.734085,Active,48211000000074004
Chitradurga Major Town Center Cam 6639,14.95788,76.732225,Active,48211000000074004
Chitradurga Market Cam 6640,14.15878,76.694675,Active,48211000000074003
Chitradurga Market Cam 6641,14.156042,76.694955,Active,48211000000074003
Chitradurga Bus Stand Cam 6642,14.023089,76.176137,Active,48211000000074005
Chitradurga Commercial Street Cam 6643,14.082812,76.345604,Active,48211000000074005
Chitradurga Police Station Cam 6644,14.084777,76.345238,Active,48211000000074005
Chitradurga Industrial Area Cam 6645,14.084363,76.347137,Active,48211000000074005
Chitradurga Residential Area Cam 6646,13.862053,76.708831,Active,48211000000074003
Chitradurga Industrial Area Cam 6647,13.866039,76.708594,Active,48211000000074003
Chitradurga Industrial Area Cam 6648,13.863525,76.71514,Active,48211000000074003
Chitradurga Industrial Area Cam 6649,13.865376,76.71326,Active,48211000000074003
Chitradurga Market Cam 6650,13.96367,76.091817,Active,48211000000074005
Chitradurga School Cam 6651,13.962684,76.095009,Active,48211000000074005
Chitradurga Residential Area Cam 6652,13.963209,76.092557,Active,48211000000074005
Chitradurga Bus Stand Cam 6653,13.956414,76.096448,Active,48211000000074005
Chitradurga Tourist Point Cam 6654,13.816214,76.526507,Active,48211000000074002
Chitradurga Police Station Cam 6655,14.289279,76.284892,Active,48211000000074005
Chitradurga Village Junction Cam 6656,14.286167,76.286728,Active,48211000000074005
Chitradurga College Cam 6657,14.72336,76.758606,Active,48211000000074004
Chitradurga Village Junction Cam 6658,14.723734,76.760129,Active,48211000000074004
Chitradurga Bus Stand Cam 6659,14.725467,76.759582,Active,48211000000074004
Chitradurga Government Office Cam 6660,14.428013,76.898115,Active,48211000000074006
Chitradurga Residential Area Cam 6661,13.621428,76.428107,Active,48211000000074002
Chitradurga Hospital Cam 6662,13.620175,76.429223,Active,48211000000074002
Chitradurga Village Junction Cam 6663,13.621165,76.426714,Active,48211000000074002
Chitradurga Residential Area Cam 6664,13.618204,76.424069,Active,48211000000074002
Chitradurga School Cam 6665,14.317608,76.562172,Active,48211000000074001
Chitradurga Residential Area Cam 6666,14.31611,76.561179,Active,48211000000074001
Chitradurga Bus Stand Cam 6667,14.318974,76.566912,Active,48211000000074001
Chitradurga Railway Station Cam 6668,13.756209,76.366128,Active,48211000000074002
Chitradurga Police Station Cam 6669,13.860529,76.320286,Active,48211000000074002
Chitradurga Market Cam 6670,13.857332,76.318183,Active,48211000000074002
Chitradurga Village Junction Cam 6671,13.856445,76.318796,Active,48211000000074002
Chitradurga Bus Stand Cam 6672,13.861148,76.317134,Active,48211000000074002
Chitradurga Major Town Center Cam 6673,13.71811,76.483596,Active,48211000000074002
Chitradurga Government Office Cam 6674,13.722375,76.483115,Active,48211000000074002
Chitradurga Highway Junction Cam 6675,13.717502,76.480622,Active,48211000000074002
Chitradurga Residential Area Cam 6676,13.723315,76.483173,Active,48211000000074002
Chitradurga Major Town Center Cam 6677,14.283255,76.39587,Active,48211000000074001
Chitradurga Hospital Cam 6678,14.283695,76.393998,Active,48211000000074001
Chitradurga Village Junction Cam 6679,14.284679,76.397702,Active,48211000000074001
Hubballi-Dharwad Village Junction Cam 6680,15.21027,75.146965,Active,48211000000074027
Hubballi-Dharwad Residential Area Cam 6681,15.213716,75.148115,Active,48211000000074027
Hubballi-Dharwad Bus Stand Cam 6682,15.701581,75.48511,Active,48211000000074026
Hubballi-Dharwad Market Cam 6683,15.701396,75.487768,Active,48211000000074026
Hubballi-Dharwad Major Town Center Cam 6684,15.701034,75.484397,Active,48211000000074026
Hubballi-Dharwad Industrial Area Cam 6685,15.701034,75.484397,Active,48211000000074026
Hubballi-Dharwad Railway Station Cam 6686,15.699787,75.483723,Active,48211000000074026
Hubballi-Dharwad Major Town Center Cam 6687,15.697682,75.484297,Active,48211000000074026
Hubballi-Dharwad Commercial Street Cam 6688,15.593704,74.834427,Active,48211000000074025
Hubballi-Dharwad Commercial Street Cam 6689,15.594375,74.8344,Active,48211000000074025
Hubballi-Dharwad Bus Stand Cam 6690,15.594443,74.836001,Active,48211000000074025
Hubballi-Dharwad Commercial Street Cam 6691,15.584913,75.169746,Active,48211000000074022
Hubballi-Dharwad Highway Junction Cam 6692,15.58695,75.165026,Active,48211000000074022
Hubballi-Dharwad Industrial Area Cam 6693,15.585186,75.167377,Active,48211000000074022
Hubballi-Dharwad Major Town Center Cam 6694,15.589607,75.169558,Active,48211000000074022
Hubballi-Dharwad Government Office Cam 6695,15.3378,75.435804,Active,48211000000074028
Hubballi-Dharwad School Cam 6696,15.338834,75.440772,Active,48211000000074028
Hubballi-Dharwad Highway Junction Cam 6697,15.33679,75.436844,Active,48211000000074028
Hubballi-Dharwad Market Cam 6698,15.160171,74.851977,Active,48211000000074024
Hubballi-Dharwad Industrial Area Cam 6699,15.153294,74.85209,Active,48211000000074024
Hubballi-Dharwad Residential Area Cam 6700,15.153114,74.856637,Active,48211000000074024
Hubballi-Dharwad Tourist Point Cam 6701,15.056282,75.388476,Active,48211000000074023
Hubballi-Dharwad School Cam 6702,15.054172,75.387766,Active,48211000000074023
Hubballi-Dharwad Government Office Cam 6703,15.05912,75.382597,Active,48211000000074023
Hubballi-Dharwad Residential Area Cam 6704,15.391183,74.96862,Active,48211000000074029
Hubballi-Dharwad Major Town Center Cam 6705,15.3891,74.967573,Active,48211000000074029
Hubballi-Dharwad Major Town Center Cam 6706,15.523639,75.36068,Active,48211000000074028
Hubballi-Dharwad Market Cam 6707,15.525339,75.357604,Active,48211000000074028
Hubballi-Dharwad Commercial Street Cam 6708,15.52109,75.359937,Active,48211000000074028
Hubballi-Dharwad Railway Station Cam 6709,15.522438,75.355,Active,48211000000074028
Hubballi-Dharwad Market Cam 6710,15.525015,75.356445,Active,48211000000074028
Hubballi-Dharwad School Cam 6711,15.417194,74.759975,Active,48211000000074025
Hubballi-Dharwad Residential Area Cam 6712,15.416006,74.75748,Active,48211000000074025
Hubballi-Dharwad Village Junction Cam 6713,15.416742,74.757191,Active,48211000000074025
Hubballi-Dharwad Government Office Cam 6714,15.388952,75.240451,Active,48211000000074027
Hubballi-Dharwad Government Office Cam 6715,15.391388,75.241583,Active,48211000000074027
Hubballi-Dharwad Village Junction Cam 6716,15.39124,75.244375,Active,48211000000074027
Hubballi-Dharwad Industrial Area Cam 6717,15.629286,75.010438,Active,48211000000074022
Hubballi-Dharwad Village Junction Cam 6718,15.630581,75.008806,Active,48211000000074022
Hubballi-Dharwad Police Station Cam 6719,15.082627,75.042145,Active,48211000000074024
Hubballi-Dharwad Railway Station Cam 6720,15.078584,75.04134,Active,48211000000074024
Hubballi-Dharwad Highway Junction Cam 6721,15.082394,75.044749,Active,48211000000074024
Hubballi-Dharwad Bus Stand Cam 6722,15.085117,75.047334,Active,48211000000074024
Hubballi-Dharwad Village Junction Cam 6723,15.210659,75.297202,Active,48211000000074023
Hubballi-Dharwad Major Town Center Cam 6724,15.210498,75.296193,Active,48211000000074023
Hubballi-Dharwad Highway Junction Cam 6725,15.208599,75.297539,Active,48211000000074023
Hubballi-Dharwad Bus Stand Cam 6726,15.210653,75.303251,Active,48211000000074023
Hubballi-Dharwad Tourist Point Cam 6727,15.210281,75.301123,Active,48211000000074023
Hubballi-Dharwad Village Junction Cam 6728,15.671966,75.325879,Active,48211000000074022
Hubballi-Dharwad Railway Station Cam 6729,15.674617,75.328059,Active,48211000000074022
Hubballi-Dharwad Police Station Cam 6730,15.539314,75.501093,Active,48211000000074026
Hubballi-Dharwad Bus Stand Cam 6731,15.535425,75.508018,Active,48211000000074026
Hubballi-Dharwad Major Town Center Cam 6732,15.539151,75.508511,Active,48211000000074026
Hubballi-Dharwad Hospital Cam 6733,15.536654,75.503356,Active,48211000000074026
Hubballi-Dharwad Major Town Center Cam 6734,15.532664,75.50118,Active,48211000000074026
Hubballi-Dharwad Market Cam 6735,15.538797,75.502086,Active,48211000000074026
Hubballi-Dharwad Commercial Street Cam 6736,15.45867,75.102296,Active,48211000000074027
Hubballi-Dharwad Village Junction Cam 6737,15.455101,75.099969,Active,48211000000074027
Hubballi-Dharwad Market Cam 6738,15.453251,75.097136,Active,48211000000074027
Hubballi-Dharwad Village Junction Cam 6739,15.454596,75.103503,Active,48211000000074027
Hubballi-Dharwad Government Office Cam 6740,15.458883,75.10152,Active,48211000000074027
Hubballi-Dharwad School Cam 6741,15.45774,75.097994,Active,48211000000074027
Hubballi-Dharwad Residential Area Cam 6742,15.258788,74.959791,Active,48211000000074029
Hubballi-Dharwad Major Town Center Cam 6743,15.253677,74.95752,Active,48211000000074029
Hubballi-Dharwad School Cam 6744,15.516625,74.929866,Active,48211000000074029
Hubballi-Dharwad School Cam 6745,15.511962,74.932883,Active,48211000000074029
Hubballi-Dharwad Village Junction Cam 6746,15.515249,74.926596,Active,48211000000074029
Hubballi-Dharwad Commercial Street Cam 6747,15.51358,74.927615,Active,48211000000074029
Hubballi-Dharwad Bus Stand Cam 6748,15.51331,74.926964,Active,48211000000074029
Hubballi-Dharwad Residential Area Cam 6749,15.513298,74.929135,Active,48211000000074029
Hubballi-Dharwad Commercial Street Cam 6750,15.212032,75.44823,Active,48211000000074023
Hubballi-Dharwad Bus Stand Cam 6751,15.210207,75.443996,Active,48211000000074023
Hubballi-Dharwad School Cam 6752,15.208764,75.444359,Active,48211000000074023
Hubballi-Dharwad Residential Area Cam 6753,15.208764,75.444359,Active,48211000000074023
Hubballi-Dharwad Residential Area Cam 6754,15.045357,74.914899,Active,48211000000074024
Hubballi-Dharwad Major Town Center Cam 6755,15.045783,74.915197,Active,48211000000074024
Hubballi-Dharwad Hospital Cam 6756,15.048399,74.916027,Active,48211000000074024
Hubballi-Dharwad Highway Junction Cam 6757,15.049874,74.913238,Active,48211000000074024
Hubballi-Dharwad Railway Station Cam 6758,15.050221,74.91594,Active,48211000000074024
Hubballi-Dharwad Commercial Street Cam 6759,15.048515,74.914136,Active,48211000000074024
Hubballi-Dharwad Residential Area Cam 6760,15.332836,74.863632,Active,48211000000074029
Hubballi-Dharwad Commercial Street Cam 6761,15.332595,74.860711,Active,48211000000074029
Hubballi-Dharwad Highway Junction Cam 6762,15.337769,74.863778,Active,48211000000074029
Hubballi-Dharwad Highway Junction Cam 6763,15.335737,74.859987,Active,48211000000074029
Hubballi-Dharwad Bus Stand Cam 6764,15.331276,75.073843,Active,48211000000074027
Hubballi-Dharwad Highway Junction Cam 6765,15.333167,75.070373,Active,48211000000074027
Hubballi-Dharwad Railway Station Cam 6766,15.3289,75.069527,Active,48211000000074027
Hubballi-Dharwad Village Junction Cam 6767,15.332432,75.068833,Active,48211000000074027
Hubballi-Dharwad Hospital Cam 6768,15.330479,75.071256,Active,48211000000074027
Hubballi-Dharwad Village Junction Cam 6769,15.108856,75.18401,Active,48211000000074027
Hubballi-Dharwad Highway Junction Cam 6770,15.107214,75.185769,Active,48211000000074027
Hubballi-Dharwad Bus Stand Cam 6771,15.107757,75.179265,Active,48211000000074027
Hubballi-Dharwad Government Office Cam 6772,15.416056,75.340726,Active,48211000000074028
Hubballi-Dharwad Hospital Cam 6773,15.415263,75.338541,Active,48211000000074028
Hubballi-Dharwad Bus Stand Cam 6774,15.414694,75.343245,Active,48211000000074028
Hubballi-Dharwad Major Town Center Cam 6775,15.416619,75.34474,Active,48211000000074028
Hubballi-Dharwad Government Office Cam 6776,15.417831,75.33845,Active,48211000000074028
Hubballi-Dharwad Market Cam 6777,15.504661,75.220093,Active,48211000000074022
Hubballi-Dharwad Tourist Point Cam 6778,15.500849,75.225379,Active,48211000000074022
Hubballi-Dharwad Commercial Street Cam 6779,15.504736,75.223434,Active,48211000000074022
Hubballi-Dharwad Police Station Cam 6780,15.501669,75.224617,Active,48211000000074022
Hubballi-Dharwad School Cam 6781,15.501114,75.2233,Active,48211000000074022
Hubballi-Dharwad Tourist Point Cam 6782,15.503989,75.225268,Active,48211000000074022
Hubballi-Dharwad School Cam 6783,15.140954,74.966801,Active,48211000000074024
Hubballi-Dharwad Hospital Cam 6784,15.144851,74.965559,Active,48211000000074024
Hubballi-Dharwad Hospital Cam 6785,15.545368,75.062109,Active,48211000000074022
Hubballi-Dharwad Tourist Point Cam 6786,15.551998,75.062603,Active,48211000000074022
Hubballi-Dharwad School Cam 6787,15.546694,75.061308,Active,48211000000074022
Hubballi-Dharwad College Cam 6788,15.544823,75.065676,Active,48211000000074022
Hubballi-Dharwad Major Town Center Cam 6789,15.545185,75.064686,Active,48211000000074022
Hubballi-Dharwad College Cam 6790,15.549407,75.059915,Active,48211000000074022
Hubballi-Dharwad Residential Area Cam 6791,15.198414,75.050693,Active,48211000000074027
Hubballi-Dharwad School Cam 6792,15.196507,75.050896,Active,48211000000074027
Hubballi-Dharwad Market Cam 6793,15.194886,75.050509,Active,48211000000074027
Hubballi-Dharwad Highway Junction Cam 6794,15.193986,75.049275,Active,48211000000074027
Hubballi-Dharwad Tourist Point Cam 6795,15.412933,75.495658,Active,48211000000074028
Hubballi-Dharwad School Cam 6796,15.411075,75.493804,Active,48211000000074028
Hubballi-Dharwad Tourist Point Cam 6797,15.410065,75.497304,Active,48211000000074028
Hubballi-Dharwad Market Cam 6798,15.471534,74.834534,Active,48211000000074025
Hubballi-Dharwad Village Junction Cam 6799,15.466594,74.835193,Active,48211000000074025
Hubballi-Dharwad Highway Junction Cam 6800,15.608911,75.254527,Active,48211000000074022
Hubballi-Dharwad Major Town Center Cam 6801,15.608999,75.255671,Active,48211000000074022
Hubballi-Dharwad Village Junction Cam 6802,15.605952,75.252823,Active,48211000000074022
Hubballi-Dharwad Industrial Area Cam 6803,15.609885,75.25232,Active,48211000000074022
Hubballi-Dharwad Government Office Cam 6804,15.605349,75.252252,Active,48211000000074022
Hubballi-Dharwad Railway Station Cam 6805,15.60768,75.251447,Active,48211000000074022
Hubballi-Dharwad Village Junction Cam 6806,15.638299,75.55057,Active,48211000000074026
Hubballi-Dharwad Industrial Area Cam 6807,15.640128,75.550951,Active,48211000000074026
Hubballi-Dharwad Commercial Street Cam 6808,15.640178,75.553758,Active,48211000000074026
Hubballi-Dharwad Commercial Street Cam 6809,15.642048,75.551311,Active,48211000000074026
Hubballi-Dharwad Village Junction Cam 6810,15.643789,75.554256,Active,48211000000074026
Hubballi-Dharwad Bus Stand Cam 6811,15.642761,75.554407,Active,48211000000074026
Hubballi-Dharwad Police Station Cam 6812,15.65832,75.115292,Active,48211000000074022
Hubballi-Dharwad Major Town Center Cam 6813,15.656035,75.108366,Active,48211000000074022
Hubballi-Dharwad Major Town Center Cam 6814,15.156422,75.373897,Active,48211000000074023
Hubballi-Dharwad Residential Area Cam 6815,15.15639,75.37973,Active,48211000000074023
Hubballi-Dharwad Bus Stand Cam 6816,15.157554,75.380587,Active,48211000000074023
Hubballi-Dharwad School Cam 6817,15.268667,75.378535,Active,48211000000074028
Hubballi-Dharwad Major Town Center Cam 6818,15.263259,75.382202,Active,48211000000074028
Hubballi-Dharwad Village Junction Cam 6819,15.267827,75.383844,Active,48211000000074028
Hubballi-Dharwad College Cam 6820,15.267956,75.384092,Active,48211000000074028
Hubballi-Dharwad Highway Junction Cam 6821,15.278524,75.253507,Active,48211000000074027
Hubballi-Dharwad Highway Junction Cam 6822,15.277264,75.25728,Active,48211000000074027
Hubballi-Dharwad Hospital Cam 6823,15.483791,75.436474,Active,48211000000074026
Hubballi-Dharwad Tourist Point Cam 6824,15.485199,75.438696,Active,48211000000074026
Hubballi-Dharwad Commercial Street Cam 6825,15.123305,75.260964,Active,48211000000074023
Hubballi-Dharwad Tourist Point Cam 6826,15.126206,75.267332,Active,48211000000074023
Hubballi-Dharwad Police Station Cam 6827,15.124107,75.266704,Active,48211000000074023
Hubballi-Dharwad Police Station Cam 6828,15.126512,75.263135,Active,48211000000074023
Hubballi-Dharwad Village Junction Cam 6829,15.121134,75.264941,Active,48211000000074023
Hubballi-Dharwad Major Town Center Cam 6830,15.329035,75.151839,Active,48211000000074027
Hubballi-Dharwad Bus Stand Cam 6831,15.326108,75.150272,Active,48211000000074027
Hubballi-Dharwad Hospital Cam 6832,15.328151,75.152218,Active,48211000000074027
Hubballi-Dharwad School Cam 6833,15.327953,75.151663,Active,48211000000074027
Hubballi-Dharwad Highway Junction Cam 6834,15.330432,75.152301,Active,48211000000074027
Hubballi-Dharwad Commercial Street Cam 6835,15.326292,75.15225,Active,48211000000074027
Hubballi-Dharwad College Cam 6836,15.631206,75.448608,Active,48211000000074026
Hubballi-Dharwad Tourist Point Cam 6837,15.625453,75.450225,Active,48211000000074026
Hubballi-Dharwad Residential Area Cam 6838,15.62878,75.449606,Active,48211000000074026
Hubballi-Dharwad College Cam 6839,15.629644,75.443526,Active,48211000000074026
Hubballi-Dharwad School Cam 6840,15.62722,75.451129,Active,48211000000074026
Hubballi-Dharwad Village Junction Cam 6841,15.626325,75.446452,Active,48211000000074026
Hubballi-Dharwad Market Cam 6842,15.602501,74.933185,Active,48211000000074022
Hubballi-Dharwad Hospital Cam 6843,15.599043,74.928278,Active,48211000000074022
Hubballi-Dharwad Police Station Cam 6844,15.343405,75.303553,Active,48211000000074028
Hubballi-Dharwad Police Station Cam 6845,15.341919,75.301479,Active,48211000000074028
Hubballi-Dharwad Government Office Cam 6846,15.337853,75.301036,Active,48211000000074028
Hubballi-Dharwad Police Station Cam 6847,15.337987,75.303565,Active,48211000000074028
Hubballi-Dharwad Government Office Cam 6848,15.195854,75.228866,Active,48211000000074027
Hubballi-Dharwad Village Junction Cam 6849,15.197812,75.221885,Active,48211000000074027
Hubballi-Dharwad Commercial Street Cam 6850,15.42022,74.895197,Active,48211000000074029
Hubballi-Dharwad Industrial Area Cam 6851,15.420914,74.896061,Active,48211000000074029
Hubballi-Dharwad Market Cam 6852,15.426302,74.89057,Active,48211000000074029
Hubballi-Dharwad Tourist Point Cam 6853,15.420854,74.89764,Active,48211000000074029
Hubballi-Dharwad Village Junction Cam 6854,15.425157,74.892494,Active,48211000000074029
Hubballi-Dharwad Commercial Street Cam 6855,15.421623,74.893341,Active,48211000000074029
Hubballi-Dharwad Police Station Cam 6856,15.485805,74.749071,Active,48211000000074025
Hubballi-Dharwad Government Office Cam 6857,15.489592,74.746658,Active,48211000000074025
Hubballi-Dharwad Major Town Center Cam 6858,15.319663,74.996867,Active,48211000000074029
Hubballi-Dharwad School Cam 6859,15.316219,74.998944,Active,48211000000074029
Hubballi-Dharwad Highway Junction Cam 6860,15.319557,74.996512,Active,48211000000074029
Hubballi-Dharwad Highway Junction Cam 6861,15.322956,75.000656,Active,48211000000074029
Hubballi-Dharwad Major Town Center Cam 6862,15.437276,75.186706,Active,48211000000074027
Hubballi-Dharwad Tourist Point Cam 6863,15.440101,75.186514,Active,48211000000074027
Hubballi-Dharwad Industrial Area Cam 6864,15.439599,75.187561,Active,48211000000074027
Hubballi-Dharwad Police Station Cam 6865,15.435723,75.189388,Active,48211000000074027
Hubballi-Dharwad Market Cam 6866,15.440229,75.187091,Active,48211000000074027
Hubballi-Dharwad Police Station Cam 6867,15.439197,75.188252,Active,48211000000074027
Hubballi-Dharwad Highway Junction Cam 6868,15.14682,75.115971,Active,48211000000074027
Hubballi-Dharwad School Cam 6869,15.145014,75.121513,Active,48211000000074027
Hubballi-Dharwad Hospital Cam 6870,15.140482,75.11528,Active,48211000000074027
Hubballi-Dharwad Residential Area Cam 6871,15.140526,75.114748,Active,48211000000074027
Hubballi-Dharwad Hospital Cam 6872,15.141161,75.118014,Active,48211000000074027
Hubballi-Dharwad Major Town Center Cam 6873,15.58707,75.389723,Active,48211000000074026
Hubballi-Dharwad College Cam 6874,15.585813,75.391106,Active,48211000000074026
Hubballi-Dharwad Industrial Area Cam 6875,15.586496,75.388464,Active,48211000000074026
Hubballi-Dharwad Market Cam 6876,15.221374,74.893807,Active,48211000000074024
Hubballi-Dharwad Commercial Street Cam 6877,15.220544,74.896423,Active,48211000000074024
Hubballi-Dharwad Police Station Cam 6878,15.520102,75.147735,Active,48211000000074022
Hubballi-Dharwad Government Office Cam 6879,15.519711,75.148663,Active,48211000000074022
Hubballi-Dharwad Residential Area Cam 6880,15.521894,75.151355,Active,48211000000074022
Hubballi-Dharwad Residential Area Cam 6881,15.519753,75.150162,Active,48211000000074022
Hubballi-Dharwad Police Station Cam 6882,15.516763,75.145825,Active,48211000000074022
Hubballi-Dharwad Police Station Cam 6883,15.518449,75.143968,Active,48211000000074022
Hubballi-Dharwad Major Town Center Cam 6884,15.489855,75.287717,Active,48211000000074028
Hubballi-Dharwad Government Office Cam 6885,15.487262,75.287569,Active,48211000000074028
Hubballi-Dharwad Highway Junction Cam 6886,15.541993,74.997345,Active,48211000000074022
Hubballi-Dharwad Government Office Cam 6887,15.544045,74.996529,Active,48211000000074022
Hubballi-Dharwad Police Station Cam 6888,15.260794,75.194839,Active,48211000000074027
Hubballi-Dharwad Government Office Cam 6889,15.255858,75.194737,Active,48211000000074027
Hubballi-Dharwad Village Junction Cam 6890,15.269444,75.044107,Active,48211000000074027
Hubballi-Dharwad Village Junction Cam 6891,15.273746,75.040539,Active,48211000000074027
Hubballi-Dharwad Residential Area Cam 6892,15.268259,75.038887,Active,48211000000074027
Hubballi-Dharwad Market Cam 6893,15.269518,75.04046,Active,48211000000074027
Hubballi-Dharwad Major Town Center Cam 6894,15.268743,75.04069,Active,48211000000074027
Hubballi-Dharwad Market Cam 6895,15.535234,74.814114,Active,48211000000074025
Hubballi-Dharwad Major Town Center Cam 6896,15.536584,74.814352,Active,48211000000074025
Hubballi-Dharwad School Cam 6897,15.533591,74.818608,Active,48211000000074025
Hubballi-Dharwad Hospital Cam 6898,15.53569,74.814323,Active,48211000000074025
Hubballi-Dharwad Village Junction Cam 6899,15.537946,74.819384,Active,48211000000074025
Hubballi-Dharwad College Cam 6900,15.533174,74.813661,Active,48211000000074025
Hubballi-Dharwad Residential Area Cam 6901,15.600538,75.502049,Active,48211000000074026
Hubballi-Dharwad Commercial Street Cam 6902,15.599113,75.505685,Active,48211000000074026
Hubballi-Dharwad Industrial Area Cam 6903,15.597094,75.503733,Active,48211000000074026
Hubballi-Dharwad Major Town Center Cam 6904,15.6023,75.503682,Active,48211000000074026
Hubballi-Dharwad Hospital Cam 6905,15.465167,75.041209,Active,48211000000074029
Hubballi-Dharwad Market Cam 6906,15.465946,75.036473,Active,48211000000074029
Hubballi-Dharwad Major Town Center Cam 6907,15.466032,75.034095,Active,48211000000074029
Hubballi-Dharwad Market Cam 6908,15.468077,75.036562,Active,48211000000074029
Hubballi-Dharwad Bus Stand Cam 6909,15.378522,75.398474,Active,48211000000074028
Hubballi-Dharwad Hospital Cam 6910,15.377902,75.39531,Active,48211000000074028
Hubballi-Dharwad Railway Station Cam 6911,15.38373,75.046096,Active,48211000000074027
Hubballi-Dharwad Railway Station Cam 6912,15.388296,75.048798,Active,48211000000074027
Hubballi-Dharwad Commercial Street Cam 6913,15.549822,75.271554,Active,48211000000074022
Hubballi-Dharwad Highway Junction Cam 6914,15.547826,75.27251,Active,48211000000074022
Hubballi-Dharwad Tourist Point Cam 6915,15.549905,75.275384,Active,48211000000074022
Hubballi-Dharwad Industrial Area Cam 6916,15.470914,74.976156,Active,48211000000074029
Hubballi-Dharwad College Cam 6917,15.477227,74.977232,Active,48211000000074029
Hubballi-Dharwad Commercial Street Cam 6918,15.47616,74.979681,Active,48211000000074029
Hubballi-Dharwad Bus Stand Cam 6919,15.471771,74.973587,Active,48211000000074029
Hubballi-Dharwad College Cam 6920,15.382714,75.123082,Active,48211000000074027
Hubballi-Dharwad Industrial Area Cam 6921,15.381981,75.122662,Active,48211000000074027
Hubballi-Dharwad Highway Junction Cam 6922,15.385558,75.119997,Active,48211000000074027
Hubballi-Dharwad Industrial Area Cam 6923,15.380426,75.124587,Active,48211000000074027
Hubballi-Dharwad Government Office Cam 6924,15.38375,75.121149,Active,48211000000074027
Hubballi-Dharwad Highway Junction Cam 6925,15.199432,74.990037,Active,48211000000074024
Hubballi-Dharwad Highway Junction Cam 6926,15.196057,74.984579,Active,48211000000074024
Hubballi-Dharwad Village Junction Cam 6927,15.319631,74.916445,Active,48211000000074029
Hubballi-Dharwad Hospital Cam 6928,15.316092,74.916688,Active,48211000000074029
Hubballi-Dharwad Highway Junction Cam 6929,15.649895,75.394214,Active,48211000000074026
Hubballi-Dharwad Market Cam 6930,15.653702,75.394401,Active,48211000000074026
Hubballi-Dharwad School Cam 6931,15.556809,75.449337,Active,48211000000074026
Hubballi-Dharwad Bus Stand Cam 6932,15.554248,75.449826,Active,48211000000074026
Hubballi-Dharwad Residential Area Cam 6933,15.553736,75.453687,Active,48211000000074026
Hubballi-Dharwad Market Cam 6934,15.553669,75.450165,Active,48211000000074026
Hubballi-Dharwad Hospital Cam 6935,15.551617,75.453681,Active,48211000000074026
Hubballi-Dharwad Hospital Cam 6936,15.428111,75.437976,Active,48211000000074028
Hubballi-Dharwad Police Station Cam 6937,15.425908,75.440347,Active,48211000000074028
Hubballi-Dharwad Railway Station Cam 6938,15.429629,75.437064,Active,48211000000074028
Hubballi-Dharwad Residential Area Cam 6939,15.427167,75.435178,Active,48211000000074028
Hubballi-Dharwad Residential Area Cam 6940,15.591795,75.089384,Active,48211000000074022
Hubballi-Dharwad Industrial Area Cam 6941,15.596362,75.092524,Active,48211000000074022
Hubballi-Dharwad Government Office Cam 6942,15.596569,75.09633,Active,48211000000074022
Hubballi-Dharwad Bus Stand Cam 6943,15.591755,75.094838,Active,48211000000074022
Hubballi-Dharwad Railway Station Cam 6944,15.597147,75.090914,Active,48211000000074022
Hubballi-Dharwad Government Office Cam 6945,15.214064,75.386433,Active,48211000000074023
Hubballi-Dharwad Industrial Area Cam 6946,15.208019,75.390908,Active,48211000000074023
Hubballi-Dharwad Government Office Cam 6947,15.214156,75.387413,Active,48211000000074023
Hubballi-Dharwad Industrial Area Cam 6948,15.21416,75.391596,Active,48211000000074023
Hubballi-Dharwad Bus Stand Cam 6949,15.2104,75.386728,Active,48211000000074023
Hubballi-Dharwad Commercial Street Cam 6950,15.213426,75.384591,Active,48211000000074023
Hubballi-Dharwad Market Cam 6951,15.110224,75.340613,Active,48211000000074023
Hubballi-Dharwad Government Office Cam 6952,15.109403,75.341275,Active,48211000000074023
Hubballi-Dharwad Police Station Cam 6953,15.637057,75.18887,Active,48211000000074022
Hubballi-Dharwad Residential Area Cam 6954,15.631389,75.194485,Active,48211000000074022
Hubballi-Dharwad College Cam 6955,15.631697,75.193254,Active,48211000000074022
Hubballi-Dharwad Village Junction Cam 6956,15.632056,75.195872,Active,48211000000074022
Hubballi-Dharwad Industrial Area Cam 6957,15.632497,75.189713,Active,48211000000074022
Hubballi-Dharwad Bus Stand Cam 6958,15.669628,75.054083,Active,48211000000074022
Hubballi-Dharwad Commercial Street Cam 6959,15.664975,75.060525,Active,48211000000074022
Hubballi-Dharwad Highway Junction Cam 6960,15.078193,74.959726,Active,48211000000074024
Hubballi-Dharwad Industrial Area Cam 6961,15.084081,74.95611,Active,48211000000074024
Hubballi-Dharwad Hospital Cam 6962,15.079836,74.960043,Active,48211000000074024
Hubballi-Dharwad Police Station Cam 6963,15.657488,75.279663,Active,48211000000074022
Hubballi-Dharwad Residential Area Cam 6964,15.65874,75.278821,Active,48211000000074022
Hubballi-Dharwad Railway Station Cam 6965,15.659675,75.280155,Active,48211000000074022
Hubballi-Dharwad Highway Junction Cam 6966,15.65988,75.278448,Active,48211000000074022
Hubballi-Dharwad Tourist Point Cam 6967,15.655237,75.27517,Active,48211000000074022
Hubballi-Dharwad School Cam 6968,15.653632,75.279471,Active,48211000000074022
Hubballi-Dharwad Major Town Center Cam 6969,15.614477,75.342761,Active,48211000000074026
Hubballi-Dharwad Bus Stand Cam 6970,15.613213,75.34032,Active,48211000000074026
Hubballi-Dharwad Bus Stand Cam 6971,15.614181,75.34054,Active,48211000000074026
Hubballi-Dharwad Major Town Center Cam 6972,15.610186,75.33997,Active,48211000000074026
Hubballi-Dharwad Village Junction Cam 6973,15.323023,75.204974,Active,48211000000074027
Hubballi-Dharwad Major Town Center Cam 6974,15.323903,75.211479,Active,48211000000074027
Hubballi-Dharwad Village Junction Cam 6975,15.322854,75.207286,Active,48211000000074027
Hubballi-Dharwad Industrial Area Cam 6976,15.386695,74.841696,Active,48211000000074029
Hubballi-Dharwad Major Town Center Cam 6977,15.38369,74.839009,Active,48211000000074029
Hubballi-Dharwad Village Junction Cam 6978,15.384053,74.834987,Active,48211000000074029
Hubballi-Dharwad Village Junction Cam 6979,15.383652,74.840314,Active,48211000000074029
Hubballi-Dharwad Residential Area Cam 6980,15.326358,75.388427,Active,48211000000074028
Hubballi-Dharwad Industrial Area Cam 6981,15.324726,75.388157,Active,48211000000074028
Hubballi-Dharwad School Cam 6982,15.323889,75.389535,Active,48211000000074028
Hubballi-Dharwad Tourist Point Cam 6983,15.324892,75.384523,Active,48211000000074028
Hubballi-Dharwad Railway Station Cam 6984,15.503736,74.873648,Active,48211000000074025
Hubballi-Dharwad Industrial Area Cam 6985,15.508201,74.873326,Active,48211000000074025
Hubballi-Dharwad Residential Area Cam 6986,15.503035,74.87016,Active,48211000000074025
Hubballi-Dharwad Industrial Area Cam 6987,15.504598,74.870739,Active,48211000000074025
Hubballi-Dharwad Industrial Area Cam 6988,15.500578,74.871801,Active,48211000000074025
Hubballi-Dharwad Industrial Area Cam 6989,15.507763,74.876201,Active,48211000000074025
Hubballi-Dharwad Government Office Cam 6990,15.135186,75.057546,Active,48211000000074027
Hubballi-Dharwad Commercial Street Cam 6991,15.131827,75.056349,Active,48211000000074027
Hubballi-Dharwad Market Cam 6992,15.130334,75.054618,Active,48211000000074027
Hubballi-Dharwad Bus Stand Cam 6993,15.1322,75.055546,Active,48211000000074027
Hubballi-Dharwad Residential Area Cam 6994,15.129919,75.05786,Active,48211000000074027
Hubballi-Dharwad Residential Area Cam 6995,15.47671,75.484941,Active,48211000000074026
Hubballi-Dharwad Hospital Cam 6996,15.472212,75.482381,Active,48211000000074026
Hubballi-Dharwad Village Junction Cam 6997,15.469936,75.485587,Active,48211000000074026
Hubballi-Dharwad Village Junction Cam 6998,15.47183,75.48485,Active,48211000000074026
Hubballi-Dharwad Village Junction Cam 6999,15.554867,75.208945,Active,48211000000074022
Hubballi-Dharwad Market Cam 7000,15.552355,75.202859,Active,48211000000074022
Hubballi-Dharwad Commercial Street Cam 7001,15.55864,75.206859,Active,48211000000074022
Hubballi-Dharwad Highway Junction Cam 7002,15.555311,75.203021,Active,48211000000074022
Hubballi-Dharwad Hospital Cam 7003,15.552161,75.203368,Active,48211000000074022
Hubballi-Dharwad Residential Area Cam 7004,15.558341,75.203796,Active,48211000000074022
Hubballi-Dharwad Bus Stand Cam 7005,15.376874,74.917579,Active,48211000000074029
Hubballi-Dharwad Village Junction Cam 7006,15.37416,74.919709,Active,48211000000074029
Hubballi-Dharwad Market Cam 7007,15.375018,74.915462,Active,48211000000074029
Hubballi-Dharwad Railway Station Cam 7008,15.380853,74.91656,Active,48211000000074029
Hubballi-Dharwad School Cam 7009,15.380043,74.916363,Active,48211000000074029
Hubballi-Dharwad Major Town Center Cam 7010,15.377013,74.917691,Active,48211000000074029
Hubballi-Dharwad Commercial Street Cam 7011,15.513087,75.101989,Active,48211000000074022
Hubballi-Dharwad Bus Stand Cam 7012,15.512008,75.097306,Active,48211000000074022
Hubballi-Dharwad Police Station Cam 7013,15.507994,75.103361,Active,48211000000074022
Hubballi-Dharwad School Cam 7014,15.506704,75.099829,Active,48211000000074022
Hubballi-Dharwad Tourist Point Cam 7015,15.506864,75.098609,Active,48211000000074022
Hubballi-Dharwad Police Station Cam 7016,15.512384,75.095916,Active,48211000000074022
Hubballi-Dharwad Railway Station Cam 7017,15.164117,75.170413,Active,48211000000074027
Hubballi-Dharwad Major Town Center Cam 7018,15.165605,75.172127,Active,48211000000074027
Hubballi-Dharwad Market Cam 7019,15.166587,75.168656,Active,48211000000074027
Hubballi-Dharwad Major Town Center Cam 7020,15.159525,75.329405,Active,48211000000074023
Hubballi-Dharwad Government Office Cam 7021,15.159525,75.329405,Active,48211000000074023
Hubballi-Dharwad Police Station Cam 7022,15.159525,75.329405,Active,48211000000074023
Hubballi-Dharwad Railway Station Cam 7023,15.15991,75.326025,Active,48211000000074023
Hubballi-Dharwad Market Cam 7024,15.460004,74.933832,Active,48211000000074029
Hubballi-Dharwad Village Junction Cam 7025,15.457027,74.930534,Active,48211000000074029
Hubballi-Dharwad Tourist Point Cam 7026,15.646883,75.504139,Active,48211000000074026
Hubballi-Dharwad Market Cam 7027,15.651564,75.50354,Active,48211000000074026
Hubballi-Dharwad Major Town Center Cam 7028,15.528399,75.40381,Active,48211000000074026
Hubballi-Dharwad Hospital Cam 7029,15.531341,75.405701,Active,48211000000074026
Hubballi-Dharwad Commercial Street Cam 7030,15.534615,75.408912,Active,48211000000074026
Hubballi-Dharwad Hospital Cam 7031,15.533272,75.403031,Active,48211000000074026
Hubballi-Dharwad Market Cam 7032,15.100664,74.913913,Active,48211000000074024
Hubballi-Dharwad Commercial Street Cam 7033,15.099018,74.914658,Active,48211000000074024
Hubballi-Dharwad Railway Station Cam 7034,15.100924,74.912172,Active,48211000000074024
Hubballi-Dharwad Major Town Center Cam 7035,15.258765,75.333731,Active,48211000000074028
Hubballi-Dharwad Government Office Cam 7036,15.258837,75.332267,Active,48211000000074028
Hubballi-Dharwad Residential Area Cam 7037,15.2552,75.331805,Active,48211000000074028
Hubballi-Dharwad Government Office Cam 7038,15.255926,75.338892,Active,48211000000074028
Hubballi-Dharwad Highway Junction Cam 7039,15.258765,75.334942,Active,48211000000074028
Hubballi-Dharwad Tourist Point Cam 7040,15.364451,75.184589,Active,48211000000074027
Hubballi-Dharwad Commercial Street Cam 7041,15.363527,75.184278,Active,48211000000074027
Hubballi-Dharwad Industrial Area Cam 7042,15.363883,75.184743,Active,48211000000074027
Hubballi-Dharwad Bus Stand Cam 7043,15.364155,75.181865,Active,48211000000074027
Hubballi-Dharwad Hospital Cam 7044,15.366023,75.181682,Active,48211000000074027
Hubballi-Dharwad Major Town Center Cam 7045,15.36189,75.182621,Active,48211000000074027
Hubballi-Dharwad Major Town Center Cam 7046,15.473077,75.335431,Active,48211000000074028
Hubballi-Dharwad Major Town Center Cam 7047,15.471526,75.336875,Active,48211000000074028
Hubballi-Dharwad Railway Station Cam 7048,15.474098,75.338491,Active,48211000000074028
Hubballi-Dharwad Village Junction Cam 7049,15.476977,75.33592,Active,48211000000074028
Hubballi-Dharwad Major Town Center Cam 7050,15.372348,75.33694,Active,48211000000074028
Hubballi-Dharwad Bus Stand Cam 7051,15.369817,75.338211,Active,48211000000074028
Hubballi-Dharwad Industrial Area Cam 7052,15.37514,75.333436,Active,48211000000074028
Hubballi-Dharwad Railway Station Cam 7053,15.474928,75.159187,Active,48211000000074022
Hubballi-Dharwad Highway Junction Cam 7054,15.472764,75.15313,Active,48211000000074022
Hubballi-Dharwad Residential Area Cam 7055,15.473705,75.152516,Active,48211000000074022
Hubballi-Dharwad Village Junction Cam 7056,15.292511,75.297572,Active,48211000000074028
Hubballi-Dharwad Bus Stand Cam 7057,15.29146,75.29933,Active,48211000000074028
Hubballi-Dharwad Major Town Center Cam 7058,15.290984,75.294787,Active,48211000000074028
Hubballi-Dharwad School Cam 7059,15.294554,75.293987,Active,48211000000074028
Hubballi-Dharwad Bus Stand Cam 7060,15.294449,75.301171,Active,48211000000074028
Hubballi-Dharwad College Cam 7061,15.121605,74.997699,Active,48211000000074024
Hubballi-Dharwad Hospital Cam 7062,15.119527,75.002807,Active,48211000000074024
Hubballi-Dharwad College Cam 7063,15.122708,74.999542,Active,48211000000074024
Hubballi-Dharwad Highway Junction Cam 7064,15.116474,74.999646,Active,48211000000074024
Hubballi-Dharwad College Cam 7065,15.122849,75.004934,Active,48211000000074024
Hubballi-Dharwad Highway Junction Cam 7066,15.121376,75.000191,Active,48211000000074024
Hubballi-Dharwad Highway Junction Cam 7067,15.556159,74.906788,Active,48211000000074025
Hubballi-Dharwad Village Junction Cam 7068,15.55199,74.906629,Active,48211000000074025
Hubballi-Dharwad College Cam 7069,15.556288,74.907909,Active,48211000000074025
Hubballi-Dharwad Market Cam 7070,15.55005,74.905838,Active,48211000000074025
Hubballi-Dharwad Major Town Center Cam 7071,15.552415,74.906849,Active,48211000000074025
Hubballi-Dharwad Commercial Street Cam 7072,15.555023,74.910776,Active,48211000000074025
Hubballi-Dharwad Commercial Street Cam 7073,15.413783,75.296981,Active,48211000000074028
Hubballi-Dharwad Police Station Cam 7074,15.414258,75.296831,Active,48211000000074028
Hubballi-Dharwad College Cam 7075,15.418257,75.292181,Active,48211000000074028
Hubballi-Dharwad Hospital Cam 7076,15.217026,75.091692,Active,48211000000074027
Hubballi-Dharwad School Cam 7077,15.21534,75.093032,Active,48211000000074027
Hubballi-Dharwad Residential Area Cam 7078,15.213349,75.091048,Active,48211000000074027
Hubballi-Dharwad Market Cam 7079,15.214803,75.088357,Active,48211000000074027
Hubballi-Dharwad Residential Area Cam 7080,15.218548,75.093397,Active,48211000000074027
Hubballi-Dharwad Residential Area Cam 7081,15.218701,75.093549,Active,48211000000074027
Hubballi-Dharwad Railway Station Cam 7082,15.616741,74.892004,Active,48211000000074025
Hubballi-Dharwad Railway Station Cam 7083,15.621926,74.890852,Active,48211000000074025
Hubballi-Dharwad Major Town Center Cam 7084,15.618009,74.889755,Active,48211000000074025
Hubballi-Dharwad Industrial Area Cam 7085,15.621023,74.895526,Active,48211000000074025
Hubballi-Dharwad Market Cam 7086,15.619066,74.891666,Active,48211000000074025
Hubballi-Dharwad Bus Stand Cam 7087,15.624369,74.889443,Active,48211000000074025
Hubballi-Dharwad Tourist Point Cam 7088,15.311897,75.115851,Active,48211000000074027
Hubballi-Dharwad Market Cam 7089,15.307078,75.11542,Active,48211000000074027
Hubballi-Dharwad Industrial Area Cam 7090,15.312467,75.109695,Active,48211000000074027
Hubballi-Dharwad Government Office Cam 7091,15.30724,75.111831,Active,48211000000074027
Hubballi-Dharwad Police Station Cam 7092,15.31482,75.111542,Active,48211000000074027
Hubballi-Dharwad Market Cam 7093,15.359961,75.010311,Active,48211000000074029
Hubballi-Dharwad Highway Junction Cam 7094,15.362596,75.010137,Active,48211000000074029
Hubballi-Dharwad Bus Stand Cam 7095,15.450465,75.267832,Active,48211000000074028
Hubballi-Dharwad Police Station Cam 7096,15.452683,75.266235,Active,48211000000074028
Hubballi-Dharwad Tourist Point Cam 7097,15.448295,75.270079,Active,48211000000074028
Hubballi-Dharwad Bus Stand Cam 7098,15.449264,75.269747,Active,48211000000074028
Hubballi-Dharwad Major Town Center Cam 7099,15.586076,75.297484,Active,48211000000074022
Hubballi-Dharwad Hospital Cam 7100,15.583422,75.294382,Active,48211000000074022
Hubballi-Dharwad Government Office Cam 7101,15.585833,75.003207,Active,48211000000074022
Hubballi-Dharwad School Cam 7102,15.587541,75.000128,Active,48211000000074022
Hubballi-Dharwad Village Junction Cam 7103,15.614219,75.136482,Active,48211000000074022
Hubballi-Dharwad Commercial Street Cam 7104,15.615181,75.131245,Active,48211000000074022
Hubballi-Dharwad Government Office Cam 7105,15.616009,75.135318,Active,48211000000074022
Hubballi-Dharwad Police Station Cam 7106,15.214944,74.935945,Active,48211000000074029
Hubballi-Dharwad Residential Area Cam 7107,15.215058,74.938836,Active,48211000000074029
Hubballi-Dharwad Market Cam 7108,15.213526,74.935328,Active,48211000000074029
Hubballi-Dharwad Bus Stand Cam 7109,15.213246,74.93482,Active,48211000000074029
Kolar School Cam 7110,13.153818,77.971914,Active,48211000000074073
Kolar Major Town Center Cam 7111,13.150412,77.967611,Active,48211000000074073
Kolar Major Town Center Cam 7112,13.154109,77.965877,Active,48211000000074073
Kolar Bus Stand Cam 7113,13.150857,77.972048,Active,48211000000074073
Kolar Bus Stand Cam 7114,13.248902,78.567515,Active,48211000000074069
Kolar Hospital Cam 7115,13.252313,78.570176,Active,48211000000074069
Kolar Commercial Street Cam 7116,13.579403,78.219355,Active,48211000000074071
Kolar Bus Stand Cam 7117,13.581413,78.218783,Active,48211000000074071
Kolar School Cam 7118,12.880173,78.297878,Active,48211000000074072
Kolar Market Cam 7119,12.882118,78.299118,Active,48211000000074072
Kolar Market Cam 7120,12.832141,77.980875,Active,48211000000074070
Kolar Village Junction Cam 7121,12.8328,77.980987,Active,48211000000074070
Kolar Highway Junction Cam 7122,12.832736,77.981597,Active,48211000000074070
Kolar College Cam 7123,13.274919,78.248622,Active,48211000000074069
Kolar Highway Junction Cam 7124,13.073087,78.397459,Active,48211000000074069
Kolar Hospital Cam 7125,13.071592,78.392655,Active,48211000000074069
Kolar Bus Stand Cam 7126,13.072186,78.394673,Active,48211000000074069
Kolar Major Town Center Cam 7127,13.004987,78.12515,Active,48211000000074074
Kolar Bus Stand Cam 7128,13.008088,78.126924,Active,48211000000074074
Kolar Hospital Cam 7129,13.568712,78.396676,Active,48211000000074071
Kolar School Cam 7130,13.295454,78.079943,Active,48211000000074073
Kolar Police Station Cam 7131,13.293357,78.079522,Active,48211000000074073
Kolar Hospital Cam 7132,12.979334,77.942464,Active,48211000000074070
Kolar Major Town Center Cam 7133,12.976902,77.944798,Active,48211000000074070
Kolar Government Office Cam 7134,12.977841,77.943315,Active,48211000000074070
Kolar Government Office Cam 7135,12.977556,77.94338,Active,48211000000074070
Kolar Government Office Cam 7136,13.382105,78.364267,Active,48211000000074069
Kolar Police Station Cam 7137,13.130925,78.204878,Active,48211000000074074
Kolar Hospital Cam 7138,13.130601,78.209306,Active,48211000000074074
Kolar Police Station Cam 7139,12.834798,78.164766,Active,48211000000074072
Kolar Residential Area Cam 7140,13.213741,78.386944,Active,48211000000074069
Kolar Residential Area Cam 7141,13.211607,78.385599,Active,48211000000074069
Kolar Hospital Cam 7142,13.218092,78.388881,Active,48211000000074069
Kolar Village Junction Cam 7143,13.127461,78.514756,Active,48211000000074069
Kolar Commercial Street Cam 7144,12.999903,78.273498,Active,48211000000074074
Kolar Highway Junction Cam 7145,13.00594,78.280197,Active,48211000000074074
Kolar Commercial Street Cam 7146,12.998918,78.280401,Active,48211000000074074
Kolar Railway Station Cam 7147,13.002107,78.273782,Active,48211000000074074
Kolar Highway Junction Cam 7148,13.148933,78.087656,Active,48211000000074074
Kolar Bus Stand Cam 7149,13.153193,78.088348,Active,48211000000074074
Kolar Highway Junction Cam 7150,13.464085,78.278631,Active,48211000000074071
Kolar Market Cam 7151,13.468247,78.280592,Active,48211000000074071
Kolar Highway Junction Cam 7152,13.299722,78.449956,Active,48211000000074069
Kolar Village Junction Cam 7153,13.372718,78.152086,Active,48211000000074073
Kolar Market Cam 7154,13.379493,78.146958,Active,48211000000074073
Kolar Major Town Center Cam 7155,12.93765,78.037475,Active,48211000000074074
Kolar Hospital Cam 7156,12.930815,78.0424,Active,48211000000074074
Kolar Hospital Cam 7157,12.969499,78.418694,Active,48211000000074072
Kolar Police Station Cam 7158,12.972702,78.417592,Active,48211000000074072
Kolar Police Station Cam 7159,12.97254,78.416828,Active,48211000000074072
Kolar Village Junction Cam 7160,13.043148,78.024003,Active,48211000000074074
Kolar Industrial Area Cam 7161,13.043411,78.028724,Active,48211000000074074
Kolar Market Cam 7162,13.046027,78.023972,Active,48211000000074074
Kolar Major Town Center Cam 7163,12.928661,78.205709,Active,48211000000074072
Kolar Railway Station Cam 7164,12.93152,78.205622,Active,48211000000074072
Kolar College Cam 7165,13.188528,78.281753,Active,48211000000074069
Kolar School Cam 7166,13.100211,78.299827,Active,48211000000074069
Kolar Tourist Point Cam 7167,13.105609,78.294557,Active,48211000000074069
Kolar Police Station Cam 7168,13.10003,78.296071,Active,48211000000074069
Kolar Police Station Cam 7169,13.217754,78.179815,Active,48211000000074069
Kolar Village Junction Cam 7170,13.220805,78.179328,Active,48211000000074069
Kolar Market Cam 7171,12.910683,77.890864,Active,48211000000074070
Kolar Residential Area Cam 7172,12.911621,77.887208,Active,48211000000074070
Kolar Major Town Center Cam 7173,12.914133,77.89188,Active,48211000000074070
Kolar College Cam 7174,12.917667,77.892715,Active,48211000000074070
Kolar Major Town Center Cam 7175,12.905017,78.121821,Active,48211000000074074
Kolar Hospital Cam 7176,12.903348,78.119442,Active,48211000000074074
Kolar Hospital Cam 7177,12.904657,78.115704,Active,48211000000074074
Kolar Hospital Cam 7178,13.046678,78.200602,Active,48211000000074074
Kolar Major Town Center Cam 7179,13.047996,78.203706,Active,48211000000074074
Kolar Commercial Street Cam 7180,13.044287,78.206145,Active,48211000000074074
Kolar School Cam 7181,13.307034,78.32862,Active,48211000000074069
Kolar Highway Junction Cam 7182,13.307537,78.330177,Active,48211000000074069
Kolar Village Junction Cam 7183,13.308383,78.332245,Active,48211000000074069
Kolar Commercial Street Cam 7184,13.547227,78.293601,Active,48211000000074071
Kolar Bus Stand Cam 7185,13.548555,78.293771,Active,48211000000074071
Kolar Village Junction Cam 7186,13.55086,78.28745,Active,48211000000074071
Kolar Village Junction Cam 7187,13.086665,77.938512,Active,48211000000074074
Kolar Market Cam 7188,13.08246,77.937758,Active,48211000000074074
Kolar Commercial Street Cam 7189,13.086834,77.936848,Active,48211000000074074
Kolar Residential Area Cam 7190,13.084092,77.94148,Active,48211000000074074
Kolar Village Junction Cam 7191,13.478061,78.358162,Active,48211000000074071
Kolar Police Station Cam 7192,13.349151,78.242023,Active,48211000000074069
Kolar Village Junction Cam 7193,13.349043,78.238867,Active,48211000000074069
Kolar Village Junction Cam 7194,13.231051,77.97071,Active,48211000000074073
Kolar Police Station Cam 7195,13.229431,77.974738,Active,48211000000074073
Kolar Tourist Point Cam 7196,12.840036,78.239953,Active,48211000000074072
Kolar School Cam 7197,12.836515,78.239346,Active,48211000000074072
Kolar Government Office Cam 7198,12.840534,78.238841,Active,48211000000074072
Kolar Major Town Center Cam 7199,13.085823,78.143321,Active,48211000000074074
Kolar Major Town Center Cam 7200,13.091182,78.147684,Active,48211000000074074
Kolar Industrial Area Cam 7201,13.08965,78.14959,Active,48211000000074074
Kolar Market Cam 7202,13.09025,78.143893,Active,48211000000074074
Kolar Highway Junction Cam 7203,13.14665,78.407355,Active,48211000000074069
Kolar Government Office Cam 7204,13.191041,78.035758,Active,48211000000074073
Kolar Police Station Cam 7205,13.18968,78.033273,Active,48211000000074073
Kolar Industrial Area Cam 7206,13.188138,78.037116,Active,48211000000074073
Kolar Major Town Center Cam 7207,13.195652,78.032479,Active,48211000000074073
Kolar Major Town Center Cam 7208,13.225874,78.096778,Active,48211000000074073
Kolar Bus Stand Cam 7209,13.231104,78.102106,Active,48211000000074073
Kolar Village Junction Cam 7210,13.036406,78.445694,Active,48211000000074069
Kolar Commercial Street Cam 7211,13.035805,78.44322,Active,48211000000074069
Kolar Government Office Cam 7212,13.036542,78.446529,Active,48211000000074069
Kolar Residential Area Cam 7213,13.031471,78.450153,Active,48211000000074069
Kolar Market Cam 7214,13.083171,78.077386,Active,48211000000074074
Kolar School Cam 7215,13.08723,78.079616,Active,48211000000074074
Kolar Police Station Cam 7216,13.090444,78.076096,Active,48211000000074074
Kolar Government Office Cam 7217,13.255878,78.49708,Active,48211000000074069
Kolar Commercial Street Cam 7218,13.253218,78.495379,Active,48211000000074069
Kolar Commercial Street Cam 7219,12.8727,78.032876,Active,48211000000074070
Kolar Commercial Street Cam 7220,12.874666,78.02825,Active,48211000000074070
Kolar Police Station Cam 7221,13.032823,77.895471,Active,48211000000074070
Kolar Market Cam 7222,13.038852,77.901134,Active,48211000000074070
Kolar Bus Stand Cam 7223,13.038305,77.89671,Active,48211000000074070
Kolar Government Office Cam 7224,12.925723,77.976213,Active,48211000000074070
Kolar Police Station Cam 7225,13.186677,78.573024,Active,48211000000074069
Kolar Railway Station Cam 7226,12.937609,78.315154,Active,48211000000074072
Kolar Village Junction Cam 7227,12.939479,78.314835,Active,48211000000074072
Kolar Major Town Center Cam 7228,12.937566,78.317735,Active,48211000000074072
Kolar Highway Junction Cam 7229,13.018536,78.365902,Active,48211000000074069
Kolar Commercial Street Cam 7230,13.016727,78.36465,Active,48211000000074069
Kolar Market Cam 7231,13.193792,78.440153,Active,48211000000074069
Kolar School Cam 7232,13.191085,78.4419,Active,48211000000074069
Kolar Market Cam 7233,13.403726,78.265157,Active,48211000000074069
Kolar Residential Area Cam 7234,13.410046,78.262323,Active,48211000000074069
Kolar Market Cam 7235,13.273109,78.139053,Active,48211000000074073
Kolar Industrial Area Cam 7236,13.269172,78.142526,Active,48211000000074073
Kolar Village Junction Cam 7237,12.816017,78.112135,Active,48211000000074072
Raichur Major Town Center Cam 7238,16.2433,76.764742,Active,48211000000074101
Raichur Tourist Point Cam 7239,16.241597,76.771219,Active,48211000000074101
Raichur Police Station Cam 7240,16.239318,76.768301,Active,48211000000074101
Raichur Village Junction Cam 7241,16.246144,76.771162,Active,48211000000074101
Raichur Police Station Cam 7242,15.940202,77.469815,Active,48211000000074098
Raichur Tourist Point Cam 7243,15.942161,77.473167,Active,48211000000074098
Raichur Industrial Area Cam 7244,15.939783,77.472391,Active,48211000000074098
Raichur Government Office Cam 7245,15.602156,76.760847,Active,48211000000074100
Raichur Residential Area Cam 7246,15.919189,76.323234,Active,48211000000074099
Raichur Residential Area Cam 7247,15.915145,76.326259,Active,48211000000074099
Raichur Market Cam 7248,15.919264,76.327763,Active,48211000000074099
Raichur Highway Junction Cam 7249,15.921379,76.326106,Active,48211000000074099
Raichur Commercial Street Cam 7250,16.404149,77.284921,Active,48211000000074105
Raichur Railway Station Cam 7251,16.057444,77.104328,Active,48211000000074098
Raichur Industrial Area Cam 7252,16.053679,77.103737,Active,48211000000074098
Raichur Major Town Center Cam 7253,16.060639,77.106985,Active,48211000000074098
Raichur Commercial Street Cam 7254,15.93761,76.662422,Active,48211000000074102
Raichur Major Town Center Cam 7255,15.944742,76.663999,Active,48211000000074102
Raichur Police Station Cam 7256,15.942129,76.668066,Active,48211000000074102
Raichur College Cam 7257,15.939108,76.662333,Active,48211000000074102
Raichur School Cam 7258,16.203802,76.436109,Active,48211000000074099
Raichur Village Junction Cam 7259,16.205062,76.433455,Active,48211000000074099
Raichur Hospital Cam 7260,16.206435,76.440142,Active,48211000000074099
Raichur Residential Area Cam 7261,16.205279,76.43348,Active,48211000000074099
Raichur School Cam 7262,16.458631,76.984612,Active,48211000000074105
Raichur Railway Station Cam 7263,16.460018,76.983026,Active,48211000000074105
Raichur Market Cam 7264,15.790132,76.975228,Active,48211000000074100
Raichur Residential Area Cam 7265,15.791063,76.969661,Active,48211000000074100
Raichur Government Office Cam 7266,15.712376,76.493081,Active,48211000000074104
Raichur Hospital Cam 7267,16.282604,77.510575,Active,48211000000074103
Raichur Government Office Cam 7268,16.277135,77.513515,Active,48211000000074103
Raichur Tourist Point Cam 7269,16.280101,77.510076,Active,48211000000074103
Raichur Residential Area Cam 7270,16.28103,77.517135,Active,48211000000074103
Raichur Village Junction Cam 7271,15.999363,76.884741,Active,48211000000074102
Raichur Major Town Center Cam 7272,15.996333,76.878045,Active,48211000000074102
Raichur Market Cam 7273,15.999715,76.878413,Active,48211000000074102
Raichur Residential Area Cam 7274,16.267044,77.087879,Active,48211000000074098
Raichur Residential Area Cam 7275,16.268342,77.089707,Active,48211000000074098
Raichur Commercial Street Cam 7276,16.265327,77.091951,Active,48211000000074098
Raichur School Cam 7277,15.787245,76.775745,Active,48211000000074100
Raichur College Cam 7278,15.788694,76.773457,Active,48211000000074100
Raichur Commercial Street Cam 7279,15.790471,76.770464,Active,48211000000074100
Raichur Industrial Area Cam 7280,15.787718,76.775537,Active,48211000000074100
Raichur Market Cam 7281,15.992573,77.303532,Active,48211000000074098
Raichur Bus Stand Cam 7282,15.99502,77.304688,Active,48211000000074098
Raichur Commercial Street Cam 7283,15.993748,77.298472,Active,48211000000074098
Raichur Railway Station Cam 7284,15.995131,77.304414,Active,48211000000074098
Raichur College Cam 7285,16.415407,76.783799,Active,48211000000074101
Raichur Market Cam 7286,16.412671,76.783924,Active,48211000000074101
Raichur Highway Junction Cam 7287,16.415036,76.785781,Active,48211000000074101
Raichur Industrial Area Cam 7288,16.054337,76.530337,Active,48211000000074102
Raichur Residential Area Cam 7289,16.163785,76.919942,Active,48211000000074101
Raichur Market Cam 7290,16.164369,76.923244,Active,48211000000074101
Raichur School Cam 7291,16.165281,76.9206,Active,48211000000074101
Raichur Major Town Center Cam 7292,15.881378,76.509842,Active,48211000000074104
Raichur Hospital Cam 7293,15.880008,76.509355,Active,48211000000074104
Raichur Police Station Cam 7294,16.204899,77.370587,Active,48211000000074098
Raichur Tourist Point Cam 7295,16.206256,77.370968,Active,48211000000074098
Raichur Highway Junction Cam 7296,16.201947,77.367401,Active,48211000000074098
Raichur Police Station Cam 7297,16.328964,76.628737,Active,48211000000074101
Raichur Major Town Center Cam 7298,16.096677,77.485806,Active,48211000000074103
Raichur Village Junction Cam 7299,16.095267,77.481963,Active,48211000000074103
Raichur Tourist Point Cam 7300,16.109207,76.709706,Active,48211000000074102
Raichur Industrial Area Cam 7301,16.109271,76.716747,Active,48211000000074102
Raichur Market Cam 7302,16.102807,76.712971,Active,48211000000074102
Raichur Highway Junction Cam 7303,16.157353,77.204558,Active,48211000000074098
Raichur Government Office Cam 7304,16.157638,77.208602,Active,48211000000074098
Raichur Tourist Point Cam 7305,16.15658,77.208832,Active,48211000000074098
Raichur Railway Station Cam 7306,16.158465,77.208857,Active,48211000000074098
Raichur College Cam 7307,16.335535,76.905167,Active,48211000000074101
Raichur Highway Junction Cam 7308,16.181198,76.587314,Active,48211000000074102
Raichur Bus Stand Cam 7309,16.182477,76.581401,Active,48211000000074102
Raichur Village Junction Cam 7310,16.048553,76.317569,Active,48211000000074099
Raichur Commercial Street Cam 7311,16.04906,76.318797,Active,48211000000074099
Raichur Highway Junction Cam 7312,16.053625,76.316307,Active,48211000000074099
Raichur Commercial Street Cam 7313,15.730713,76.661509,Active,48211000000074100
Raichur Hospital Cam 7314,15.73035,76.666218,Active,48211000000074100
Raichur Police Station Cam 7315,15.734705,76.664454,Active,48211000000074100
Raichur Hospital Cam 7316,15.730001,76.665993,Active,48211000000074100
Raichur Tourist Point Cam 7317,15.946637,76.986847,Active,48211000000074098
Raichur College Cam 7318,15.941369,76.987843,Active,48211000000074098
Raichur Bus Stand Cam 7319,15.948311,76.989067,Active,48211000000074098
Raichur College Cam 7320,16.357134,77.423725,Active,48211000000074103
Raichur Major Town Center Cam 7321,16.165563,76.323669,Active,48211000000074099
Raichur Police Station Cam 7322,16.164585,76.321888,Active,48211000000074099
Raichur Village Junction Cam 7323,16.164235,76.322717,Active,48211000000074099
Raichur Residential Area Cam 7324,15.993498,76.759045,Active,48211000000074102
Raichur Bus Stand Cam 7325,15.997753,76.760549,Active,48211000000074102
Raichur Highway Junction Cam 7326,16.15084,77.043052,Active,48211000000074098
Raichur Market Cam 7327,16.150389,77.037685,Active,48211000000074098
Raichur Bus Stand Cam 7328,16.148205,77.043009,Active,48211000000074098
Raichur Residential Area Cam 7329,16.147306,77.040478,Active,48211000000074098
Raichur Highway Junction Cam 7330,15.952983,77.102412,Active,48211000000074098
Raichur School Cam 7331,15.952708,77.097751,Active,48211000000074098
Raichur Railway Station Cam 7332,15.951146,77.10198,Active,48211000000074098
Raichur College Cam 7333,16.277893,77.299953,Active,48211000000074098
Raichur Government Office Cam 7334,15.897712,76.868154,Active,48211000000074100
Raichur Major Town Center Cam 7335,15.894165,76.866635,Active,48211000000074100
Raichur College Cam 7336,16.318141,77.180519,Active,48211000000074105
Raichur Commercial Street Cam 7337,16.029086,76.433315,Active,48211000000074099
Raichur Market Cam 7338,16.033962,76.432578,Active,48211000000074099
Raichur Hospital Cam 7339,16.030266,76.43315,Active,48211000000074099
Raichur Police Station Cam 7340,16.408923,77.066145,Active,48211000000074105
Raichur Major Town Center Cam 7341,16.040285,77.008838,Active,48211000000074098
Raichur Major Town Center Cam 7342,16.040447,77.010467,Active,48211000000074098
Raichur School Cam 7343,16.439649,76.878652,Active,48211000000074101
Raichur Hospital Cam 7344,16.090073,77.384432,Active,48211000000074098
Raichur Residential Area Cam 7345,15.780188,76.562155,Active,48211000000074104
Raichur Hospital Cam 7346,15.785179,76.561582,Active,48211000000074104
Raichur Major Town Center Cam 7347,15.784087,76.562692,Active,48211000000074104
Raichur School Cam 7348,15.785204,76.56741,Active,48211000000074104
Raichur School Cam 7349,16.051771,77.230884,Active,48211000000074098
Raichur School Cam 7350,16.051822,77.228928,Active,48211000000074098
Raichur Village Junction Cam 7351,16.057439,77.229587,Active,48211000000074098
Raichur College Cam 7352,16.053713,77.233062,Active,48211000000074098
Raichur Government Office Cam 7353,15.827508,76.664434,Active,48211000000074100
Raichur Railway Station Cam 7354,15.824989,76.668287,Active,48211000000074100
Raichur College Cam 7355,16.100283,76.859482,Active,48211000000074102
Raichur Market Cam 7356,16.099015,76.859584,Active,48211000000074102
Raichur Major Town Center Cam 7357,16.251892,76.520797,Active,48211000000074102
Raichur Market Cam 7358,16.251701,76.521789,Active,48211000000074102
Raichur Police Station Cam 7359,16.253636,76.516593,Active,48211000000074102
Raichur Government Office Cam 7360,16.23868,76.973634,Active,48211000000074105
Raichur Highway Junction Cam 7361,15.942108,76.41896,Active,48211000000074104
Raichur Commercial Street Cam 7362,16.023041,76.621962,Active,48211000000074102
Raichur Government Office Cam 7363,15.683983,76.756686,Active,48211000000074100
Raichur Village Junction Cam 7364,15.688727,76.754888,Active,48211000000074100
Raichur Highway Junction Cam 7365,15.689576,76.752054,Active,48211000000074100
Raichur School Cam 7366,16.114219,76.402846,Active,48211000000074099
Raichur Major Town Center Cam 7367,15.975232,76.522096,Active,48211000000074102
Raichur Government Office Cam 7368,15.973767,76.517491,Active,48211000000074102
Raichur Bus Stand Cam 7369,15.977174,76.520535,Active,48211000000074102
Raichur Major Town Center Cam 7370,15.733594,76.914071,Active,48211000000074100
Raichur College Cam 7371,15.736534,76.913614,Active,48211000000074100
Raichur Major Town Center Cam 7372,15.73358,76.914631,Active,48211000000074100
Ramanagara School Cam 7373,12.556077,77.259887,Active,48211000000074108
Ramanagara Government Office Cam 7374,12.55688,77.259499,Active,48211000000074108
Ramanagara Market Cam 7375,13.174986,77.186246,Active,48211000000074106
Ramanagara Major Town Center Cam 7376,12.30824,77.557414,Active,48211000000074107
Ramanagara Market Cam 7377,12.674503,77.594754,Active,48211000000074109
Ramanagara Residential Area Cam 7378,12.678959,77.597446,Active,48211000000074109
Ramanagara College Cam 7379,12.680424,77.597965,Active,48211000000074109
Ramanagara Market Cam 7380,12.863489,77.311885,Active,48211000000074110
Ramanagara Market Cam 7381,12.710357,77.10446,Active,48211000000074108
Ramanagara School Cam 7382,12.339628,77.345185,Active,48211000000074107
Ramanagara Village Junction Cam 7383,12.338101,77.343042,Active,48211000000074107
Ramanagara Market Cam 7384,12.490554,77.498903,Active,48211000000074107
Ramanagara Commercial Street Cam 7385,12.49199,77.494571,Active,48211000000074107
Ramanagara Railway Station Cam 7386,12.4922,77.499402,Active,48211000000074107
Ramanagara Highway Junction Cam 7387,13.005168,77.117671,Active,48211000000074106
Ramanagara Market Cam 7388,13.003299,77.11345,Active,48211000000074106
Ramanagara Village Junction Cam 7389,13.000504,77.114932,Active,48211000000074106
Ramanagara School Cam 7390,13.004363,77.114777,Active,48211000000074106
Ramanagara Railway Station Cam 7391,12.656836,77.410481,Active,48211000000074109
Ramanagara College Cam 7392,12.656746,77.40617,Active,48211000000074109
Ramanagara College Cam 7393,12.655656,77.413393,Active,48211000000074109
Ramanagara Bus Stand Cam 7394,12.656045,77.406419,Active,48211000000074109
Ramanagara Commercial Street Cam 7395,13.046664,77.322619,Active,48211000000074106
Ramanagara Residential Area Cam 7396,13.045871,77.325259,Active,48211000000074106
Ramanagara Village Junction Cam 7397,13.045871,77.325259,Active,48211000000074106
Ramanagara Bus Stand Cam 7398,13.045871,77.325259,Active,48211000000074106
Ramanagara Bus Stand Cam 7399,12.794269,77.471467,Active,48211000000074109
Ramanagara Major Town Center Cam 7400,12.792473,77.471768,Active,48211000000074109
Ramanagara College Cam 7401,12.793966,77.470791,Active,48211000000074109
Ramanagara College Cam 7402,12.795552,77.467382,Active,48211000000074109
Ramanagara Police Station Cam 7403,12.492765,77.13263,Active,48211000000074108
Ramanagara Hospital Cam 7404,12.495684,77.130872,Active,48211000000074108
Ramanagara Tourist Point Cam 7405,12.491714,77.12922,Active,48211000000074108
Ramanagara Commercial Street Cam 7406,12.492321,77.134061,Active,48211000000074108
Ramanagara Tourist Point Cam 7407,12.749037,77.243527,Active,48211000000074110
Ramanagara School Cam 7408,12.744659,77.244763,Active,48211000000074110
Ramanagara Commercial Street Cam 7409,12.74865,77.239531,Active,48211000000074110
Ramanagara Police Station Cam 7410,12.7503,77.240683,Active,48211000000074110
Ramanagara Highway Junction Cam 7411,12.451228,77.622155,Active,48211000000074107
Ramanagara Hospital Cam 7412,12.444621,77.62195,Active,48211000000074107
Ramanagara Village Junction Cam 7413,12.474486,77.375948,Active,48211000000074107
Ramanagara Police Station Cam 7414,12.473158,77.372049,Active,48211000000074107
Ramanagara Major Town Center Cam 7415,12.855335,77.186591,Active,48211000000074110
Ramanagara Police Station Cam 7416,12.850436,77.184455,Active,48211000000074110
Ramanagara Tourist Point Cam 7417,12.854908,77.182878,Active,48211000000074110
Ramanagara School Cam 7418,12.849017,77.18322,Active,48211000000074110
Ramanagara Hospital Cam 7419,12.763438,77.362763,Active,48211000000074110
Ramanagara Major Town Center Cam 7420,13.060641,77.215254,Active,48211000000074106
Ramanagara School Cam 7421,13.0564,77.218931,Active,48211000000074106
Ramanagara College Cam 7422,12.595481,77.513144,Active,48211000000074109
Ramanagara Market Cam 7423,12.293893,77.43806,Active,48211000000074107
Ramanagara Market Cam 7424,12.29266,77.435869,Active,48211000000074107
Ramanagara School Cam 7425,12.948029,77.245413,Active,48211000000074110
Ramanagara Hospital Cam 7426,12.947942,77.250287,Active,48211000000074110
Ramanagara Commercial Street Cam 7427,13.109947,77.105948,Active,48211000000074106
Ramanagara Residential Area Cam 7428,13.109985,77.109899,Active,48211000000074106
Ramanagara Hospital Cam 7429,12.395732,77.455448,Active,48211000000074107
Ramanagara Major Town Center Cam 7430,12.399994,77.456112,Active,48211000000074107
Ramanagara Police Station Cam 7431,12.664352,77.31158,Active,48211000000074110
Ramanagara Government Office Cam 7432,12.661428,77.309177,Active,48211000000074110
Ramanagara Bus Stand Cam 7433,12.456878,77.279319,Active,48211000000074108
Ramanagara Industrial Area Cam 7434,12.45641,77.282005,Active,48211000000074108
Ramanagara Government Office Cam 7435,12.457397,77.281463,Active,48211000000074108
Ramanagara School Cam 7436,12.453529,77.277093,Active,48211000000074108
Ramanagara Police Station Cam 7437,12.673752,77.182179,Active,48211000000074108
Ramanagara Village Junction Cam 7438,12.682824,77.50339,Active,48211000000074109
Ramanagara College Cam 7439,12.688956,77.500458,Active,48211000000074109
Ramanagara Highway Junction Cam 7440,12.68562,77.502717,Active,48211000000074109
Ramanagara Hospital Cam 7441,12.573027,77.404341,Active,48211000000074109
Ramanagara Market Cam 7442,12.56912,77.404786,Active,48211000000074109
Ramanagara Residential Area Cam 7443,12.547286,77.5704,Active,48211000000074109
Ramanagara Commercial Street Cam 7444,12.548348,77.573832,Active,48211000000074109
Ramanagara Major Town Center Cam 7445,12.54589,77.578042,Active,48211000000074109
Ramanagara Government Office Cam 7446,12.755761,77.546646,Active,48211000000074109
Ramanagara Government Office Cam 7447,12.758076,77.549305,Active,48211000000074109
Ramanagara Hospital Cam 7448,12.754753,77.545803,Active,48211000000074109
Ramanagara Market Cam 7449,12.752612,77.548554,Active,48211000000074109
Ramanagara Police Station Cam 7450,12.564057,77.171724,Active,48211000000074108
Ramanagara School Cam 7451,13.141411,77.26236,Active,48211000000074106
Ramanagara Commercial Street Cam 7452,13.141387,77.259583,Active,48211000000074106
Ramanagara Residential Area Cam 7453,12.395767,77.528421,Active,48211000000074107
Ramanagara Police Station Cam 7454,12.392462,77.534523,Active,48211000000074107
Ramanagara Railway Station Cam 7455,12.392682,77.53357,Active,48211000000074107
Ramanagara Village Junction Cam 7456,12.395565,77.530659,Active,48211000000074107
Ramanagara Market Cam 7457,12.949211,77.167879,Active,48211000000074106
Ramanagara Hospital Cam 7458,12.947441,77.162348,Active,48211000000074106
Ramanagara Highway Junction Cam 7459,12.950213,77.164311,Active,48211000000074106
Ramanagara Village Junction Cam 7460,12.949086,77.16113,Active,48211000000074106
Ramanagara Railway Station Cam 7461,12.722419,77.441959,Active,48211000000074109
Ramanagara College Cam 7462,12.754064,77.177028,Active,48211000000074108
Ramanagara Village Junction Cam 7463,12.747722,77.16992,Active,48211000000074108
Ramanagara Commercial Street Cam 7464,12.391771,77.301987,Active,48211000000074107
Ramanagara College Cam 7465,12.390612,77.300826,Active,48211000000074107
Ramanagara School Cam 7466,12.396922,77.306667,Active,48211000000074107
Ramanagara Bus Stand Cam 7467,12.617646,77.230677,Active,48211000000074108
Ramanagara College Cam 7468,12.476603,77.555777,Active,48211000000074107
Ramanagara Government Office Cam 7469,12.471775,77.560257,Active,48211000000074107
Ramanagara Residential Area Cam 7470,12.545194,77.319161,Active,48211000000074108
Ramanagara Government Office Cam 7471,12.344702,77.490185,Active,48211000000074107
Ramanagara Residential Area Cam 7472,12.813779,77.395623,Active,48211000000074110
Ramanagara Major Town Center Cam 7473,12.814846,77.397959,Active,48211000000074110
Ramanagara Residential Area Cam 7474,12.81442,77.399702,Active,48211000000074110
Ramanagara Government Office Cam 7475,12.407437,77.393303,Active,48211000000074107
Ramanagara Government Office Cam 7476,12.405567,77.396222,Active,48211000000074107
Ramanagara Highway Junction Cam 7477,12.494912,77.432275,Active,48211000000074107
Ramanagara Village Junction Cam 7478,12.491631,77.429803,Active,48211000000074107
Ramanagara College Cam 7479,12.488976,77.432206,Active,48211000000074107
Ramanagara Major Town Center Cam 7480,12.495434,77.430001,Active,48211000000074107
Ramanagara Government Office Cam 7481,12.396399,77.591083,Active,48211000000074107
Ramanagara Market Cam 7482,12.393513,77.590741,Active,48211000000074107
Ramanagara Residential Area Cam 7483,12.396414,77.591142,Active,48211000000074107
Ramanagara Village Junction Cam 7484,12.991469,77.301323,Active,48211000000074110
Ramanagara School Cam 7485,12.995471,77.302407,Active,48211000000074110
Ramanagara Government Office Cam 7486,12.988204,77.301236,Active,48211000000074110
Ramanagara Police Station Cam 7487,12.68356,77.260264,Active,48211000000074108
Ramanagara College Cam 7488,12.68805,77.259911,Active,48211000000074108
Ramanagara Railway Station Cam 7489,12.686104,77.260399,Active,48211000000074108
Ramanagara Major Town Center Cam 7490,12.690721,77.258203,Active,48211000000074108
Ramanagara Major Town Center Cam 7491,12.854251,77.242866,Active,48211000000074110
Ramanagara School Cam 7492,12.852393,77.242775,Active,48211000000074110
Ramanagara Village Junction Cam 7493,12.852229,77.238626,Active,48211000000074110
Ramanagara Village Junction Cam 7494,12.853531,77.245361,Active,48211000000074110
Ramanagara Industrial Area Cam 7495,12.591816,77.350377,Active,48211000000074108
Ramanagara Market Cam 7496,12.593481,77.351102,Active,48211000000074108
Ramanagara Industrial Area Cam 7497,12.590419,77.347261,Active,48211000000074108
Ramanagara Hospital Cam 7498,13.039203,77.157064,Active,48211000000074106
Ramanagara Hospital Cam 7499,13.04057,77.159475,Active,48211000000074106
Ramanagara Village Junction Cam 7500,13.037866,77.160513,Active,48211000000074106
