CameraName,Latitude,Longitude,Status,UnitId
Kalaburagi Major Town Center Cam 1501,17.021891,77.240437,Active,48211000000074063
Kalaburagi Highway Junction Cam 1502,17.014915,77.244212,Active,48211000000074063
Kalaburagi Major Town Center Cam 1503,17.080069,76.580128,Active,48211000000074061
Kalaburagi Hospital Cam 1504,17.084646,76.583529,Active,48211000000074061
Kalaburagi Government Office Cam 1505,17.078157,76.583713,Active,48211000000074061
Kalaburagi Market Cam 1506,17.084975,76.577438,Active,48211000000074061
Kalaburagi Highway Junction Cam 1507,17.453493,77.563562,Active,48211000000074057
Kalaburagi Government Office Cam 1508,17.45018,77.564605,Active,48211000000074057
Kalaburagi Railway Station Cam 1509,17.321686,76.6231,Active,48211000000074058
Kalaburagi Market Cam 1510,17.32454,76.624383,Active,48211000000074058
Kalaburagi Village Junction Cam 1511,17.328794,76.623274,Active,48211000000074058
Kalaburagi Government Office Cam 1512,17.326541,76.623492,Active,48211000000074058
Kalaburagi Market Cam 1513,17.548526,77.128293,Active,48211000000074059
Kalaburagi Police Station Cam 1514,17.545302,77.129213,Active,48211000000074059
Kalaburagi Major Town Center Cam 1515,17.094205,76.99604,Active,48211000000074060
Kalaburagi Tourist Point Cam 1516,17.093483,76.998936,Active,48211000000074060
Kalaburagi School Cam 1517,17.092491,77.002056,Active,48211000000074060
Kalaburagi Hospital Cam 1518,17.089895,77.002531,Active,48211000000074060
Kalaburagi Tourist Point Cam 1519,17.543428,77.006215,Active,48211000000074059
Kalaburagi Hospital Cam 1520,17.545757,77.005519,Active,48211000000074059
Kalaburagi Highway Junction Cam 1521,17.546549,77.002559,Active,48211000000074059
Kalaburagi Government Office Cam 1522,17.546227,77.004703,Active,48211000000074059
Kalaburagi Police Station Cam 1523,17.547941,77.006231,Active,48211000000074059
Kalaburagi Bus Stand Cam 1524,17.456856,76.567818,Active,48211000000074062
Kalaburagi Highway Junction Cam 1525,17.456123,76.567448,Active,48211000000074062
Kalaburagi Market Cam 1526,17.457271,76.566245,Active,48211000000074062
Kalaburagi Industrial Area Cam 1527,17.251649,76.296685,Active,48211000000074061
Kalaburagi Major Town Center Cam 1528,17.249923,76.298059,Active,48211000000074061
Kalaburagi Market Cam 1529,17.246956,76.299171,Active,48211000000074061
Kalaburagi Highway Junction Cam 1530,17.528604,77.525258,Active,48211000000074057
Kalaburagi Village Junction Cam 1531,17.52763,77.525616,Active,48211000000074057
Kalaburagi Government Office Cam 1532,17.533129,77.521792,Active,48211000000074057
Kalaburagi Commercial Street Cam 1533,17.716678,76.59891,Active,48211000000074056
Kalaburagi Bus Stand Cam 1534,17.716548,76.597975,Active,48211000000074056
Kalaburagi Market Cam 1535,17.712849,76.59694,Active,48211000000074056
Kalaburagi School Cam 1536,17.713254,76.595437,Active,48211000000074056
Kalaburagi Commercial Street Cam 1537,17.715275,76.596142,Active,48211000000074056
Kalaburagi Commercial Street Cam 1538,17.714137,76.595104,Active,48211000000074056
Kalaburagi Major Town Center Cam 1539,17.187992,76.463407,Active,48211000000074061
Kalaburagi Market Cam 1540,17.190109,76.463992,Active,48211000000074061
Kalaburagi Residential Area Cam 1541,17.187298,76.462467,Active,48211000000074061
Kalaburagi Major Town Center Cam 1542,17.190938,76.461435,Active,48211000000074061
Kalaburagi Industrial Area Cam 1543,17.185415,76.460155,Active,48211000000074061
Kalaburagi Bus Stand Cam 1544,17.069081,77.364655,Active,48211000000074063
Kalaburagi Major Town Center Cam 1545,17.067811,77.366995,Active,48211000000074063
Kalaburagi Major Town Center Cam 1546,17.062117,77.371621,Active,48211000000074063
Kalaburagi Bus Stand Cam 1547,17.068755,77.369896,Active,48211000000074063
Kalaburagi Hospital Cam 1548,17.067093,77.365577,Active,48211000000074063
Kalaburagi Industrial Area Cam 1549,17.039057,77.072024,Active,48211000000074060
Kalaburagi Highway Junction Cam 1550,17.039371,77.068931,Active,48211000000074060
Kalaburagi Tourist Point Cam 1551,17.043972,77.074668,Active,48211000000074060
Kalaburagi Government Office Cam 1552,17.024083,76.52333,Active,48211000000074061
Kalaburagi School Cam 1553,17.025785,76.527889,Active,48211000000074061
Kalaburagi School Cam 1554,17.450031,77.36245,Active,48211000000074053
Kalaburagi Police Station Cam 1555,17.447832,77.362305,Active,48211000000074053
Kalaburagi Bus Stand Cam 1556,17.449057,77.357037,Active,48211000000074053
Kalaburagi Tourist Point Cam 1557,17.446101,77.360068,Active,48211000000074053
Kalaburagi Market Cam 1558,17.442526,77.359862,Active,48211000000074053
Kalaburagi Major Town Center Cam 1559,17.443862,77.360475,Active,48211000000074053
Kalaburagi College Cam 1560,16.973895,77.106577,Active,48211000000074060
Kalaburagi Bus Stand Cam 1561,16.977159,77.110038,Active,48211000000074060
Kalaburagi Market Cam 1562,17.525325,76.484043,Active,48211000000074062
Kalaburagi Commercial Street Cam 1563,17.531687,76.490398,Active,48211000000074062
Kalaburagi Village Junction Cam 1564,17.529638,76.483491,Active,48211000000074062
Kalaburagi Industrial Area Cam 1565,17.527954,76.487626,Active,48211000000074062
Kalaburagi Bus Stand Cam 1566,17.531292,76.486647,Active,48211000000074062
Kalaburagi Market Cam 1567,17.529697,76.489535,Active,48211000000074062
Kalaburagi Commercial Street Cam 1568,17.487094,76.882956,Active,48211000000074056
Kalaburagi Police Station Cam 1569,17.486209,76.881719,Active,48211000000074056
Kalaburagi Highway Junction Cam 1570,17.488402,76.886502,Active,48211000000074056
Kalaburagi Residential Area Cam 1571,17.547735,76.723122,Active,48211000000074056
Kalaburagi Bus Stand Cam 1572,17.551458,76.728405,Active,48211000000074056
Kalaburagi Village Junction Cam 1573,17.550643,76.725332,Active,48211000000074056
Kalaburagi Highway Junction Cam 1574,17.426128,77.072327,Active,48211000000074059
Kalaburagi Major Town Center Cam 1575,17.426404,77.07301,Active,48211000000074059
Kalaburagi Major Town Center Cam 1576,16.949678,77.273793,Active,48211000000074063
Kalaburagi Major Town Center Cam 1577,16.946491,77.274442,Active,48211000000074063
Kalaburagi Village Junction Cam 1578,16.947855,77.275375,Active,48211000000074063
Kalaburagi Residential Area Cam 1579,16.854193,76.779941,Active,48211000000074055
Kalaburagi Village Junction Cam 1580,16.850518,76.778639,Active,48211000000074055
Kalaburagi Industrial Area Cam 1581,16.855217,76.784222,Active,48211000000074055
Kalaburagi Railway Station Cam 1582,16.84965,76.78245,Active,48211000000074055
Kalaburagi Government Office Cam 1583,16.852781,76.778366,Active,48211000000074055
Kalaburagi Highway Junction Cam 1584,17.090868,76.862448,Active,48211000000074058
Kalaburagi Village Junction Cam 1585,17.093472,76.859898,Active,48211000000074058
Kalaburagi Government Office Cam 1586,17.090471,76.859871,Active,48211000000074058
Kalaburagi Tourist Point Cam 1587,17.094759,76.859008,Active,48211000000074058
Kalaburagi Highway Junction Cam 1588,17.09666,76.860733,Active,48211000000074058
Kalaburagi Major Town Center Cam 1589,17.139335,76.72846,Active,48211000000074058
Kalaburagi Commercial Street Cam 1590,17.135468,76.723961,Active,48211000000074058
Kalaburagi Market Cam 1591,17.183996,76.535875,Active,48211000000074061
Kalaburagi Village Junction Cam 1592,17.184807,76.534507,Active,48211000000074061
Kalaburagi Hospital Cam 1593,17.190453,76.534424,Active,48211000000074061
Kalaburagi Residential Area Cam 1594,17.074826,76.655829,Active,48211000000074058
Kalaburagi Hospital Cam 1595,17.075214,76.65531,Active,48211000000074058
Kalaburagi Hospital Cam 1596,17.071595,76.659081,Active,48211000000074058
Kalaburagi Commercial Street Cam 1597,17.125388,77.07155,Active,48211000000074053
Kalaburagi Village Junction Cam 1598,17.12316,77.072998,Active,48211000000074053
Kalaburagi Commercial Street Cam 1599,17.124376,77.0762,Active,48211000000074053
Mandya Village Junction Cam 1600,12.328376,77.097176,Active,48211000000074082
Mandya Major Town Center Cam 1601,12.33275,77.094219,Active,48211000000074082
Mandya Village Junction Cam 1602,12.326315,77.092683,Active,48211000000074082
Mandya Tourist Point Cam 1603,12.835231,76.394827,Active,48211000000074083
Mandya Market Cam 1604,12.371927,76.585329,Active,48211000000074085
Mandya Residential Area Cam 1605,12.369011,76.588273,Active,48211000000074085
Mandya Commercial Street Cam 1606,12.770287,76.938211,Active,48211000000074084
Mandya Residential Area Cam 1607,12.766471,76.938658,Active,48211000000074084
Mandya Market Cam 1608,13.01169,76.697756,Active,48211000000074086
Mandya Village Junction Cam 1609,13.005694,76.70231,Active,48211000000074086
Mandya School Cam 1610,13.008603,76.703041,Active,48211000000074086
Mandya Bus Stand Cam 1611,13.008794,76.698845,Active,48211000000074086
Mandya School Cam 1612,12.65442,76.648474,Active,48211000000074088
Mandya Commercial Street Cam 1613,12.65753,76.651334,Active,48211000000074088
Mandya Police Station Cam 1614,12.660585,76.648397,Active,48211000000074088
Mandya Government Office Cam 1615,12.659392,76.651714,Active,48211000000074088
Mandya Railway Station Cam 1616,12.419178,76.837895,Active,48211000000074088
Mandya Commercial Street Cam 1617,12.581224,76.388741,Active,48211000000074083
Mandya Police Station Cam 1618,12.579991,76.385582,Active,48211000000074083
Mandya Market Cam 1619,12.579258,77.082127,Active,48211000000074088
Mandya Market Cam 1620,12.584166,77.086467,Active,48211000000074088
Mandya Bus Stand Cam 1621,12.579633,77.084881,Active,48211000000074088
Mandya Government Office Cam 1622,12.576666,77.087757,Active,48211000000074088
Mandya College Cam 1623,12.32021,77.283053,Active,48211000000074087
Mandya Commercial Street Cam 1624,12.846058,76.58155,Active,48211000000074086
Mandya College Cam 1625,12.849566,76.57795,Active,48211000000074086
Mandya Bus Stand Cam 1626,12.852045,76.582577,Active,48211000000074086
Mandya Police Station Cam 1627,12.851739,76.579675,Active,48211000000074086
Mandya Police Station Cam 1628,12.83214,76.760239,Active,48211000000074086
Mandya Railway Station Cam 1629,12.605701,76.86957,Active,48211000000074088
Mandya Market Cam 1630,12.60423,76.871569,Active,48211000000074088
Mandya Police Station Cam 1631,12.605244,76.874331,Active,48211000000074088
Mandya Major Town Center Cam 1632,12.45514,77.201999,Active,48211000000074087
Mandya Major Town Center Cam 1633,12.47501,76.704304,Active,48211000000074088
Mandya Railway Station Cam 1634,12.47976,76.702847,Active,48211000000074088
Mandya Police Station Cam 1635,12.47742,76.704795,Active,48211000000074088
Mandya Hospital Cam 1636,12.516363,76.541977,Active,48211000000074085
Mandya Hospital Cam 1637,12.51067,76.542813,Active,48211000000074085
Mandya Village Junction Cam 1638,12.684945,76.493684,Active,48211000000074083
Mandya Commercial Street Cam 1639,12.686136,76.487399,Active,48211000000074083
Mandya Commercial Street Cam 1640,12.688269,76.492832,Active,48211000000074083
Mandya Hospital Cam 1641,12.475105,76.972507,Active,48211000000074088
Mandya Highway Junction Cam 1642,12.476214,76.975222,Active,48211000000074088
Mandya Commercial Street Cam 1643,12.475812,76.97607,Active,48211000000074088
Mandya College Cam 1644,12.469479,76.979761,Active,48211000000074088
Mandya Village Junction Cam 1645,12.930883,76.844537,Active,48211000000074084
Mandya Police Station Cam 1646,12.671892,77.014583,Active,48211000000074084
Mandya Major Town Center Cam 1647,12.666289,77.011118,Active,48211000000074084
Mandya Major Town Center Cam 1648,12.672221,77.010236,Active,48211000000074084
Mandya Market Cam 1649,12.670069,77.011355,Active,48211000000074084
Mandya Police Station Cam 1650,12.449431,77.091063,Active,48211000000074082
Mandya Residential Area Cam 1651,12.451653,77.090763,Active,48211000000074082
Mandya Government Office Cam 1652,12.579859,76.771444,Active,48211000000074088
Mandya School Cam 1653,12.580686,76.767139,Active,48211000000074088
Mandya Residential Area Cam 1654,12.344424,76.984809,Active,48211000000074082
Mandya Police Station Cam 1655,12.343436,76.987777,Active,48211000000074082
Mandya School Cam 1656,12.340656,76.992421,Active,48211000000074082
Mandya Highway Junction Cam 1657,12.338594,76.987637,Active,48211000000074082
Mandya Bus Stand Cam 1658,12.704074,76.857694,Active,48211000000074084
Mandya Commercial Street Cam 1659,12.708082,76.857134,Active,48211000000074084
Mandya Major Town Center Cam 1660,12.707427,76.853387,Active,48211000000074084
Mandya Police Station Cam 1661,12.366859,76.752255,Active,48211000000074088
Mandya Police Station Cam 1662,12.365938,76.7577,Active,48211000000074088
Mandya Industrial Area Cam 1663,12.788941,76.498644,Active,48211000000074083
Mandya School Cam 1664,12.796032,76.501991,Active,48211000000074083
Mandya School Cam 1665,12.57254,76.976089,Active,48211000000074088
Mandya Market Cam 1666,12.573636,76.974643,Active,48211000000074088
Mandya Government Office Cam 1667,12.571296,76.970329,Active,48211000000074088
Mandya Government Office Cam 1668,12.590498,76.488634,Active,48211000000074085
Mandya Major Town Center Cam 1669,12.589258,76.49155,Active,48211000000074085
Mandya Railway Station Cam 1670,12.589767,76.490613,Active,48211000000074085
Mandya Highway Junction Cam 1671,12.588538,76.490224,Active,48211000000074085
Mandya Government Office Cam 1672,12.755332,76.585359,Active,48211000000074086
Mandya Market Cam 1673,12.749599,76.586495,Active,48211000000074086
Mandya Government Office Cam 1674,12.687621,76.400985,Active,48211000000074083
Mandya Highway Junction Cam 1675,13.005785,76.801671,Active,48211000000074086
Mandya Hospital Cam 1676,12.257395,77.022772,Active,48211000000074082
Mandya Major Town Center Cam 1677,12.919445,76.638253,Active,48211000000074086
Mandya Major Town Center Cam 1678,12.91871,76.641347,Active,48211000000074086
Mandya Police Station Cam 1679,12.920325,76.6414,Active,48211000000074086
Mandya Police Station Cam 1680,12.512641,76.824251,Active,48211000000074088
Mandya Village Junction Cam 1681,12.513434,76.824923,Active,48211000000074088
Mandya Major Town Center Cam 1682,12.271527,77.163218,Active,48211000000074082
Mandya Bus Stand Cam 1683,12.276558,77.161061,Active,48211000000074082
Mandya Market Cam 1684,12.273014,77.163593,Active,48211000000074082
Mandya School Cam 1685,12.273898,77.163276,Active,48211000000074082
Mandya School Cam 1686,12.373443,77.177253,Active,48211000000074087
Mandya Police Station Cam 1687,12.371733,77.175567,Active,48211000000074087
Mandya Government Office Cam 1688,12.367469,77.176357,Active,48211000000074087
Mandya Police Station Cam 1689,12.745239,77.051964,Active,48211000000074084
Mandya School Cam 1690,12.746193,77.051596,Active,48211000000074084
Mandya Highway Junction Cam 1691,12.74711,77.052573,Active,48211000000074084
Mandya Bus Stand Cam 1692,12.828065,76.663084,Active,48211000000074086
Mandya Village Junction Cam 1693,12.831381,76.66621,Active,48211000000074086
Mandya School Cam 1694,12.833541,76.662227,Active,48211000000074086
Mandya Bus Stand Cam 1695,12.619163,76.580074,Active,48211000000074085
Mandya Railway Station Cam 1696,12.61865,76.577394,Active,48211000000074085
Mandya School Cam 1697,12.616446,76.577693,Active,48211000000074085
Mandya College Cam 1698,12.918482,76.756046,Active,48211000000074086
Mandya Bus Stand Cam 1699,12.915123,76.759514,Active,48211000000074086
Mandya Village Junction Cam 1700,12.917848,76.755411,Active,48211000000074086
Mandya Commercial Street Cam 1701,12.509158,76.627101,Active,48211000000074085
Mandya Village Junction Cam 1702,12.510152,76.626755,Active,48211000000074085
Mandya Police Station Cam 1703,12.693458,76.933742,Active,48211000000074084
Mandya Residential Area Cam 1704,12.687769,76.931706,Active,48211000000074084
Mandya Tourist Point Cam 1705,12.687851,76.934854,Active,48211000000074084
Mandya College Cam 1706,12.687948,76.937849,Active,48211000000074084
Mandya Market Cam 1707,12.378676,76.921109,Active,48211000000074082
Mandya College Cam 1708,12.758462,76.361571,Active,48211000000074083
Mandya Police Station Cam 1709,12.764414,76.361122,Active,48211000000074083
Mandya Residential Area Cam 1710,12.51565,77.045678,Active,48211000000074088
Mandya Village Junction Cam 1711,12.514767,76.897055,Active,48211000000074088
Mandya Bus Stand Cam 1712,12.450655,76.507186,Active,48211000000074085
Mandya Bus Stand Cam 1713,12.450655,76.507186,Active,48211000000074085
Mandya Commercial Street Cam 1714,12.597554,76.700634,Active,48211000000074088
Mandya School Cam 1715,12.451879,76.776097,Active,48211000000074088
Mandya Residential Area Cam 1716,12.451826,76.77976,Active,48211000000074088
Mandya Village Junction Cam 1717,12.644834,76.819166,Active,48211000000074088
Mandya Market Cam 1718,12.643541,76.820046,Active,48211000000074088
Mandya Bus Stand Cam 1719,12.643555,76.816524,Active,48211000000074088
Mandya Commercial Street Cam 1720,12.64663,76.813341,Active,48211000000074088
Mandya Village Junction Cam 1721,12.765942,76.822161,Active,48211000000074084
Mandya Government Office Cam 1722,12.769992,76.826318,Active,48211000000074084
Mandya Major Town Center Cam 1723,12.860032,76.853866,Active,48211000000074084
Mandya Major Town Center Cam 1724,12.86174,76.853655,Active,48211000000074084
Mandya Hospital Cam 1725,12.439375,76.581936,Active,48211000000074085
Mandya Commercial Street Cam 1726,12.436949,76.577664,Active,48211000000074085
Mandya Major Town Center Cam 1727,12.43816,76.57909,Active,48211000000074085
Mandya Police Station Cam 1728,12.436909,76.58417,Active,48211000000074085
Mandya Residential Area Cam 1729,12.774646,76.439611,Active,48211000000074083
Mandya Government Office Cam 1730,12.77494,76.443513,Active,48211000000074083
Mandya Hospital Cam 1731,12.773767,76.439419,Active,48211000000074083
Mandya Tourist Point Cam 1732,12.76959,76.436669,Active,48211000000074083
Mandya Highway Junction Cam 1733,12.507285,77.119867,Active,48211000000074087
Shivamogga College Cam 1734,13.857315,75.610608,Active,48211000000074112
Shivamogga Bus Stand Cam 1735,13.855053,75.616525,Active,48211000000074112
Shivamogga Market Cam 1736,13.853639,75.610228,Active,48211000000074112
Shivamogga Railway Station Cam 1737,13.849812,75.616934,Active,48211000000074112
Shivamogga Highway Junction Cam 1738,14.166348,74.670315,Active,48211000000074115
Shivamogga Major Town Center Cam 1739,14.172042,74.669718,Active,48211000000074115
Shivamogga Government Office Cam 1740,14.168186,74.663317,Active,48211000000074115
Shivamogga Residential Area Cam 1741,14.171104,74.668007,Active,48211000000074115
Shivamogga Major Town Center Cam 1742,14.502152,75.294188,Active,48211000000074117
Shivamogga Police Station Cam 1743,14.50094,75.29468,Active,48211000000074117
Shivamogga Highway Junction Cam 1744,14.499794,75.294247,Active,48211000000074117
Shivamogga Major Town Center Cam 1745,13.532979,75.058977,Active,48211000000074113
Shivamogga Bus Stand Cam 1746,13.531913,75.064342,Active,48211000000074113
Shivamogga Highway Junction Cam 1747,14.022308,75.175722,Active,48211000000074116
Shivamogga Police Station Cam 1748,14.015758,75.172231,Active,48211000000074116
Shivamogga Village Junction Cam 1749,14.435645,74.930822,Active,48211000000074111
Shivamogga Residential Area Cam 1750,14.435821,74.92845,Active,48211000000074111
Shivamogga Residential Area Cam 1751,14.435544,74.928875,Active,48211000000074111
Shivamogga Market Cam 1752,14.429822,74.93155,Active,48211000000074111
Shivamogga Residential Area Cam 1753,14.431842,74.932406,Active,48211000000074111
Shivamogga Highway Junction Cam 1754,13.893895,74.871761,Active,48211000000074115
Shivamogga Major Town Center Cam 1755,13.895659,74.875945,Active,48211000000074115
Shivamogga Government Office Cam 1756,14.265943,75.51216,Active,48211000000074114
Shivamogga Police Station Cam 1757,14.265103,75.509743,Active,48211000000074114
Shivamogga Hospital Cam 1758,14.267211,75.514861,Active,48211000000074114
Shivamogga Tourist Point Cam 1759,14.266312,75.513428,Active,48211000000074114
Shivamogga Major Town Center Cam 1760,14.268542,75.511739,Active,48211000000074114
Shivamogga Railway Station Cam 1761,14.26651,75.511645,Active,48211000000074114
Shivamogga Residential Area Cam 1762,13.605316,75.362213,Active,48211000000074113
Shivamogga College Cam 1763,13.60788,75.365876,Active,48211000000074113
Shivamogga Police Station Cam 1764,14.099112,75.788675,Active,48211000000074112
Shivamogga Highway Junction Cam 1765,14.099112,75.788675,Active,48211000000074112
Shivamogga Highway Junction Cam 1766,14.095185,75.791666,Active,48211000000074112
Shivamogga Police Station Cam 1767,14.097483,75.785953,Active,48211000000074112
Shivamogga Government Office Cam 1768,14.099112,75.788675,Active,48211000000074112
Shivamogga Commercial Street Cam 1769,13.813958,75.876637,Active,48211000000074112
Shivamogga Hospital Cam 1770,13.814559,75.873917,Active,48211000000074112
Shivamogga Police Station Cam 1771,13.813958,75.876637,Active,48211000000074112
Shivamogga Police Station Cam 1772,13.817532,75.873987,Active,48211000000074112
Shivamogga Village Junction Cam 1773,13.813958,75.876637,Active,48211000000074112
Shivamogga Residential Area Cam 1774,13.810165,75.876661,Active,48211000000074112
Shivamogga School Cam 1775,14.018918,75.425451,Active,48211000000074116
Shivamogga Highway Junction Cam 1776,14.01722,75.421549,Active,48211000000074116
Shivamogga Village Junction Cam 1777,14.012984,75.422923,Active,48211000000074116
Shivamogga Government Office Cam 1778,14.013427,75.423822,Active,48211000000074116
Shivamogga Government Office Cam 1779,14.017458,75.42188,Active,48211000000074116
Shivamogga Railway Station Cam 1780,14.135921,74.935361,Active,48211000000074111
Shivamogga Bus Stand Cam 1781,14.139199,74.935257,Active,48211000000074111
Shivamogga Village Junction Cam 1782,13.759881,75.178288,Active,48211000000074116
Shivamogga Residential Area Cam 1783,13.761586,75.173769,Active,48211000000074116
Shivamogga School Cam 1784,13.761214,75.177626,Active,48211000000074116
Shivamogga Highway Junction Cam 1785,14.312265,75.136444,Active,48211000000074111
Shivamogga Police Station Cam 1786,14.316965,75.139152,Active,48211000000074111
Shivamogga Bus Stand Cam 1787,14.313033,75.138773,Active,48211000000074111
Shivamogga Bus Stand Cam 1788,14.316226,75.137313,Active,48211000000074111
Shivamogga Railway Station Cam 1789,14.316787,75.139979,Active,48211000000074111
Shivamogga Bus Stand Cam 1790,14.310435,75.139359,Active,48211000000074111
Shivamogga Tourist Point Cam 1791,14.57835,75.093112,Active,48211000000074117
Shivamogga Railway Station Cam 1792,14.581359,75.088473,Active,48211000000074117
Shivamogga Residential Area Cam 1793,14.583861,75.093808,Active,48211000000074117
Shivamogga Government Office Cam 1794,14.586206,75.092014,Active,48211000000074117
Shivamogga Industrial Area Cam 1795,14.201912,75.32119,Active,48211000000074114
Shivamogga Government Office Cam 1796,14.199347,75.319236,Active,48211000000074114
Shivamogga School Cam 1797,13.798206,75.378286,Active,48211000000074116
Shivamogga Residential Area Cam 1798,13.797731,75.371232,Active,48211000000074116
Shivamogga Major Town Center Cam 1799,13.801895,75.373571,Active,48211000000074116
Shivamogga Police Station Cam 1800,13.8006,75.371662,Active,48211000000074116
Shivamogga School Cam 1801,13.80022,75.376238,Active,48211000000074116
Shivamogga Village Junction Cam 1802,13.972557,74.693459,Active,48211000000074115
Shivamogga Residential Area Cam 1803,13.969277,74.696018,Active,48211000000074115
Shivamogga School Cam 1804,13.97251,74.699506,Active,48211000000074115
Shivamogga Highway Junction Cam 1805,14.04099,75.626207,Active,48211000000074112
Shivamogga Railway Station Cam 1806,14.041127,75.628331,Active,48211000000074112
Shivamogga Village Junction Cam 1807,14.034013,75.629413,Active,48211000000074112
Shivamogga Bus Stand Cam 1808,14.039363,75.623254,Active,48211000000074112
Shivamogga Government Office Cam 1809,14.037009,75.630731,Active,48211000000074112
Shivamogga Bus Stand Cam 1810,14.0345,75.630735,Active,48211000000074112
Shivamogga Highway Junction Cam 1811,13.85803,75.034626,Active,48211000000074116
Shivamogga College Cam 1812,13.865761,75.03611,Active,48211000000074116
Shivamogga School Cam 1813,13.69188,75.039044,Active,48211000000074113
Shivamogga Industrial Area Cam 1814,13.688884,75.034036,Active,48211000000074113
Shivamogga School Cam 1815,13.690026,75.03847,Active,48211000000074113
Shivamogga Commercial Street Cam 1816,13.690893,75.032644,Active,48211000000074113
Shivamogga College Cam 1817,13.685855,75.038732,Active,48211000000074113
Shivamogga Residential Area Cam 1818,13.688033,75.039358,Active,48211000000074113
Shivamogga Government Office Cam 1819,14.163631,75.099676,Active,48211000000074111
Shivamogga Tourist Point Cam 1820,14.169291,75.099638,Active,48211000000074111
Shivamogga Hospital Cam 1821,14.16906,75.100239,Active,48211000000074111
Shivamogga Village Junction Cam 1822,14.337187,75.379304,Active,48211000000074114
Shivamogga Tourist Point Cam 1823,14.337525,75.3731,Active,48211000000074114
Shivamogga Industrial Area Cam 1824,13.566977,75.217927,Active,48211000000074113
Shivamogga Police Station Cam 1825,13.569716,75.218283,Active,48211000000074113
Shivamogga Market Cam 1826,13.570726,75.218054,Active,48211000000074113
Shivamogga Railway Station Cam 1827,13.926544,75.304116,Active,48211000000074116
Shivamogga Police Station Cam 1828,13.928714,75.304983,Active,48211000000074116
Shivamogga Highway Junction Cam 1829,13.927466,75.301282,Active,48211000000074116
Shivamogga College Cam 1830,14.300451,74.993452,Active,48211000000074111
Shivamogga Village Junction Cam 1831,14.298104,74.992422,Active,48211000000074111
Shivamogga School Cam 1832,14.303034,74.994076,Active,48211000000074111
Shivamogga Market Cam 1833,14.297808,74.993234,Active,48211000000074111
Shivamogga Government Office Cam 1834,14.300682,74.99395,Active,48211000000074111
Shivamogga Hospital Cam 1835,14.295586,74.990543,Active,48211000000074111
Shivamogga Residential Area Cam 1836,13.948249,75.733068,Active,48211000000074112
Shivamogga Police Station Cam 1837,13.94894,75.734499,Active,48211000000074112
Shivamogga Village Junction Cam 1838,14.09277,74.794208,Active,48211000000074115
Shivamogga College Cam 1839,14.093514,74.795497,Active,48211000000074115
Shivamogga Major Town Center Cam 1840,14.095553,74.799338,Active,48211000000074115
Shivamogga Market Cam 1841,14.014596,74.990631,Active,48211000000074116
Shivamogga Tourist Point Cam 1842,14.012429,74.986044,Active,48211000000074116
Shivamogga Market Cam 1843,13.72502,75.648586,Active,48211000000074112
Shivamogga Highway Junction Cam 1844,13.723026,75.651208,Active,48211000000074112
Shivamogga Police Station Cam 1845,13.725591,75.653874,Active,48211000000074112
Shivamogga Industrial Area Cam 1846,13.724098,75.65587,Active,48211000000074112
Shivamogga Market Cam 1847,13.725268,75.65328,Active,48211000000074112
Shivamogga Residential Area Cam 1848,14.440291,75.087359,Active,48211000000074111
Shivamogga College Cam 1849,14.437107,75.088056,Active,48211000000074111
Shivamogga Police Station Cam 1850,14.23032,74.773589,Active,48211000000074111
Shivamogga Commercial Street Cam 1851,14.234249,74.775145,Active,48211000000074111
Shivamogga Bus Stand Cam 1852,14.229917,74.776357,Active,48211000000074111
Shivamogga Village Junction Cam 1853,14.052079,75.304379,Active,48211000000074116
Shivamogga Village Junction Cam 1854,14.053189,75.303688,Active,48211000000074116
Shivamogga Industrial Area Cam 1855,14.057249,75.305347,Active,48211000000074116
Shivamogga Residential Area Cam 1856,13.763759,75.533879,Active,48211000000074112
Shivamogga Commercial Street Cam 1857,13.760122,75.533366,Active,48211000000074112
Shivamogga Government Office Cam 1858,13.75831,75.530017,Active,48211000000074112
Shivamogga Commercial Street Cam 1859,13.75969,75.5339,Active,48211000000074112
Shivamogga Hospital Cam 1860,13.762037,75.536247,Active,48211000000074112
Shivamogga Major Town Center Cam 1861,13.895282,75.166074,Active,48211000000074116
Shivamogga Hospital Cam 1862,13.90016,75.164466,Active,48211000000074116
Shivamogga Highway Junction Cam 1863,13.898042,75.162937,Active,48211000000074116
Shivamogga Hospital Cam 1864,13.895034,75.160472,Active,48211000000074116
Shivamogga Tourist Point Cam 1865,13.685532,75.273992,Active,48211000000074113
Shivamogga Hospital Cam 1866,13.688776,75.278206,Active,48211000000074113
Shivamogga Residential Area Cam 1867,13.691208,75.271589,Active,48211000000074113
Shivamogga Railway Station Cam 1868,13.90859,75.504225,Active,48211000000074116
Shivamogga College Cam 1869,13.903797,75.503736,Active,48211000000074116
Shivamogga School Cam 1870,13.90413,75.509832,Active,48211000000074116
Shivamogga School Cam 1871,13.903159,75.505807,Active,48211000000074116
Shivamogga Police Station Cam 1872,13.905849,75.509415,Active,48211000000074116
Shivamogga Residential Area Cam 1873,13.804288,75.762867,Active,48211000000074112
Shivamogga Bus Stand Cam 1874,13.804762,75.758745,Active,48211000000074112
Shivamogga Police Station Cam 1875,13.798178,75.76033,Active,48211000000074112
Shivamogga College Cam 1876,13.805204,75.76295,Active,48211000000074112
Shivamogga Railway Station Cam 1877,13.800732,75.7567,Active,48211000000074112
Shivamogga Major Town Center Cam 1878,13.800573,75.757017,Active,48211000000074112
Shivamogga Major Town Center Cam 1879,14.177478,75.436766,Active,48211000000074114
Shivamogga Market Cam 1880,14.177996,75.439916,Active,48211000000074114
Shivamogga School Cam 1881,14.180321,75.440458,Active,48211000000074114
Shivamogga Residential Area Cam 1882,14.544905,74.956146,Active,48211000000074111
Shivamogga Highway Junction Cam 1883,14.543078,74.957948,Active,48211000000074111
Shivamogga College Cam 1884,14.541649,74.956235,Active,48211000000074111
Shivamogga Residential Area Cam 1885,14.544905,74.956146,Active,48211000000074111
Shivamogga Railway Station Cam 1886,14.544141,74.956757,Active,48211000000074111
Shivamogga College Cam 1887,13.783726,74.953676,Active,48211000000074115
Shivamogga Railway Station Cam 1888,13.789573,74.954888,Active,48211000000074115
Shivamogga Village Junction Cam 1889,13.785734,74.947357,Active,48211000000074115
Shivamogga Highway Junction Cam 1890,13.79114,74.954009,Active,48211000000074115
Shivamogga School Cam 1891,13.788973,74.954983,Active,48211000000074115
Shivamogga Residential Area Cam 1892,14.385894,75.276228,Active,48211000000074117
Shivamogga College Cam 1893,14.38976,75.276106,Active,48211000000074117
Shivamogga Village Junction Cam 1894,14.391019,75.270309,Active,48211000000074117
Shivamogga Highway Junction Cam 1895,14.389408,75.273209,Active,48211000000074117
Shivamogga Residential Area Cam 1896,14.389684,75.276124,Active,48211000000074117
Shivamogga College Cam 1897,14.390785,75.273122,Active,48211000000074117
Shivamogga Government Office Cam 1898,13.81568,75.268988,Active,48211000000074116
Shivamogga College Cam 1899,13.822166,75.270788,Active,48211000000074116
Shivamogga Commercial Street Cam 1900,14.16582,75.215707,Active,48211000000074116
Shivamogga Industrial Area Cam 1901,14.167474,75.213537,Active,48211000000074116
Shivamogga Government Office Cam 1902,14.160678,75.22044,Active,48211000000074116
Shivamogga Industrial Area Cam 1903,14.084113,75.52897,Active,48211000000074114
Shivamogga Major Town Center Cam 1904,14.078923,75.530129,Active,48211000000074114
Shivamogga Railway Station Cam 1905,14.082948,75.533581,Active,48211000000074114
Shivamogga Highway Junction Cam 1906,14.08556,75.531611,Active,48211000000074114
Shivamogga Government Office Cam 1907,14.085036,75.529214,Active,48211000000074114
Shivamogga Police Station Cam 1908,14.081299,75.533725,Active,48211000000074114
Shivamogga School Cam 1909,14.279913,75.254915,Active,48211000000074117
Shivamogga Market Cam 1910,14.28156,75.256216,Active,48211000000074117
Shivamogga Village Junction Cam 1911,14.283296,75.256035,Active,48211000000074117
Shivamogga Railway Station Cam 1912,14.475017,75.194634,Active,48211000000074117
Shivamogga College Cam 1913,14.476585,75.189934,Active,48211000000074117
Shivamogga Commercial Street Cam 1914,14.477234,75.193585,Active,48211000000074117
Shivamogga Market Cam 1915,14.475858,75.190151,Active,48211000000074117
Shivamogga Village Junction Cam 1916,14.477727,75.190857,Active,48211000000074117
Shivamogga Police Station Cam 1917,14.473654,75.193963,Active,48211000000074117
Shivamogga Major Town Center Cam 1918,14.004257,74.889499,Active,48211000000074115
Shivamogga Hospital Cam 1919,14.000967,74.883642,Active,48211000000074115
Shivamogga Residential Area Cam 1920,14.004007,74.883237,Active,48211000000074115
Shivamogga Hospital Cam 1921,14.0031,74.884157,Active,48211000000074115
Shivamogga Police Station Cam 1922,14.072984,74.685109,Active,48211000000074115
Shivamogga Government Office Cam 1923,14.075325,74.690397,Active,48211000000074115
Shivamogga Residential Area Cam 1924,14.069636,74.685812,Active,48211000000074115
Shivamogga Industrial Area Cam 1925,14.07504,74.683033,Active,48211000000074115
Shivamogga Village Junction Cam 1926,14.225479,74.876041,Active,48211000000074111
Shivamogga Market Cam 1927,14.226306,74.875929,Active,48211000000074111
Shivamogga Market Cam 1928,14.226372,74.87183,Active,48211000000074111
Shivamogga Major Town Center Cam 1929,13.957618,74.793539,Active,48211000000074115
Shivamogga Highway Junction Cam 1930,13.962691,74.796765,Active,48211000000074115
Shivamogga Police Station Cam 1931,13.964908,74.796379,Active,48211000000074115
Shivamogga Bus Stand Cam 1932,13.964106,74.795175,Active,48211000000074115
Shivamogga School Cam 1933,13.964941,74.793057,Active,48211000000074115
Shivamogga Village Junction Cam 1934,13.992527,75.084994,Active,48211000000074116
Shivamogga Hospital Cam 1935,13.997067,75.080717,Active,48211000000074116
Shivamogga School Cam 1936,13.994509,75.083614,Active,48211000000074116
Shivamogga Government Office Cam 1937,13.902958,75.820525,Active,48211000000074112
Shivamogga Government Office Cam 1938,13.906841,75.824015,Active,48211000000074112
Shivamogga Market Cam 1939,13.905914,75.823029,Active,48211000000074112
Shivamogga Market Cam 1940,13.903826,75.821361,Active,48211000000074112
Shivamogga Market Cam 1941,13.903529,75.81717,Active,48211000000074112
Shivamogga Village Junction Cam 1942,13.90485,75.822107,Active,48211000000074112
Shivamogga Highway Junction Cam 1943,13.940701,75.622498,Active,48211000000074112
Shivamogga Major Town Center Cam 1944,13.940686,75.619203,Active,48211000000074112
Shivamogga Government Office Cam 1945,14.094608,75.017674,Active,48211000000074111
Shivamogga Major Town Center Cam 1946,14.097511,75.01276,Active,48211000000074111
Shivamogga Commercial Street Cam 1947,14.097972,75.016005,Active,48211000000074111
Shivamogga Bus Stand Cam 1948,14.101254,75.012901,Active,48211000000074111
Shivamogga School Cam 1949,14.094995,75.012351,Active,48211000000074111
Shivamogga Hospital Cam 1950,13.63371,75.163389,Active,48211000000074113
Shivamogga Residential Area Cam 1951,13.636625,75.161805,Active,48211000000074113
Shivamogga Highway Junction Cam 1952,13.631745,75.156018,Active,48211000000074113
Shivamogga Market Cam 1953,14.127096,75.364765,Active,48211000000074114
Shivamogga Government Office Cam 1954,14.124127,75.364318,Active,48211000000074114
Shivamogga Police Station Cam 1955,14.120735,75.361757,Active,48211000000074114
Shivamogga Industrial Area Cam 1956,14.121201,75.366312,Active,48211000000074114
Shivamogga Major Town Center Cam 1957,14.126556,75.364511,Active,48211000000074114
Shivamogga Tourist Point Cam 1958,14.120855,75.361266,Active,48211000000074114
Shivamogga Hospital Cam 1959,13.909526,74.964645,Active,48211000000074115
Shivamogga School Cam 1960,13.904493,74.961298,Active,48211000000074115
Shivamogga Major Town Center Cam 1961,13.909066,74.961363,Active,48211000000074115
Shivamogga Residential Area Cam 1962,14.474956,75.014972,Active,48211000000074111
Shivamogga College Cam 1963,14.47515,75.007164,Active,48211000000074111
Shivamogga Residential Area Cam 1964,14.470618,75.012222,Active,48211000000074111
Shivamogga Government Office Cam 1965,14.472984,75.007797,Active,48211000000074111
Shivamogga Hospital Cam 1966,14.473515,75.010424,Active,48211000000074111
Shivamogga Market Cam 1967,13.781956,75.089375,Active,48211000000074116
Shivamogga Industrial Area Cam 1968,13.783456,75.088761,Active,48211000000074116
Shivamogga Tourist Point Cam 1969,13.784688,75.091071,Active,48211000000074116
Shivamogga School Cam 1970,13.786757,75.090126,Active,48211000000074116
Shivamogga Highway Junction Cam 1971,13.783158,75.092388,Active,48211000000074116
Shivamogga Government Office Cam 1972,13.783506,75.094822,Active,48211000000074116
Shivamogga Police Station Cam 1973,14.060801,75.713154,Active,48211000000074112
Shivamogga School Cam 1974,14.060961,75.71054,Active,48211000000074112
Shivamogga School Cam 1975,14.063757,75.70968,Active,48211000000074112
Shivamogga School Cam 1976,14.063533,75.710993,Active,48211000000074112
Shivamogga Highway Junction Cam 1977,14.060941,75.714084,Active,48211000000074112
Shivamogga Bus Stand Cam 1978,14.06602,75.715035,Active,48211000000074112
Shivamogga Residential Area Cam 1979,14.081457,75.105939,Active,48211000000074116
Shivamogga Highway Junction Cam 1980,14.082159,75.109092,Active,48211000000074116
Shivamogga Police Station Cam 1981,14.076906,75.1048,Active,48211000000074116
Shivamogga Police Station Cam 1982,13.998662,75.532051,Active,48211000000074116
Shivamogga College Cam 1983,14.002038,75.531919,Active,48211000000074116
Shivamogga School Cam 1984,13.999754,75.534783,Active,48211000000074116
Shivamogga Bus Stand Cam 1985,13.996325,75.529954,Active,48211000000074116
Shivamogga Market Cam 1986,13.999085,75.529756,Active,48211000000074116
Shivamogga Police Station Cam 1987,14.269204,75.425472,Active,48211000000074114
Shivamogga School Cam 1988,14.273871,75.427148,Active,48211000000074114
Shivamogga Market Cam 1989,14.271521,75.423138,Active,48211000000074114
Shivamogga Industrial Area Cam 1990,14.269095,75.427895,Active,48211000000074114
Shivamogga Market Cam 1991,14.274944,75.427603,Active,48211000000074114
Shivamogga Hospital Cam 1992,13.873543,75.700868,Active,48211000000074112
Shivamogga Police Station Cam 1993,13.872097,75.695028,Active,48211000000074112
Shivamogga Hospital Cam 1994,14.554498,75.187214,Active,48211000000074117
Shivamogga Tourist Point Cam 1995,14.553895,75.188067,Active,48211000000074117
Shivamogga Government Office Cam 1996,14.552627,75.187768,Active,48211000000074117
Shivamogga Market Cam 1997,13.717054,75.375685,Active,48211000000074116
Shivamogga Market Cam 1998,13.72045,75.38096,Active,48211000000074116
Shivamogga College Cam 1999,13.720875,75.376687,Active,48211000000074116
Shivamogga Government Office Cam 2000,13.717419,75.374964,Active,48211000000074116
Shivamogga Police Station Cam 2001,13.720918,75.373874,Active,48211000000074116
Shivamogga Hospital Cam 2002,13.718318,75.380134,Active,48211000000074116
Shivamogga Railway Station Cam 2003,14.226527,74.966142,Active,48211000000074111
Shivamogga Market Cam 2004,14.219954,74.963249,Active,48211000000074111
Shivamogga Residential Area Cam 2005,14.224489,74.965226,Active,48211000000074111
Shivamogga Major Town Center Cam 2006,14.220944,74.964391,Active,48211000000074111
Shivamogga Government Office Cam 2007,14.219708,74.963416,Active,48211000000074111
Shivamogga School Cam 2008,14.220381,74.959153,Active,48211000000074111
Shivamogga Residential Area Cam 2009,13.880294,75.365374,Active,48211000000074116
Shivamogga Residential Area Cam 2010,13.883924,75.364402,Active,48211000000074116
Shivamogga School Cam 2011,13.877487,75.364641,Active,48211000000074116
Shivamogga School Cam 2012,13.87825,75.368691,Active,48211000000074116
Shivamogga Police Station Cam 2013,14.371896,75.014983,Active,48211000000074111
Shivamogga Major Town Center Cam 2014,14.377446,75.016414,Active,48211000000074111
Shivamogga College Cam 2015,13.801313,75.464216,Active,48211000000074116
Shivamogga Major Town Center Cam 2016,13.797714,75.469434,Active,48211000000074116
Shivamogga Commercial Street Cam 2017,13.804906,75.466634,Active,48211000000074116
Shivamogga Government Office Cam 2018,13.962707,75.225944,Active,48211000000074116
Shivamogga Tourist Point Cam 2019,13.959838,75.229037,Active,48211000000074116
Shivamogga Hospital Cam 2020,13.797815,75.669903,Active,48211000000074112
Shivamogga School Cam 2021,13.803144,75.672324,Active,48211000000074112
Shivamogga Industrial Area Cam 2022,13.94277,75.435374,Active,48211000000074116
Shivamogga Hospital Cam 2023,13.943197,75.434835,Active,48211000000074116
Shivamogga Highway Junction Cam 2024,13.942392,75.435441,Active,48211000000074116
Shivamogga Market Cam 2025,13.940509,75.437666,Active,48211000000074116
Shivamogga School Cam 2026,13.941406,75.031753,Active,48211000000074116
Shivamogga Market Cam 2027,13.943006,75.031186,Active,48211000000074116
Shivamogga Highway Junction Cam 2028,13.942725,75.035003,Active,48211000000074116
Shivamogga College Cam 2029,13.941305,75.03482,Active,48211000000074116
Shivamogga College Cam 2030,13.997482,75.794625,Active,48211000000074112
Shivamogga Village Junction Cam 2031,14.001707,75.79117,Active,48211000000074112
Shivamogga Major Town Center Cam 2032,13.99888,75.791578,Active,48211000000074112
Shivamogga Police Station Cam 2033,14.237453,75.095219,Active,48211000000074111
Shivamogga Industrial Area Cam 2034,14.239283,75.099992,Active,48211000000074111
Shivamogga Bus Stand Cam 2035,14.24435,75.094881,Active,48211000000074111
Shivamogga School Cam 2036,14.24289,75.098951,Active,48211000000074111
Shivamogga Village Junction Cam 2037,14.237835,75.095464,Active,48211000000074111
Shivamogga College Cam 2038,14.244577,75.098234,Active,48211000000074111
Shivamogga Market Cam 2039,14.093098,75.241124,Active,48211000000074116
Shivamogga Police Station Cam 2040,14.088949,75.236668,Active,48211000000074116
Shivamogga Government Office Cam 2041,14.090471,75.238517,Active,48211000000074116
Shivamogga Major Town Center Cam 2042,14.436293,75.333263,Active,48211000000074117
Shivamogga School Cam 2043,14.434301,75.328635,Active,48211000000074117
Shivamogga Tourist Point Cam 2044,14.434597,75.330403,Active,48211000000074117
Shivamogga Market Cam 2045,14.431022,75.333021,Active,48211000000074117
Shivamogga Hospital Cam 2046,14.433529,75.333893,Active,48211000000074117
Shivamogga Highway Junction Cam 2047,14.436218,75.333121,Active,48211000000074117
Shivamogga Railway Station Cam 2048,13.99288,75.359755,Active,48211000000074116
Shivamogga Highway Junction Cam 2049,13.992826,75.353904,Active,48211000000074116
Shivamogga Highway Junction Cam 2050,13.98842,75.359663,Active,48211000000074116
Shivamogga School Cam 2051,13.989076,75.36051,Active,48211000000074116
Shivamogga Tourist Point Cam 2052,14.072636,74.911384,Active,48211000000074115
Shivamogga Hospital Cam 2053,14.070445,74.912146,Active,48211000000074115
Shivamogga Commercial Street Cam 2054,14.069124,74.909508,Active,48211000000074115
Shivamogga Commercial Street Cam 2055,14.066424,74.910804,Active,48211000000074115
Shivamogga Railway Station Cam 2056,14.247543,75.170262,Active,48211000000074111
Shivamogga Village Junction Cam 2057,14.251737,75.164542,Active,48211000000074111
Shivamogga Residential Area Cam 2058,14.251668,75.169768,Active,48211000000074111
Shivamogga Police Station Cam 2059,14.249005,75.166068,Active,48211000000074111
Shivamogga Industrial Area Cam 2060,14.253243,75.171872,Active,48211000000074111
Shivamogga Government Office Cam 2061,14.247607,75.164678,Active,48211000000074111
Shivamogga Bus Stand Cam 2062,13.520813,75.171655,Active,48211000000074113
Shivamogga Highway Junction Cam 2063,13.519884,75.169817,Active,48211000000074113
Shivamogga Residential Area Cam 2064,13.51785,75.168907,Active,48211000000074113
Shivamogga Residential Area Cam 2065,13.521893,75.169614,Active,48211000000074113
Shivamogga Residential Area Cam 2066,13.516441,75.172043,Active,48211000000074113
Shivamogga Major Town Center Cam 2067,14.513975,75.097685,Active,48211000000074117
Shivamogga Market Cam 2068,14.508231,75.097218,Active,48211000000074117
Shivamogga Highway Junction Cam 2069,14.514356,75.101876,Active,48211000000074117
Shivamogga Village Junction Cam 2070,14.393296,75.1382,Active,48211000000074111
Shivamogga Police Station Cam 2071,14.393822,75.138481,Active,48211000000074111
Shivamogga Police Station Cam 2072,14.390633,75.141973,Active,48211000000074111
Shivamogga Bus Stand Cam 2073,14.391473,75.141335,Active,48211000000074111
Shivamogga Industrial Area Cam 2074,14.388588,75.142756,Active,48211000000074111
Shivamogga Police Station Cam 2075,13.930134,75.104441,Active,48211000000074116
Shivamogga Commercial Street Cam 2076,13.92771,75.100685,Active,48211000000074116
Shivamogga Police Station Cam 2077,13.929975,75.105302,Active,48211000000074116
Shivamogga Industrial Area Cam 2078,13.699918,75.101189,Active,48211000000074113
Shivamogga Village Junction Cam 2079,13.699097,75.10598,Active,48211000000074113
Shivamogga Police Station Cam 2080,13.699609,75.100918,Active,48211000000074113
Shivamogga Railway Station Cam 2081,13.698373,75.099441,Active,48211000000074113
Shivamogga College Cam 2082,14.078349,75.455363,Active,48211000000074114
Shivamogga Residential Area Cam 2083,14.077192,75.452602,Active,48211000000074114
Shivamogga Village Junction Cam 2084,14.076508,75.453962,Active,48211000000074114
Shivamogga School Cam 2085,14.210599,75.38368,Active,48211000000074114
Shivamogga Bus Stand Cam 2086,14.2136,75.387327,Active,48211000000074114
Shivamogga Tourist Point Cam 2087,14.212288,75.384492,Active,48211000000074114
Shivamogga Police Station Cam 2088,14.210905,75.385642,Active,48211000000074114
Shivamogga Hospital Cam 2089,13.629518,75.071275,Active,48211000000074113
Shivamogga Hospital Cam 2090,13.629183,75.071593,Active,48211000000074113
Shivamogga Village Junction Cam 2091,13.98962,75.673039,Active,48211000000074112
Shivamogga Residential Area Cam 2092,13.986926,75.67165,Active,48211000000074112
Shivamogga Village Junction Cam 2093,13.866611,75.766891,Active,48211000000074112
Shivamogga Major Town Center Cam 2094,13.864691,75.765211,Active,48211000000074112
Shivamogga Village Junction Cam 2095,13.863319,75.760866,Active,48211000000074112
Shivamogga Police Station Cam 2096,13.862765,75.76321,Active,48211000000074112
Shivamogga Market Cam 2097,13.86491,75.766094,Active,48211000000074112
Shivamogga Village Junction Cam 2098,13.869525,75.760634,Active,48211000000074112
Shivamogga Market Cam 2099,14.348675,75.074729,Active,48211000000074111
Shivamogga Major Town Center Cam 2100,14.34919,75.073298,Active,48211000000074111
Shivamogga Commercial Street Cam 2101,14.352315,75.077823,Active,48211000000074111
Shivamogga Government Office Cam 2102,14.349845,75.07541,Active,48211000000074111
Shivamogga Government Office Cam 2103,14.136096,75.278931,Active,48211000000074116
Shivamogga Railway Station Cam 2104,14.140728,75.283685,Active,48211000000074116
Shivamogga Major Town Center Cam 2105,14.133882,75.281715,Active,48211000000074116
Shivamogga Major Town Center Cam 2106,14.141342,75.28465,Active,48211000000074116
Shivamogga Police Station Cam 2107,14.136199,75.281732,Active,48211000000074116
Shivamogga Railway Station Cam 2108,14.141228,75.281015,Active,48211000000074116
Shivamogga Government Office Cam 2109,14.046042,74.74638,Active,48211000000074115
Shivamogga School Cam 2110,14.051527,74.74363,Active,48211000000074115
Shivamogga School Cam 2111,14.050865,74.748043,Active,48211000000074115
Shivamogga Village Junction Cam 2112,14.049494,74.74749,Active,48211000000074115
Shivamogga Residential Area Cam 2113,14.044271,74.743285,Active,48211000000074115
Shivamogga Highway Junction Cam 2114,14.050944,74.745987,Active,48211000000074115
Shivamogga Village Junction Cam 2115,14.156738,74.871638,Active,48211000000074111
Shivamogga Commercial Street Cam 2116,14.158599,74.869042,Active,48211000000074111
Shivamogga Village Junction Cam 2117,14.159264,74.875523,Active,48211000000074111
Shivamogga Commercial Street Cam 2118,14.158209,74.874848,Active,48211000000074111
Shivamogga Railway Station Cam 2119,13.752457,75.287172,Active,48211000000074116
Shivamogga Government Office Cam 2120,13.750942,75.286875,Active,48211000000074116
Shivamogga Market Cam 2121,14.135649,75.163804,Active,48211000000074116
Shivamogga Highway Junction Cam 2122,14.134577,75.157454,Active,48211000000074116
Shivamogga Commercial Street Cam 2123,14.138278,75.164188,Active,48211000000074116
Shivamogga Police Station Cam 2124,14.18052,74.72912,Active,48211000000074115
Shivamogga Railway Station Cam 2125,14.181266,74.730323,Active,48211000000074115
Shivamogga Market Cam 2126,14.18052,74.72912,Active,48211000000074115
Shivamogga Industrial Area Cam 2127,14.182135,74.731457,Active,48211000000074115
Shivamogga Village Junction Cam 2128,14.18052,74.72912,Active,48211000000074115
Shivamogga Commercial Street Cam 2129,13.854425,75.103464,Active,48211000000074116
Shivamogga Commercial Street Cam 2130,13.861834,75.102789,Active,48211000000074116
Shivamogga Police Station Cam 2131,13.860479,75.102922,Active,48211000000074116
Shivamogga Commercial Street Cam 2132,13.860572,75.097098,Active,48211000000074116
Shivamogga Police Station Cam 2133,13.854328,75.100236,Active,48211000000074116
Shivamogga Tourist Point Cam 2134,13.8601,75.097356,Active,48211000000074116
Shivamogga School Cam 2135,13.985684,75.290942,Active,48211000000074116
Shivamogga Market Cam 2136,13.988813,75.291318,Active,48211000000074116
Shivamogga Village Junction Cam 2137,13.986949,75.290686,Active,48211000000074116
Shivamogga Government Office Cam 2138,13.987109,75.291518,Active,48211000000074116
Shivamogga School Cam 2139,13.989188,75.292255,Active,48211000000074116
Shivamogga Residential Area Cam 2140,13.616009,75.261705,Active,48211000000074113
Shivamogga Commercial Street Cam 2141,13.617691,75.262019,Active,48211000000074113
Shivamogga Residential Area Cam 2142,13.620031,75.260174,Active,48211000000074113
Shivamogga Major Town Center Cam 2143,13.659639,75.389832,Active,48211000000074116
Shivamogga Railway Station Cam 2144,13.661603,75.392383,Active,48211000000074116
Shivamogga Government Office Cam 2145,13.656942,75.397364,Active,48211000000074116
Shivamogga Major Town Center Cam 2146,13.657732,75.392478,Active,48211000000074116
Shivamogga Highway Junction Cam 2147,14.108708,74.740067,Active,48211000000074115
Shivamogga Industrial Area Cam 2148,14.104732,74.733507,Active,48211000000074115
Shivamogga Government Office Cam 2149,14.1108,74.740825,Active,48211000000074115
Shivamogga Residential Area Cam 2150,14.255142,75.317546,Active,48211000000074114
Shivamogga School Cam 2151,14.258437,75.318368,Active,48211000000074114
Shivamogga Bus Stand Cam 2152,13.841695,75.50651,Active,48211000000074116
Shivamogga College Cam 2153,13.845585,75.506087,Active,48211000000074116
Shivamogga Bus Stand Cam 2154,13.848319,75.504036,Active,48211000000074116
Shivamogga Commercial Street Cam 2155,13.959015,74.934416,Active,48211000000074115
Shivamogga Residential Area Cam 2156,13.957553,74.937698,Active,48211000000074115
Shivamogga Highway Junction Cam 2157,13.985713,75.479573,Active,48211000000074116
Shivamogga Commercial Street Cam 2158,13.979464,75.480266,Active,48211000000074116
Shivamogga Major Town Center Cam 2159,13.746713,75.021174,Active,48211000000074113
Shivamogga Village Junction Cam 2160,13.747686,75.022765,Active,48211000000074113
Shivamogga Police Station Cam 2161,13.741628,75.023372,Active,48211000000074113
Shivamogga College Cam 2162,13.747944,75.024673,Active,48211000000074113
Tumakuru Major Town Center Cam 2163,13.636131,77.091353,Active,48211000000074127
Tumakuru Police Station Cam 2164,13.634272,77.090009,Active,48211000000074127
Tumakuru Government Office Cam 2165,13.633625,77.090816,Active,48211000000074127
Tumakuru Commercial Street Cam 2166,13.637836,77.095439,Active,48211000000074127
Tumakuru Police Station Cam 2167,12.753176,77.056776,Active,48211000000074119
Tumakuru College Cam 2168,12.750524,77.05511,Active,48211000000074119
Tumakuru Hospital Cam 2169,12.750524,77.05511,Active,48211000000074119
Tumakuru Bus Stand Cam 2170,12.751466,77.054193,Active,48211000000074119
Tumakuru Bus Stand Cam 2171,13.359284,76.361255,Active,48211000000074120
Tumakuru School Cam 2172,14.285442,77.481073,Active,48211000000074118
Tumakuru Village Junction Cam 2173,14.283506,77.481415,Active,48211000000074118
Tumakuru College Cam 2174,14.280499,77.485248,Active,48211000000074118
Tumakuru Police Station Cam 2175,14.280717,77.480825,Active,48211000000074118
Tumakuru Highway Junction Cam 2176,13.159389,76.79247,Active,48211000000074122
Tumakuru Police Station Cam 2177,13.162141,76.789487,Active,48211000000074122
Tumakuru Market Cam 2178,14.089114,76.950324,Active,48211000000074118
Tumakuru Commercial Street Cam 2179,14.088752,76.955544,Active,48211000000074118
Tumakuru Village Junction Cam 2180,13.696673,76.64506,Active,48211000000074123
Tumakuru Village Junction Cam 2181,13.202141,77.189936,Active,48211000000074126
Tumakuru Residential Area Cam 2182,13.199946,77.187724,Active,48211000000074126
Tumakuru Government Office Cam 2183,13.20351,77.19025,Active,48211000000074126
Tumakuru Highway Junction Cam 2184,13.203171,77.189535,Active,48211000000074126
Tumakuru Government Office Cam 2185,13.922507,77.354189,Active,48211000000074125
Tumakuru Bus Stand Cam 2186,13.919335,77.353288,Active,48211000000074125
Tumakuru Commercial Street Cam 2187,13.91968,77.352689,Active,48211000000074125
Tumakuru Highway Junction Cam 2188,14.323463,77.149502,Active,48211000000074118
Tumakuru Government Office Cam 2189,14.325213,77.150566,Active,48211000000074118
Tumakuru Major Town Center Cam 2190,13.458315,76.822278,Active,48211000000074124
Tumakuru Market Cam 2191,13.455993,76.822508,Active,48211000000074124
Tumakuru Police Station Cam 2192,13.542837,77.360953,Active,48211000000074121
Tumakuru Market Cam 2193,13.545994,77.358058,Active,48211000000074121
Tumakuru College Cam 2194,13.137154,76.486363,Active,48211000000074122
Tumakuru Village Junction Cam 2195,13.142075,76.487382,Active,48211000000074122
Tumakuru School Cam 2196,13.143684,76.485626,Active,48211000000074122
Tumakuru Village Junction Cam 2197,13.140023,76.488111,Active,48211000000074122
Tumakuru Police Station Cam 2198,13.848261,76.859998,Active,48211000000074123
Tumakuru Market Cam 2199,13.003419,76.978393,Active,48211000000074126
Tumakuru Village Junction Cam 2200,13.005023,76.97893,Active,48211000000074126
Tumakuru Market Cam 2201,13.006181,76.97533,Active,48211000000074126
Tumakuru Market Cam 2202,13.366926,76.596372,Active,48211000000074124
Tumakuru Industrial Area Cam 2203,13.364484,76.595971,Active,48211000000074124
Tumakuru Major Town Center Cam 2204,13.364004,76.593356,Active,48211000000074124
Tumakuru Commercial Street Cam 2205,14.139277,77.320059,Active,48211000000074118
Tumakuru Commercial Street Cam 2206,14.134505,77.314341,Active,48211000000074118
Tumakuru College Cam 2207,14.1334,77.322165,Active,48211000000074118
Tumakuru Residential Area Cam 2208,13.363928,77.021008,Active,48211000000074126
Tumakuru Village Junction Cam 2209,13.572629,76.374824,Active,48211000000074120
Tumakuru Residential Area Cam 2210,13.573197,76.380155,Active,48211000000074120
Tumakuru Bus Stand Cam 2211,13.579068,76.378276,Active,48211000000074120
Tumakuru Commercial Street Cam 2212,14.015698,77.148708,Active,48211000000074118
Tumakuru Commercial Street Cam 2213,14.016853,77.148949,Active,48211000000074118
Tumakuru Government Office Cam 2214,13.754982,77.449528,Active,48211000000074125
Tumakuru Tourist Point Cam 2215,13.749357,77.446618,Active,48211000000074125
Tumakuru Hospital Cam 2216,13.754519,77.445234,Active,48211000000074125
Tumakuru Market Cam 2217,13.801856,77.208603,Active,48211000000074127
Tumakuru Commercial Street Cam 2218,13.797167,77.214653,Active,48211000000074127
Tumakuru Highway Junction Cam 2219,13.798245,77.213014,Active,48211000000074127
Tumakuru Government Office Cam 2220,13.37399,77.2668,Active,48211000000074121
Tumakuru Village Junction Cam 2221,13.369205,77.26639,Active,48211000000074121
Tumakuru Village Junction Cam 2222,13.60493,76.907395,Active,48211000000074124
Tumakuru Commercial Street Cam 2223,13.604337,76.908203,Active,48211000000074124
Tumakuru Village Junction Cam 2224,13.600672,76.914743,Active,48211000000074124
Tumakuru Market Cam 2225,13.602554,76.90975,Active,48211000000074124
Tumakuru Major Town Center Cam 2226,13.075267,76.639736,Active,48211000000074122
Tumakuru Major Town Center Cam 2227,13.077795,76.646101,Active,48211000000074122
Tumakuru Market Cam 2228,13.081406,76.645545,Active,48211000000074122
Tumakuru College Cam 2229,13.161822,76.998711,Active,48211000000074126
Tumakuru Highway Junction Cam 2230,13.166136,76.99639,Active,48211000000074126
Tumakuru Industrial Area Cam 2231,12.945209,77.121769,Active,48211000000074119
Tumakuru Major Town Center Cam 2232,13.749205,76.989045,Active,48211000000074127
Tumakuru Major Town Center Cam 2233,13.748091,76.98396,Active,48211000000074127
Tumakuru Industrial Area Cam 2234,13.74922,76.989129,Active,48211000000074127
Tumakuru Government Office Cam 2235,13.75171,76.988232,Active,48211000000074127
Tumakuru Market Cam 2236,14.232854,77.025476,Active,48211000000074118
Tumakuru Market Cam 2237,14.233556,77.019897,Active,48211000000074118
Tumakuru Major Town Center Cam 2238,14.234203,77.021559,Active,48211000000074118
Tumakuru Highway Junction Cam 2239,13.498748,77.144675,Active,48211000000074121
Tumakuru Residential Area Cam 2240,13.495705,77.14296,Active,48211000000074121
Tumakuru Major Town Center Cam 2241,13.493678,77.145863,Active,48211000000074121
Tumakuru Bus Stand Cam 2242,13.500074,77.140294,Active,48211000000074121
Tumakuru Industrial Area Cam 2243,12.958027,76.842932,Active,48211000000074122
Tumakuru Residential Area Cam 2244,12.954059,76.848132,Active,48211000000074122
Tumakuru Hospital Cam 2245,12.954152,76.844247,Active,48211000000074122
Tumakuru Village Junction Cam 2246,12.95692,76.843603,Active,48211000000074122
Tumakuru Market Cam 2247,13.684207,76.786645,Active,48211000000074123
Tumakuru Railway Station Cam 2248,13.68893,76.784697,Active,48211000000074123
Tumakuru Tourist Point Cam 2249,13.932828,77.034023,Active,48211000000074127
Tumakuru Highway Junction Cam 2250,13.932497,77.038795,Active,48211000000074127
Tumakuru Government Office Cam 2251,13.931156,77.034497,Active,48211000000074127
Tumakuru Highway Junction Cam 2252,14.281657,77.282529,Active,48211000000074118
Tumakuru Government Office Cam 2253,13.47004,76.68164,Active,48211000000074124
Tumakuru Highway Junction Cam 2254,13.673906,77.309535,Active,48211000000074125
Tumakuru School Cam 2255,13.668798,77.311088,Active,48211000000074125
Tumakuru Bus Stand Cam 2256,13.293751,76.753836,Active,48211000000074124
Tumakuru Government Office Cam 2257,13.289904,76.747496,Active,48211000000074124
Tumakuru Railway Station Cam 2258,13.292523,76.74736,Active,48211000000074124
Tumakuru Bus Stand Cam 2259,13.43484,76.473983,Active,48211000000074120
Tumakuru Police Station Cam 2260,13.43296,76.474372,Active,48211000000074120
Tumakuru Major Town Center Cam 2261,14.193663,77.16401,Active,48211000000074118
Tumakuru Hospital Cam 2262,13.298314,76.474358,Active,48211000000074122
Tumakuru Market Cam 2263,13.299856,76.476962,Active,48211000000074122
Tumakuru School Cam 2264,13.242664,76.627632,Active,48211000000074122
Tumakuru Major Town Center Cam 2265,13.246076,76.621005,Active,48211000000074122
Tumakuru Highway Junction Cam 2266,13.243464,76.625254,Active,48211000000074122
Tumakuru Village Junction Cam 2267,13.090401,76.889565,Active,48211000000074126
Tumakuru College Cam 2268,13.089047,76.889317,Active,48211000000074126
Tumakuru Commercial Street Cam 2269,13.089771,76.885202,Active,48211000000074126
Tumakuru Market Cam 2270,13.091536,76.889433,Active,48211000000074126
Tumakuru Railway Station Cam 2271,13.799523,77.324645,Active,48211000000074125
Tumakuru Village Junction Cam 2272,13.794746,77.324265,Active,48211000000074125
Tumakuru Railway Station Cam 2273,13.578492,77.225986,Active,48211000000074121
Tumakuru Commercial Street Cam 2274,13.577801,77.225154,Active,48211000000074121
Tumakuru College Cam 2275,13.577004,77.22145,Active,48211000000074121
Tumakuru Police Station Cam 2276,13.751802,77.098956,Active,48211000000074127
Tumakuru Bus Stand Cam 2277,13.74724,77.103936,Active,48211000000074127
Tumakuru Bus Stand Cam 2278,13.750657,77.103144,Active,48211000000074127
Tumakuru Commercial Street Cam 2279,13.280471,77.104315,Active,48211000000074126
Tumakuru Hospital Cam 2280,13.273904,77.103689,Active,48211000000074126
Tumakuru Hospital Cam 2281,13.276045,77.107954,Active,48211000000074126
Tumakuru Village Junction Cam 2282,13.280408,77.108894,Active,48211000000074126
Tumakuru College Cam 2283,14.171227,77.484235,Active,48211000000074118
Tumakuru Police Station Cam 2284,14.174602,77.485479,Active,48211000000074118
Tumakuru Market Cam 2285,13.58361,76.696518,Active,48211000000074124
Tumakuru Market Cam 2286,13.583122,76.68899,Active,48211000000074124
Tumakuru Major Town Center Cam 2287,13.586889,76.692391,Active,48211000000074124
Tumakuru Police Station Cam 2288,13.585378,76.689496,Active,48211000000074124
Tumakuru Village Junction Cam 2289,14.019922,77.327732,Active,48211000000074118
Tumakuru Commercial Street Cam 2290,14.022173,77.329632,Active,48211000000074118
Tumakuru Major Town Center Cam 2291,14.023504,77.324518,Active,48211000000074118
Tumakuru Village Junction Cam 2292,14.026947,77.326433,Active,48211000000074118
Tumakuru Village Junction Cam 2293,12.834339,76.992478,Active,48211000000074119
Tumakuru Village Junction Cam 2294,13.533055,76.989124,Active,48211000000074124
Tumakuru Commercial Street Cam 2295,13.534569,76.989632,Active,48211000000074124
Tumakuru Major Town Center Cam 2296,13.529651,76.985474,Active,48211000000074124
Tumakuru Bus Stand Cam 2297,13.038006,76.781625,Active,48211000000074122
Tumakuru Commercial Street Cam 2298,13.036327,76.781357,Active,48211000000074122
Tumakuru Market Cam 2299,13.411456,76.908163,Active,48211000000074124
Tumakuru Police Station Cam 2300,13.404997,76.908808,Active,48211000000074124
Tumakuru Major Town Center Cam 2301,13.152302,77.093335,Active,48211000000074126
Tumakuru Government Office Cam 2302,13.156849,77.094629,Active,48211000000074126
Tumakuru Major Town Center Cam 2303,13.387373,76.730066,Active,48211000000074124
Tumakuru Hospital Cam 2304,13.390969,76.729826,Active,48211000000074124
Udupi Tourist Point Cam 2305,13.404862,74.748318,Active,48211000000074131
Udupi Bus Stand Cam 2306,13.399642,74.748742,Active,48211000000074131
Udupi Hospital Cam 2307,13.959002,74.689567,Active,48211000000074128
Udupi Highway Junction Cam 2308,13.158147,75.172605,Active,48211000000074133
Udupi Government Office Cam 2309,13.157937,75.173463,Active,48211000000074133
Udupi Village Junction Cam 2310,13.15198,75.173858,Active,48211000000074133
Udupi Market Cam 2311,13.158666,75.177947,Active,48211000000074133
Udupi Market Cam 2312,13.681844,75.004295,Active,48211000000074132
Udupi Tourist Point Cam 2313,13.680933,75.004039,Active,48211000000074132
Udupi Bus Stand Cam 2314,13.105405,74.79345,Active,48211000000074134
Udupi Major Town Center Cam 2315,13.101233,74.794749,Active,48211000000074134
Udupi School Cam 2316,13.102791,74.795708,Active,48211000000074134
Udupi Police Station Cam 2317,13.10016,74.795483,Active,48211000000074134
Udupi Railway Station Cam 2318,13.393689,75.037644,Active,48211000000074130
Udupi Highway Junction Cam 2319,13.393399,75.037177,Active,48211000000074130
Udupi Police Station Cam 2320,13.391827,75.036106,Active,48211000000074130
Udupi Industrial Area Cam 2321,13.394888,75.037419,Active,48211000000074130
Udupi Residential Area Cam 2322,13.698347,74.655657,Active,48211000000074128
Udupi Market Cam 2323,13.699331,74.650508,Active,48211000000074128
Udupi Bus Stand Cam 2324,13.698189,74.653513,Active,48211000000074128
Udupi College Cam 2325,13.004934,75.008742,Active,48211000000074129
Udupi Highway Junction Cam 2326,13.002762,75.012054,Active,48211000000074129
Udupi Railway Station Cam 2327,13.001218,75.005777,Active,48211000000074129
Udupi Commercial Street Cam 2328,13.802984,74.822658,Active,48211000000074132
Udupi Major Town Center Cam 2329,13.801103,74.822278,Active,48211000000074132
Udupi School Cam 2330,13.80242,74.822817,Active,48211000000074132
Udupi Government Office Cam 2331,13.804364,74.820409,Active,48211000000074132
Udupi Residential Area Cam 2332,13.603651,74.831813,Active,48211000000074132
Udupi College Cam 2333,13.601887,74.829693,Active,48211000000074132
Udupi Government Office Cam 2334,13.60218,74.827463,Active,48211000000074132
Udupi Government Office Cam 2335,13.252789,74.915298,Active,48211000000074134
Udupi Highway Junction Cam 2336,13.254417,74.908619,Active,48211000000074134
Udupi Major Town Center Cam 2337,13.259325,74.915844,Active,48211000000074134
Udupi Hospital Cam 2338,13.244868,74.742037,Active,48211000000074131
Udupi Bus Stand Cam 2339,13.244334,74.746775,Active,48211000000074131
Udupi Government Office Cam 2340,13.246838,74.74941,Active,48211000000074131
Udupi College Cam 2341,13.526244,74.978654,Active,48211000000074130
Udupi School Cam 2342,13.529493,74.978507,Active,48211000000074130
Udupi Police Station Cam 2343,13.529692,74.971471,Active,48211000000074130
Udupi School Cam 2344,13.524849,74.977367,Active,48211000000074130
Udupi Market Cam 2345,13.409872,74.898732,Active,48211000000074134
Udupi Government Office Cam 2346,13.407636,74.900048,Active,48211000000074134
Udupi College Cam 2347,13.405547,74.898345,Active,48211000000074134
Udupi Bus Stand Cam 2348,13.40552,74.899927,Active,48211000000074134
Udupi Commercial Street Cam 2349,13.254992,75.056221,Active,48211000000074133
Udupi School Cam 2350,13.257391,75.05327,Active,48211000000074133
Udupi Major Town Center Cam 2351,13.570519,74.687723,Active,48211000000074131
Udupi School Cam 2352,13.569274,74.683809,Active,48211000000074131
Udupi College Cam 2353,13.827938,74.676626,Active,48211000000074128
Udupi Commercial Street Cam 2354,13.825201,74.681241,Active,48211000000074128
Udupi Government Office Cam 2355,13.130553,75.044081,Active,48211000000074129
Udupi Major Town Center Cam 2356,13.128449,75.046333,Active,48211000000074129
Udupi Market Cam 2357,13.133576,75.045008,Active,48211000000074129
Udupi School Cam 2358,13.05491,74.901135,Active,48211000000074129
Udupi Commercial Street Cam 2359,13.049826,74.903576,Active,48211000000074129
Udupi Railway Station Cam 2360,13.04867,74.904422,Active,48211000000074129
Udupi Market Cam 2361,13.69868,74.895534,Active,48211000000074132
Udupi Police Station Cam 2362,13.697455,74.897271,Active,48211000000074132
Udupi Tourist Point Cam 2363,13.700362,74.893957,Active,48211000000074132
Udupi Highway Junction Cam 2364,13.701631,74.896336,Active,48211000000074132
Udupi Village Junction Cam 2365,13.462197,75.129726,Active,48211000000074130
Udupi Village Junction Cam 2366,13.499496,74.787705,Active,48211000000074131
Udupi Commercial Street Cam 2367,13.716147,74.756099,Active,48211000000074128
Udupi Village Junction Cam 2368,13.147911,74.922969,Active,48211000000074134
Udupi Market Cam 2369,13.148316,74.920872,Active,48211000000074134
Udupi Village Junction Cam 2370,13.903704,74.60777,Active,48211000000074128
Udupi Highway Junction Cam 2371,13.899223,74.607371,Active,48211000000074128
Udupi Police Station Cam 2372,13.331991,74.965427,Active,48211000000074134
Udupi Major Town Center Cam 2373,13.332304,74.96361,Active,48211000000074134
Udupi Commercial Street Cam 2374,13.882096,74.772555,Active,48211000000074128
Udupi Residential Area Cam 2375,13.886289,74.773639,Active,48211000000074128
Udupi Bus Stand Cam 2376,13.883238,74.778091,Active,48211000000074128
Udupi College Cam 2377,13.888966,74.774812,Active,48211000000074128
Udupi Police Station Cam 2378,13.349169,74.833275,Active,48211000000074134
Udupi Market Cam 2379,13.349322,74.83272,Active,48211000000074134
Udupi Commercial Street Cam 2380,13.348865,74.839063,Active,48211000000074134
Udupi Government Office Cam 2381,13.176934,74.830895,Active,48211000000074134
Udupi Highway Junction Cam 2382,13.173617,74.835339,Active,48211000000074134
Udupi Commercial Street Cam 2383,13.17704,74.83143,Active,48211000000074134
Udupi Residential Area Cam 2384,13.78265,74.914589,Active,48211000000074132
Udupi Highway Junction Cam 2385,13.779189,74.914749,Active,48211000000074132
Udupi Market Cam 2386,13.780011,74.917631,Active,48211000000074132
Udupi Bus Stand Cam 2387,13.783007,74.917488,Active,48211000000074132
Udupi Village Junction Cam 2388,13.479837,75.038149,Active,48211000000074130
Udupi Major Town Center Cam 2389,13.480972,75.040269,Active,48211000000074130
Udupi Village Junction Cam 2390,13.479119,75.043089,Active,48211000000074130
Udupi Market Cam 2391,13.478366,75.036098,Active,48211000000074130
Udupi Tourist Point Cam 2392,13.192597,74.993505,Active,48211000000074134
Udupi Market Cam 2393,13.191325,74.99329,Active,48211000000074134
Udupi Village Junction Cam 2394,13.194908,74.994313,Active,48211000000074134
Udupi Highway Junction Cam 2395,13.191033,74.992736,Active,48211000000074134
Udupi Police Station Cam 2396,13.259432,75.137011,Active,48211000000074133
Udupi Village Junction Cam 2397,13.872972,74.859182,Active,48211000000074132
Udupi Residential Area Cam 2398,13.270728,74.82029,Active,48211000000074134
Udupi Railway Station Cam 2399,13.363527,75.112142,Active,48211000000074130
Udupi Railway Station Cam 2400,13.362238,75.11277,Active,48211000000074130
Udupi Market Cam 2401,13.366789,75.111859,Active,48211000000074130
Udupi Commercial Street Cam 2402,13.364381,75.112076,Active,48211000000074130
Udupi Commercial Street Cam 2403,13.438566,74.823588,Active,48211000000074131
Udupi Major Town Center Cam 2404,13.097569,74.970759,Active,48211000000074129
Udupi Highway Junction Cam 2405,13.102192,74.973424,Active,48211000000074129
Udupi School Cam 2406,13.100095,74.974073,Active,48211000000074129
Udupi Commercial Street Cam 2407,13.503941,74.910866,Active,48211000000074130
Udupi Village Junction Cam 2408,13.506723,74.908277,Active,48211000000074130
Udupi College Cam 2409,13.50573,74.903819,Active,48211000000074130
Udupi Major Town Center Cam 2410,13.635613,74.916763,Active,48211000000074132
Udupi Railway Station Cam 2411,13.630161,74.910711,Active,48211000000074132
Udupi Government Office Cam 2412,13.629862,74.913235,Active,48211000000074132
Udupi Industrial Area Cam 2413,13.631093,74.914435,Active,48211000000074132
Udupi Highway Junction Cam 2414,13.712267,74.826375,Active,48211000000074132
Udupi College Cam 2415,13.715526,74.829271,Active,48211000000074132
Udupi Village Junction Cam 2416,13.714223,74.826516,Active,48211000000074132
Udupi Highway Junction Cam 2417,13.647421,74.746988,Active,48211000000074128
Udupi Highway Junction Cam 2418,13.646115,74.750798,Active,48211000000074128
Udupi Industrial Area Cam 2419,13.647421,74.746988,Active,48211000000074128
Udupi Market Cam 2420,13.649709,74.7461,Active,48211000000074128
Udupi Residential Area Cam 2421,13.438144,74.690837,Active,48211000000074131
Udupi Police Station Cam 2422,13.734184,74.960016,Active,48211000000074132
Udupi Residential Area Cam 2423,13.734212,74.960874,Active,48211000000074132
Udupi Tourist Point Cam 2424,13.729604,74.961441,Active,48211000000074132
Udupi Residential Area Cam 2425,13.733669,74.958488,Active,48211000000074132
Udupi Government Office Cam 2426,13.428261,74.983831,Active,48211000000074130
Udupi Tourist Point Cam 2427,13.426442,74.981984,Active,48211000000074130
Udupi Industrial Area Cam 2428,13.425622,74.976977,Active,48211000000074130
Udupi Highway Junction Cam 2429,13.594038,74.96864,Active,48211000000074130
Udupi Police Station Cam 2430,13.593674,74.966438,Active,48211000000074130
Udupi Major Town Center Cam 2431,13.335111,74.741609,Active,48211000000074131
Udupi Industrial Area Cam 2432,13.331362,74.745819,Active,48211000000074131
Udupi Residential Area Cam 2433,13.332364,74.741596,Active,48211000000074131
Udupi Market Cam 2434,13.335513,74.742004,Active,48211000000074131
Udupi Railway Station Cam 2435,13.786804,74.728573,Active,48211000000074128
Udupi Major Town Center Cam 2436,13.789745,74.722008,Active,48211000000074128
Udupi Police Station Cam 2437,13.315598,75.044552,Active,48211000000074134
Udupi Industrial Area Cam 2438,13.315728,75.043726,Active,48211000000074134
Udupi Market Cam 2439,13.252183,74.995466,Active,48211000000074134
Udupi Major Town Center Cam 2440,13.247755,74.997093,Active,48211000000074134
Udupi Railway Station Cam 2441,13.251819,74.995668,Active,48211000000074134
Udupi Market Cam 2442,13.067698,75.044679,Active,48211000000074129
Udupi Commercial Street Cam 2443,13.074236,75.045364,Active,48211000000074129
Udupi Police Station Cam 2444,13.073089,75.045555,Active,48211000000074129
Udupi Government Office Cam 2445,13.030976,74.957627,Active,48211000000074129
Udupi Residential Area Cam 2446,13.026076,74.953185,Active,48211000000074129
Udupi College Cam 2447,13.199396,74.778092,Active,48211000000074134
Udupi College Cam 2448,13.201843,74.780988,Active,48211000000074134
Udupi Residential Area Cam 2449,13.198841,75.052744,Active,48211000000074133
Udupi Village Junction Cam 2450,13.196243,75.053841,Active,48211000000074133
Udupi Highway Junction Cam 2451,13.200126,75.060057,Active,48211000000074133
Udupi School Cam 2452,13.201938,75.057306,Active,48211000000074133
Udupi Highway Junction Cam 2453,13.592544,74.748447,Active,48211000000074131
Udupi Residential Area Cam 2454,13.593376,74.743289,Active,48211000000074131
Udupi Bus Stand Cam 2455,13.587914,74.744086,Active,48211000000074131
Udupi Residential Area Cam 2456,13.592288,74.7439,Active,48211000000074131
Uttara Kannada School Cam 2457,14.83293,74.229131,Active,48211000000074138
Uttara Kannada School Cam 2458,14.831543,74.231465,Active,48211000000074138
Uttara Kannada Police Station Cam 2459,13.952905,74.615696,Active,48211000000074139
Uttara Kannada Market Cam 2460,13.953335,74.613107,Active,48211000000074139
Uttara Kannada Bus Stand Cam 2461,14.938485,75.076913,Active,48211000000074137
Uttara Kannada School Cam 2462,14.940147,75.081737,Active,48211000000074137
Uttara Kannada Railway Station Cam 2463,14.936879,75.076028,Active,48211000000074137
Uttara Kannada Village Junction Cam 2464,15.501158,74.300705,Active,48211000000074136
Uttara Kannada Village Junction Cam 2465,15.505458,74.305209,Active,48211000000074136
Uttara Kannada Major Town Center Cam 2466,14.468556,74.657854,Active,48211000000074135
Uttara Kannada Major Town Center Cam 2467,14.473907,74.657361,Active,48211000000074135
Uttara Kannada Highway Junction Cam 2468,14.474952,74.652064,Active,48211000000074135
Uttara Kannada Police Station Cam 2469,15.365477,74.81044,Active,48211000000074142
Uttara Kannada Police Station Cam 2470,15.366757,74.808746,Active,48211000000074142
Uttara Kannada Residential Area Cam 2471,15.364931,74.805895,Active,48211000000074142
Uttara Kannada Residential Area Cam 2472,14.966848,74.671957,Active,48211000000074140
Uttara Kannada Railway Station Cam 2473,14.233202,74.917185,Active,48211000000074144
Uttara Kannada Village Junction Cam 2474,14.233853,74.9209,Active,48211000000074144
Uttara Kannada Government Office Cam 2475,15.172099,74.37215,Active,48211000000074140
Uttara Kannada Bus Stand Cam 2476,15.172474,74.374767,Active,48211000000074140
Uttara Kannada Commercial Street Cam 2477,15.171714,74.372167,Active,48211000000074140
Uttara Kannada Bus Stand Cam 2478,15.179238,74.375208,Active,48211000000074140
Uttara Kannada Market Cam 2479,14.612092,74.94579,Active,48211000000074141
Uttara Kannada Commercial Street Cam 2480,14.749271,74.514535,Active,48211000000074145
Uttara Kannada Police Station Cam 2481,14.748274,74.518437,Active,48211000000074145
Uttara Kannada Hospital Cam 2482,14.748398,74.517901,Active,48211000000074145
Uttara Kannada Residential Area Cam 2483,14.235413,74.518294,Active,48211000000074146
Uttara Kannada Market Cam 2484,14.237867,74.519951,Active,48211000000074146
Uttara Kannada Government Office Cam 2485,14.23545,74.514915,Active,48211000000074146
Uttara Kannada Highway Junction Cam 2486,14.840428,74.876484,Active,48211000000074143
Uttara Kannada Government Office Cam 2487,14.837886,74.871642,Active,48211000000074143
Uttara Kannada Railway Station Cam 2488,15.379382,74.488603,Active,48211000000074136
Uttara Kannada Major Town Center Cam 2489,14.42527,74.404755,Active,48211000000074135
Uttara Kannada Highway Junction Cam 2490,14.427247,74.404768,Active,48211000000074135
Uttara Kannada Major Town Center Cam 2491,14.421149,74.399801,Active,48211000000074135
Uttara Kannada College Cam 2492,14.622799,74.289874,Active,48211000000074145
Uttara Kannada Police Station Cam 2493,14.626243,74.294822,Active,48211000000074145
Uttara Kannada Railway Station Cam 2494,14.62484,74.294183,Active,48211000000074145
Uttara Kannada Industrial Area Cam 2495,14.619704,74.29313,Active,48211000000074145
Uttara Kannada Government Office Cam 2496,14.92099,74.412097,Active,48211000000074145
Uttara Kannada Village Junction Cam 2497,14.657678,74.758387,Active,48211000000074143
Uttara Kannada Village Junction Cam 2498,14.663853,74.761608,Active,48211000000074143
Uttara Kannada Commercial Street Cam 2499,14.657347,74.76015,Active,48211000000074143
Uttara Kannada Major Town Center Cam 2500,15.162551,74.709301,Active,48211000000074140
Uttara Kannada Railway Station Cam 2501,15.163929,74.708064,Active,48211000000074140
Uttara Kannada School Cam 2502,14.240098,74.699825,Active,48211000000074144
Uttara Kannada Village Junction Cam 2503,15.114511,74.537987,Active,48211000000074140
Uttara Kannada Village Junction Cam 2504,15.113855,74.538875,Active,48211000000074140
Uttara Kannada Police Station Cam 2505,14.567816,74.505688,Active,48211000000074135
Uttara Kannada Village Junction Cam 2506,14.564782,74.501443,Active,48211000000074135
Uttara Kannada Hospital Cam 2507,14.567995,74.50524,Active,48211000000074135
Uttara Kannada Railway Station Cam 2508,14.569836,74.501004,Active,48211000000074135
Uttara Kannada Major Town Center Cam 2509,14.989319,74.846459,Active,48211000000074143
Uttara Kannada Tourist Point Cam 2510,14.996636,74.846923,Active,48211000000074143
Uttara Kannada Police Station Cam 2511,15.19224,74.857122,Active,48211000000074142
Uttara Kannada College Cam 2512,14.348883,74.810242,Active,48211000000074144
Uttara Kannada Commercial Street Cam 2513,14.352159,74.813415,Active,48211000000074144
Uttara Kannada Major Town Center Cam 2514,14.352263,74.8176,Active,48211000000074144
Uttara Kannada Hospital Cam 2515,14.347078,74.816047,Active,48211000000074144
Uttara Kannada School Cam 2516,14.787535,74.677274,Active,48211000000074143
Uttara Kannada Railway Station Cam 2517,14.78798,74.677451,Active,48211000000074143
Uttara Kannada Residential Area Cam 2518,14.786333,74.674041,Active,48211000000074143
Uttara Kannada Major Town Center Cam 2519,14.788778,74.677101,Active,48211000000074143
Uttara Kannada Highway Junction Cam 2520,14.759964,74.366062,Active,48211000000074145
Uttara Kannada Market Cam 2521,15.346037,74.344592,Active,48211000000074136
Uttara Kannada Bus Stand Cam 2522,15.341442,74.349242,Active,48211000000074136
Uttara Kannada Market Cam 2523,15.34341,74.349242,Active,48211000000074136
Uttara Kannada Government Office Cam 2524,15.347068,74.342878,Active,48211000000074136
Uttara Kannada Village Junction Cam 2525,14.108546,74.639973,Active,48211000000074139
Uttara Kannada School Cam 2526,14.101841,74.641114,Active,48211000000074139
Uttara Kannada School Cam 2527,14.102769,74.641186,Active,48211000000074139
Uttara Kannada Government Office Cam 2528,15.076082,75.044732,Active,48211000000074137
Uttara Kannada Tourist Point Cam 2529,15.076647,75.044799,Active,48211000000074137
Uttara Kannada Residential Area Cam 2530,15.074486,75.045244,Active,48211000000074137
Uttara Kannada College Cam 2531,15.026925,74.326502,Active,48211000000074145
Uttara Kannada Hospital Cam 2532,14.387218,74.540448,Active,48211000000074135
Uttara Kannada Hospital Cam 2533,14.383246,74.54106,Active,48211000000074135
Uttara Kannada Commercial Street Cam 2534,14.385032,74.542579,Active,48211000000074135
Uttara Kannada Village Junction Cam 2535,14.384214,74.547468,Active,48211000000074135
Uttara Kannada Police Station Cam 2536,15.247014,74.528321,Active,48211000000074140
Uttara Kannada Market Cam 2537,15.2499,74.530399,Active,48211000000074140
Uttara Kannada Residential Area Cam 2538,15.246643,74.5302,Active,48211000000074140
Uttara Kannada Police Station Cam 2539,15.243958,74.530629,Active,48211000000074140
Uttara Kannada Commercial Street Cam 2540,14.656003,74.617411,Active,48211000000074135
Uttara Kannada Hospital Cam 2541,14.658006,74.612227,Active,48211000000074135
Uttara Kannada Commercial Street Cam 2542,14.655475,74.615143,Active,48211000000074135
Uttara Kannada Market Cam 2543,14.951777,74.180777,Active,48211000000074138
Uttara Kannada Village Junction Cam 2544,15.289928,74.696306,Active,48211000000074142
Uttara Kannada Commercial Street Cam 2545,15.291662,74.689838,Active,48211000000074142
Uttara Kannada Bus Stand Cam 2546,14.546021,74.806332,Active,48211000000074141
Uttara Kannada Commercial Street Cam 2547,14.542611,74.807191,Active,48211000000074141
Uttara Kannada School Cam 2548,14.545524,74.80874,Active,48211000000074141
Uttara Kannada Market Cam 2549,14.544683,74.808369,Active,48211000000074141
Uttara Kannada Market Cam 2550,15.003833,74.506203,Active,48211000000074140
Uttara Kannada Railway Station Cam 2551,14.773793,74.97481,Active,48211000000074143
Uttara Kannada Government Office Cam 2552,14.779294,74.978389,Active,48211000000074143
Uttara Kannada Market Cam 2553,14.122184,74.502384,Active,48211000000074146
Uttara Kannada Railway Station Cam 2554,14.70466,74.860589,Active,48211000000074143
Uttara Kannada Hospital Cam 2555,14.700874,74.865695,Active,48211000000074143
Uttara Kannada College Cam 2556,14.918294,74.95567,Active,48211000000074143
Uttara Kannada School Cam 2557,14.915029,74.954005,Active,48211000000074143
Uttara Kannada Industrial Area Cam 2558,14.921863,74.9535,Active,48211000000074143
Uttara Kannada Village Junction Cam 2559,14.919218,74.955185,Active,48211000000074143
Uttara Kannada Industrial Area Cam 2560,14.340153,74.642733,Active,48211000000074144
Uttara Kannada Market Cam 2561,15.392531,74.693343,Active,48211000000074142
Uttara Kannada School Cam 2562,14.331952,74.456919,Active,48211000000074146
Uttara Kannada Highway Junction Cam 2563,14.326708,74.452457,Active,48211000000074146
Uttara Kannada Residential Area Cam 2564,14.328543,74.455337,Active,48211000000074146
Uttara Kannada Highway Junction Cam 2565,15.062247,74.734565,Active,48211000000074140
Uttara Kannada Bus Stand Cam 2566,15.061603,74.737076,Active,48211000000074140
Uttara Kannada College Cam 2567,15.05879,74.735854,Active,48211000000074140
Uttara Kannada Village Junction Cam 2568,15.059883,74.736463,Active,48211000000074140
Uttara Kannada Village Junction Cam 2569,14.845032,74.479606,Active,48211000000074145
Uttara Kannada College Cam 2570,14.846598,74.486458,Active,48211000000074145
Uttara Kannada Bus Stand Cam 2571,14.844868,74.484386,Active,48211000000074145
Uttara Kannada Residential Area Cam 2572,14.845873,74.479701,Active,48211000000074145
Uttara Kannada Village Junction Cam 2573,14.733161,74.268259,Active,48211000000074145
Uttara Kannada Major Town Center Cam 2574,14.738393,74.268279,Active,48211000000074145
Uttara Kannada Government Office Cam 2575,14.737539,74.26734,Active,48211000000074145
Uttara Kannada School Cam 2576,14.855145,74.32644,Active,48211000000074145
Uttara Kannada Hospital Cam 2577,15.299561,74.443467,Active,48211000000074136
Uttara Kannada Police Station Cam 2578,15.300047,74.438952,Active,48211000000074136
Uttara Kannada Highway Junction Cam 2579,14.001868,74.529576,Active,48211000000074139
Uttara Kannada Village Junction Cam 2580,14.528172,75.000263,Active,48211000000074141
Uttara Kannada College Cam 2581,14.533662,75.001589,Active,48211000000074141
Uttara Kannada Highway Junction Cam 2582,14.527249,75.002685,Active,48211000000074141
Uttara Kannada School Cam 2583,14.533756,75.002596,Active,48211000000074141
Uttara Kannada Major Town Center Cam 2584,14.483727,74.546797,Active,48211000000074135
Uttara Kannada Commercial Street Cam 2585,14.894629,74.723172,Active,48211000000074143
Uttara Kannada Hospital Cam 2586,14.894764,74.721739,Active,48211000000074143
Uttara Kannada School Cam 2587,14.8907,74.72191,Active,48211000000074143
Uttara Kannada School Cam 2588,14.909716,74.827683,Active,48211000000074143
Vijayapura Market Cam 2589,16.783071,75.499597,Active,48211000000074154
Vijayapura College Cam 2590,16.787427,75.496615,Active,48211000000074154
Vijayapura School Cam 2591,16.782231,75.499043,Active,48211000000074154
Vijayapura Residential Area Cam 2592,16.201692,76.307057,Active,48211000000074149
Vijayapura Government Office Cam 2593,16.204237,76.305143,Active,48211000000074149
Vijayapura Highway Junction Cam 2594,16.205403,76.307833,Active,48211000000074149
Vijayapura Highway Junction Cam 2595,17.122178,76.31756,Active,48211000000074147
Vijayapura Police Station Cam 2596,17.122223,76.31728,Active,48211000000074147
Vijayapura Bus Stand Cam 2597,17.41869,75.680404,Active,48211000000074150
Vijayapura Bus Stand Cam 2598,16.687503,76.05127,Active,48211000000074152
Vijayapura Village Junction Cam 2599,16.685953,76.046987,Active,48211000000074152
Vijayapura Police Station Cam 2600,16.686107,76.051437,Active,48211000000074152
Vijayapura Commercial Street Cam 2601,17.06789,75.846085,Active,48211000000074157
Vijayapura Residential Area Cam 2602,17.066364,75.844512,Active,48211000000074157
Vijayapura Industrial Area Cam 2603,17.06552,75.846581,Active,48211000000074157
Vijayapura Residential Area Cam 2604,17.072531,75.845232,Active,48211000000074157
Vijayapura Market Cam 2605,16.326723,75.90375,Active,48211000000074153
Vijayapura Industrial Area Cam 2606,16.328724,75.909018,Active,48211000000074153
Vijayapura Residential Area Cam 2607,16.326173,75.90346,Active,48211000000074153
Vijayapura Hospital Cam 2608,16.745217,76.423632,Active,48211000000074152
Vijayapura Hospital Cam 2609,16.746346,76.427522,Active,48211000000074152
Vijayapura Village Junction Cam 2610,16.74655,76.425947,Active,48211000000074152
Vijayapura Village Junction Cam 2611,16.41519,75.567684,Active,48211000000074148
Vijayapura Industrial Area Cam 2612,16.413861,75.574505,Active,48211000000074148
Vijayapura Police Station Cam 2613,16.411913,75.570808,Active,48211000000074148
Vijayapura Government Office Cam 2614,16.415312,75.567366,Active,48211000000074148
Vijayapura Commercial Street Cam 2615,17.29456,76.03252,Active,48211000000074155
Vijayapura School Cam 2616,17.289039,76.035133,Active,48211000000074155
Vijayapura Village Junction Cam 2617,17.292435,76.036348,Active,48211000000074155
Vijayapura School Cam 2618,17.288377,76.034399,Active,48211000000074155
Vijayapura Police Station Cam 2619,16.79006,75.800884,Active,48211000000074151
Vijayapura Market Cam 2620,16.531976,76.269756,Active,48211000000074159
Vijayapura Major Town Center Cam 2621,16.53,76.26611,Active,48211000000074159
Vijayapura College Cam 2622,16.530131,76.273129,Active,48211000000074159
Vijayapura Bus Stand Cam 2623,16.924135,76.16369,Active,48211000000074158
Vijayapura Market Cam 2624,16.926292,76.161397,Active,48211000000074158
Vijayapura Tourist Point Cam 2625,16.927201,76.158857,Active,48211000000074158
Vijayapura Market Cam 2626,16.926913,76.16076,Active,48211000000074158
Vijayapura Residential Area Cam 2627,16.532169,75.78737,Active,48211000000074153
Vijayapura Railway Station Cam 2628,17.173268,75.649525,Active,48211000000074157
Vijayapura Police Station Cam 2629,17.173648,75.647688,Active,48211000000074157
Vijayapura College Cam 2630,17.173994,75.647285,Active,48211000000074157
Vijayapura Bus Stand Cam 2631,16.460105,76.078044,Active,48211000000074159
Vijayapura Police Station Cam 2632,16.461019,76.076744,Active,48211000000074159
Vijayapura Industrial Area Cam 2633,17.27301,75.817672,Active,48211000000074155
Vijayapura Bus Stand Cam 2634,17.274198,75.821876,Active,48211000000074155
Vijayapura School Cam 2635,16.598317,75.511277,Active,48211000000074156
Vijayapura Hospital Cam 2636,16.59698,75.512051,Active,48211000000074156
Vijayapura Police Station Cam 2637,16.592944,75.509909,Active,48211000000074156
Vijayapura Police Station Cam 2638,16.911898,75.362557,Active,48211000000074154
Vijayapura Industrial Area Cam 2639,16.274927,76.093674,Active,48211000000074159
Vijayapura Major Town Center Cam 2640,16.273611,76.098753,Active,48211000000074159
Vijayapura Bus Stand Cam 2641,16.915387,75.655914,Active,48211000000074151
Vijayapura Government Office Cam 2642,17.066484,76.025304,Active,48211000000074158
Vijayapura Bus Stand Cam 2643,17.059792,76.029148,Active,48211000000074158
Vijayapura Commercial Street Cam 2644,16.896637,75.941849,Active,48211000000074151
Vijayapura Major Town Center Cam 2645,16.895571,75.945268,Active,48211000000074151
Vijayapura Residential Area Cam 2646,16.897496,75.940524,Active,48211000000074151
Vijayapura Major Town Center Cam 2647,16.893224,75.940568,Active,48211000000074151
Vijayapura Industrial Area Cam 2648,16.681839,75.663357,Active,48211000000074156
Vijayapura Commercial Street Cam 2649,16.683631,75.666319,Active,48211000000074156
Vijayapura Village Junction Cam 2650,16.678856,75.667416,Active,48211000000074156
Vijayapura College Cam 2651,16.680625,75.661292,Active,48211000000074156
Vijayapura College Cam 2652,16.746988,76.206689,Active,48211000000074152
Vijayapura College Cam 2653,16.373894,76.251637,Active,48211000000074159
Vijayapura Residential Area Cam 2654,16.379114,76.254702,Active,48211000000074159
Vijayapura Bus Stand Cam 2655,16.996375,76.408907,Active,48211000000074147
Vijayapura Industrial Area Cam 2656,16.996271,76.407218,Active,48211000000074147
Vijayapura Major Town Center Cam 2657,16.566341,75.960586,Active,48211000000074153
Vijayapura Hospital Cam 2658,16.563846,75.957031,Active,48211000000074153
Vijayapura Industrial Area Cam 2659,16.559401,75.956843,Active,48211000000074153
Vijayapura Police Station Cam 2660,17.208404,76.155484,Active,48211000000074147
Vijayapura School Cam 2661,17.211947,76.158367,Active,48211000000074147
Vijayapura School Cam 2662,16.571086,76.407671,Active,48211000000074152
Vijayapura Police Station Cam 2663,16.869898,76.350453,Active,48211000000074152
Vijayapura Police Station Cam 2664,16.868377,76.350024,Active,48211000000074152
Vijayapura Major Town Center Cam 2665,16.864401,76.348002,Active,48211000000074152
Vijayapura Police Station Cam 2666,16.866389,76.349343,Active,48211000000074152
Vijayapura Market Cam 2667,17.05877,75.710656,Active,48211000000074157
Vijayapura Market Cam 2668,17.055619,75.713613,Active,48211000000074157
Vijayapura Police Station Cam 2669,17.060944,75.710521,Active,48211000000074157
Vijayapura Major Town Center Cam 2670,17.062172,75.707484,Active,48211000000074157
Vijayapura Commercial Street Cam 2671,17.052072,76.206263,Active,48211000000074158
Vijayapura Bus Stand Cam 2672,16.921459,75.815171,Active,48211000000074151
Vijayapura School Cam 2673,16.918057,75.818344,Active,48211000000074151
Vijayapura Industrial Area Cam 2674,16.9235,75.813303,Active,48211000000074151
Vijayapura Tourist Point Cam 2675,16.542869,75.633478,Active,48211000000074156
Vijayapura Commercial Street Cam 2676,16.55017,75.628525,Active,48211000000074156
Vijayapura Residential Area Cam 2677,16.54368,75.627269,Active,48211000000074156
Vijayapura Police Station Cam 2678,16.544726,75.630051,Active,48211000000074156
Vijayapura Police Station Cam 2679,16.766805,75.936556,Active,48211000000074151
Vijayapura Government Office Cam 2680,16.768586,75.934736,Active,48211000000074151
Vijayapura Market Cam 2681,16.441841,76.35779,Active,48211000000074159
Vijayapura Tourist Point Cam 2682,16.443202,76.359773,Active,48211000000074159
Vijayapura Railway Station Cam 2683,16.437596,76.356009,Active,48211000000074159
Vijayapura Bus Stand Cam 2684,16.439113,76.357107,Active,48211000000074159
Vijayapura Police Station Cam 2685,17.377277,75.878445,Active,48211000000074155
Vijayapura Tourist Point Cam 2686,17.382953,75.878486,Active,48211000000074155
Vijayapura Commercial Street Cam 2687,16.581561,76.115731,Active,48211000000074159
Vijayapura Village Junction Cam 2688,17.296904,75.660753,Active,48211000000074150
Vijayapura College Cam 2689,17.297567,75.656401,Active,48211000000074150
Vijayapura Major Town Center Cam 2690,17.302766,75.657762,Active,48211000000074150
Vijayapura Major Town Center Cam 2691,17.299607,75.659556,Active,48211000000074150
Vijayapura School Cam 2692,16.448815,75.927219,Active,48211000000074153
Vijayapura School Cam 2693,16.445331,75.930561,Active,48211000000074153
Vijayapura Hospital Cam 2694,16.447787,75.926482,Active,48211000000074153
Vijayapura Village Junction Cam 2695,16.448154,75.930789,Active,48211000000074153
Vijayapura School Cam 2696,17.184371,75.973618,Active,48211000000074155
Vijayapura Industrial Area Cam 2697,17.188553,75.97357,Active,48211000000074155
Vijayapura School Cam 2698,17.188753,75.975542,Active,48211000000074155
Vijayapura Commercial Street Cam 2699,16.952604,75.54288,Active,48211000000074154
Vijayapura Bus Stand Cam 2700,16.950948,75.543897,Active,48211000000074154
Vijayapura Industrial Area Cam 2701,16.185573,76.190967,Active,48211000000074149
Vijayapura Highway Junction Cam 2702,16.801319,75.67921,Active,48211000000074151
Vijayapura Hospital Cam 2703,16.784391,76.104871,Active,48211000000074158
Vijayapura Industrial Area Cam 2704,16.701514,76.31131,Active,48211000000074152
Vijayapura Market Cam 2705,16.70218,76.305609,Active,48211000000074152
Vijayapura Bus Stand Cam 2706,16.702347,76.30899,Active,48211000000074152
Vijayapura Hospital Cam 2707,16.490607,75.491715,Active,48211000000074148
Vijayapura Industrial Area Cam 2708,16.491033,75.493945,Active,48211000000074148
Vijayapura Highway Junction Cam 2709,16.88627,76.064191,Active,48211000000074158
Vijayapura Residential Area Cam 2710,16.885525,76.063313,Active,48211000000074158
Vijayapura Residential Area Cam 2711,16.886067,76.063093,Active,48211000000074158
Vijayapura College Cam 2712,16.884915,76.068598,Active,48211000000074158
Vijayapura Commercial Street Cam 2713,16.357744,75.997478,Active,48211000000074153
Vijayapura Government Office Cam 2714,17.182017,75.839722,Active,48211000000074157
Vijayapura Residential Area Cam 2715,17.17922,75.842491,Active,48211000000074157
Vijayapura Railway Station Cam 2716,17.179099,75.83528,Active,48211000000074157
Vijayapura College Cam 2717,17.182167,75.838137,Active,48211000000074157
Vijayapura Village Junction Cam 2718,16.616749,75.745072,Active,48211000000074156
Vijayapura Highway Junction Cam 2719,17.035894,75.929696,Active,48211000000074158
Vijayapura Market Cam 2720,17.036777,75.937416,Active,48211000000074158
Vijayapura Railway Station Cam 2721,17.037014,75.931162,Active,48211000000074158
Vijayapura Hospital Cam 2722,16.626367,76.260476,Active,48211000000074152
Vijayapura Hospital Cam 2723,16.622317,76.257821,Active,48211000000074152
Vijayapura Highway Junction Cam 2724,16.624706,76.261477,Active,48211000000074152
Vijayapura Residential Area Cam 2725,16.626472,76.257401,Active,48211000000074152
Vijayapura Industrial Area Cam 2726,16.887312,76.256386,Active,48211000000074152
Vijayapura School Cam 2727,16.884764,76.261456,Active,48211000000074152
Vijayapura Residential Area Cam 2728,16.882328,76.263087,Active,48211000000074152
Vijayapura Market Cam 2729,16.881803,76.262465,Active,48211000000074152
Mysuru Tourist Point Cam 2730,11.871276,76.478075,Active,48211000000074095
Mysuru Highway Junction Cam 2731,11.874146,76.48075,Active,48211000000074095
Mysuru Residential Area Cam 2732,11.869427,76.475797,Active,48211000000074095
Mysuru Hospital Cam 2733,11.871006,76.475454,Active,48211000000074095
Mysuru Village Junction Cam 2734,11.872692,76.47353,Active,48211000000074095
Mysuru Industrial Area Cam 2735,11.869024,76.48114,Active,48211000000074095
Mysuru Market Cam 2736,12.550436,76.03513,Active,48211000000074091
Mysuru Industrial Area Cam 2737,12.556168,76.03821,Active,48211000000074091
Mysuru Market Cam 2738,12.553501,76.031517,Active,48211000000074091
Mysuru Railway Station Cam 2739,12.556966,76.038045,Active,48211000000074091
Mysuru Railway Station Cam 2740,12.429886,76.910074,Active,48211000000074094
Mysuru Bus Stand Cam 2741,12.432359,76.908221,Active,48211000000074094
Mysuru Bus Stand Cam 2742,12.435132,76.907679,Active,48211000000074094
Mysuru College Cam 2743,12.432034,76.906523,Active,48211000000074094
Mysuru Bus Stand Cam 2744,12.430943,76.906751,Active,48211000000074094
Mysuru Commercial Street Cam 2745,12.351265,76.46644,Active,48211000000074092
Mysuru Village Junction Cam 2746,12.350532,76.458664,Active,48211000000074092
Mysuru Tourist Point Cam 2747,12.353181,76.461145,Active,48211000000074092
Mysuru Bus Stand Cam 2748,12.351338,76.466434,Active,48211000000074092
Mysuru Village Junction Cam 2749,12.007629,76.842753,Active,48211000000074097
Mysuru Bus Stand Cam 2750,12.011654,76.843131,Active,48211000000074097
Mysuru Market Cam 2751,12.01136,76.847463,Active,48211000000074097
Mysuru Residential Area Cam 2752,11.906023,76.114724,Active,48211000000074093
Mysuru Police Station Cam 2753,11.908108,76.117334,Active,48211000000074093
Mysuru School Cam 2754,11.907601,76.117319,Active,48211000000074093
Mysuru Commercial Street Cam 2755,11.90423,76.115378,Active,48211000000074093
Mysuru Hospital Cam 2756,11.907712,76.118146,Active,48211000000074093
Mysuru Hospital Cam 2757,12.231557,76.136902,Active,48211000000074096
Mysuru Industrial Area Cam 2758,12.227277,76.134108,Active,48211000000074096
Mysuru Market Cam 2759,12.226896,76.138363,Active,48211000000074096
Mysuru Village Junction Cam 2760,12.231337,76.133589,Active,48211000000074096
Mysuru Major Town Center Cam 2761,12.633338,76.341445,Active,48211000000074092
Mysuru Market Cam 2762,12.639672,76.345436,Active,48211000000074092
Mysuru Commercial Street Cam 2763,12.634228,76.340921,Active,48211000000074092
Mysuru Tourist Point Cam 2764,12.180953,77.068111,Active,48211000000074090
Mysuru College Cam 2765,12.183062,77.068696,Active,48211000000074090
Mysuru Industrial Area Cam 2766,12.183554,77.068261,Active,48211000000074090
Mysuru Commercial Street Cam 2767,12.185492,77.069998,Active,48211000000074090
Mysuru Commercial Street Cam 2768,12.184463,77.070087,Active,48211000000074090
Mysuru Police Station Cam 2769,12.22757,76.698989,Active,48211000000074094
Mysuru Hospital Cam 2770,12.229473,76.698433,Active,48211000000074094
Mysuru Government Office Cam 2771,12.223789,76.695817,Active,48211000000074094
Mysuru Village Junction Cam 2772,12.22789,76.697681,Active,48211000000074094
Mysuru Government Office Cam 2773,12.230096,76.700421,Active,48211000000074094
Mysuru Commercial Street Cam 2774,12.22898,76.694614,Active,48211000000074094
Mysuru Tourist Point Cam 2775,12.116235,76.376696,Active,48211000000074089
Mysuru College Cam 2776,12.118829,76.379358,Active,48211000000074089
Mysuru Hospital Cam 2777,12.118897,76.376448,Active,48211000000074089
Mysuru School Cam 2778,12.113839,76.37493,Active,48211000000074089
Mysuru Bus Stand Cam 2779,12.46523,76.227065,Active,48211000000074092
Mysuru Industrial Area Cam 2780,12.465585,76.225758,Active,48211000000074092
Mysuru Highway Junction Cam 2781,12.463977,76.228011,Active,48211000000074092
Mysuru Police Station Cam 2782,12.461114,76.227702,Active,48211000000074092
Mysuru Railway Station Cam 2783,12.359652,75.966902,Active,48211000000074091
Mysuru College Cam 2784,12.359845,75.961784,Active,48211000000074091
Mysuru Bus Stand Cam 2785,12.02835,76.607856,Active,48211000000074089
Mysuru Commercial Street Cam 2786,12.024391,76.603573,Active,48211000000074089
Mysuru Residential Area Cam 2787,12.02697,76.60911,Active,48211000000074089
Mysuru Police Station Cam 2788,12.244318,76.892244,Active,48211000000074094
Mysuru Police Station Cam 2789,12.241946,76.888727,Active,48211000000074094
Mysuru School Cam 2790,12.24141,76.88656,Active,48211000000074094
Mysuru Highway Junction Cam 2791,12.24678,76.893992,Active,48211000000074094
Mysuru College Cam 2792,12.245288,76.89232,Active,48211000000074094
Mysuru Bus Stand Cam 2793,11.776015,76.322807,Active,48211000000074095
Mysuru Government Office Cam 2794,11.774721,76.319812,Active,48211000000074095
Mysuru Major Town Center Cam 2795,11.775724,76.317928,Active,48211000000074095
Mysuru Government Office Cam 2796,11.777858,76.320205,Active,48211000000074095
Mysuru Major Town Center Cam 2797,11.779838,76.320145,Active,48211000000074095
Mysuru School Cam 2798,11.775506,76.316236,Active,48211000000074095
Mysuru College Cam 2799,12.051702,76.215782,Active,48211000000074093
Mysuru School Cam 2800,12.047458,76.214092,Active,48211000000074093
Mysuru Railway Station Cam 2801,12.049398,76.216256,Active,48211000000074093
Mysuru Highway Junction Cam 2802,12.049219,76.213756,Active,48211000000074093
Mysuru Village Junction Cam 2803,12.052439,76.213324,Active,48211000000074093
Mysuru Government Office Cam 2804,12.053446,76.210772,Active,48211000000074093
Mysuru Commercial Street Cam 2805,12.388058,76.645195,Active,48211000000074094
Mysuru Police Station Cam 2806,12.391475,76.645192,Active,48211000000074094
Mysuru Commercial Street Cam 2807,12.391475,76.645192,Active,48211000000074094
Mysuru Commercial Street Cam 2808,12.393373,76.647539,Active,48211000000074094
Mysuru Railway Station Cam 2809,12.391475,76.645192,Active,48211000000074094
Mysuru Market Cam 2810,11.953028,76.333727,Active,48211000000074089
Mysuru School Cam 2811,11.946462,76.335837,Active,48211000000074089
Mysuru Highway Junction Cam 2812,11.945757,76.339736,Active,48211000000074089
Mysuru Police Station Cam 2813,11.950102,76.336956,Active,48211000000074089
Mysuru Market Cam 2814,11.9503,76.33509,Active,48211000000074089
Mysuru College Cam 2815,12.508901,76.435584,Active,48211000000074092
Mysuru Bus Stand Cam 2816,12.510858,76.436828,Active,48211000000074092
Mysuru Highway Junction Cam 2817,12.506325,76.440006,Active,48211000000074092
Mysuru Highway Junction Cam 2818,12.506829,76.433847,Active,48211000000074092
Mysuru Village Junction Cam 2819,12.319141,76.273847,Active,48211000000074096
Mysuru School Cam 2820,12.31133,76.277882,Active,48211000000074096
Mysuru Village Junction Cam 2821,12.313636,76.27939,Active,48211000000074096
Mysuru Market Cam 2822,12.312327,76.276003,Active,48211000000074096
Mysuru Village Junction Cam 2823,12.231883,76.544039,Active,48211000000074089
Mysuru College Cam 2824,12.230057,76.549734,Active,48211000000074089
Mysuru Hospital Cam 2825,12.228819,76.547943,Active,48211000000074089
Mysuru Railway Station Cam 2826,12.225486,76.543092,Active,48211000000074089
Mysuru Village Junction Cam 2827,12.09503,76.743301,Active,48211000000074097
Mysuru Village Junction Cam 2828,12.097035,76.745362,Active,48211000000074097
Mysuru Industrial Area Cam 2829,12.097379,76.739513,Active,48211000000074097
Mysuru Highway Junction Cam 2830,12.0992,76.742326,Active,48211000000074097
Mysuru Village Junction Cam 2831,12.125171,76.944625,Active,48211000000074097
Mysuru Market Cam 2832,12.121384,76.947134,Active,48211000000074097
Mysuru Tourist Point Cam 2833,12.123121,76.949527,Active,48211000000074097
Mysuru Government Office Cam 2834,12.040796,76.481349,Active,48211000000074089
Mysuru Police Station Cam 2835,12.045499,76.478493,Active,48211000000074089
Mysuru Major Town Center Cam 2836,12.043623,76.478498,Active,48211000000074089
Mysuru Government Office Cam 2837,12.047597,76.479628,Active,48211000000074089
Mysuru Residential Area Cam 2838,12.046819,76.484148,Active,48211000000074089
Mysuru Bus Stand Cam 2839,12.585901,76.215854,Active,48211000000074092
Mysuru Police Station Cam 2840,12.591996,76.21276,Active,48211000000074092
Mysuru Government Office Cam 2841,12.584125,76.215977,Active,48211000000074092
Mysuru Police Station Cam 2842,12.586631,76.214393,Active,48211000000074092
Mysuru Industrial Area Cam 2843,12.584635,76.219964,Active,48211000000074092
Mysuru Highway Junction Cam 2844,12.591214,76.219596,Active,48211000000074092
Mysuru College Cam 2845,12.326634,76.765984,Active,48211000000074094
Mysuru Government Office Cam 2846,12.333358,76.766286,Active,48211000000074094
Mysuru Commercial Street Cam 2847,12.332369,76.769258,Active,48211000000074094
Mysuru Police Station Cam 2848,12.32917,76.765704,Active,48211000000074094
Mysuru Government Office Cam 2849,12.332948,76.773299,Active,48211000000074094
Mysuru Market Cam 2850,12.327827,76.766104,Active,48211000000074094
Mysuru Village Junction Cam 2851,12.394128,76.086608,Active,48211000000074091
Mysuru Market Cam 2852,12.39114,76.083585,Active,48211000000074091
Mysuru Market Cam 2853,12.395325,76.083619,Active,48211000000074091
Mysuru Government Office Cam 2854,12.420827,76.344855,Active,48211000000074092
Mysuru Market Cam 2855,12.423418,76.346047,Active,48211000000074092
Mysuru Residential Area Cam 2856,12.422475,76.342348,Active,48211000000074092
Mysuru Bus Stand Cam 2857,12.424545,76.343543,Active,48211000000074092
Mysuru Village Junction Cam 2858,12.425835,76.339507,Active,48211000000074092
Mysuru School Cam 2859,12.421293,76.344828,Active,48211000000074092
Mysuru Police Station Cam 2860,12.192283,76.280953,Active,48211000000074096
Mysuru Major Town Center Cam 2861,12.19033,76.279208,Active,48211000000074096
Mysuru Village Junction Cam 2862,12.197088,76.277036,Active,48211000000074096
Mysuru Major Town Center Cam 2863,12.196515,76.277961,Active,48211000000074096
Mysuru Bus Stand Cam 2864,12.189707,76.275777,Active,48211000000074096
Mysuru Market Cam 2865,12.190994,76.2825,Active,48211000000074096
Mysuru Industrial Area Cam 2866,12.252988,76.400144,Active,48211000000074089
Mysuru Industrial Area Cam 2867,12.251233,76.403772,Active,48211000000074089
Mysuru Major Town Center Cam 2868,12.25348,76.400891,Active,48211000000074089
Mysuru Major Town Center Cam 2869,12.251965,76.404522,Active,48211000000074089
Mysuru Tourist Point Cam 2870,12.24717,76.401993,Active,48211000000074089
Mysuru School Cam 2871,12.247145,76.400771,Active,48211000000074089
Mysuru Commercial Street Cam 2872,11.856375,76.22104,Active,48211000000074093
Mysuru Hospital Cam 2873,11.856302,76.214481,Active,48211000000074093
Mysuru Commercial Street Cam 2874,11.86055,76.216663,Active,48211000000074093
Mysuru Commercial Street Cam 2875,12.141775,76.605324,Active,48211000000074089
Mysuru Bus Stand Cam 2876,12.142355,76.606381,Active,48211000000074089
Mysuru Government Office Cam 2877,12.176802,76.808958,Active,48211000000074094
Mysuru College Cam 2878,12.175148,76.809995,Active,48211000000074094
Mysuru Major Town Center Cam 2879,12.176363,76.815878,Active,48211000000074094
Mysuru Residential Area Cam 2880,12.295014,76.057066,Active,48211000000074096
Mysuru Village Junction Cam 2881,12.292065,76.053433,Active,48211000000074096
Mysuru Industrial Area Cam 2882,12.292481,76.050366,Active,48211000000074096
Mysuru College Cam 2883,12.292932,76.056256,Active,48211000000074096
Mysuru Government Office Cam 2884,12.367731,76.182713,Active,48211000000074096
Mysuru Major Town Center Cam 2885,12.3731,76.185315,Active,48211000000074096
Mysuru Highway Junction Cam 2886,11.768318,76.41886,Active,48211000000074095
Mysuru Residential Area Cam 2887,11.769771,76.416905,Active,48211000000074095
Mysuru Government Office Cam 2888,11.769143,76.420642,Active,48211000000074095
Mysuru Major Town Center Cam 2889,11.771042,76.420078,Active,48211000000074095
Mysuru College Cam 2890,11.764299,76.416155,Active,48211000000074095
Mysuru School Cam 2891,11.770027,76.416546,Active,48211000000074095
Mysuru Village Junction Cam 2892,12.461211,76.005019,Active,48211000000074091
Mysuru School Cam 2893,12.466506,76.000139,Active,48211000000074091
Mysuru Village Junction Cam 2894,12.465284,75.999998,Active,48211000000074091
Mysuru Industrial Area Cam 2895,12.46049,76.000691,Active,48211000000074091
Mysuru Major Town Center Cam 2896,12.46251,76.001555,Active,48211000000074091
Mysuru Police Station Cam 2897,12.519825,76.150506,Active,48211000000074091
Mysuru Police Station Cam 2898,12.521484,76.148725,Active,48211000000074091
Mysuru Police Station Cam 2899,12.527162,76.146858,Active,48211000000074091
Mysuru Bus Stand Cam 2900,12.521535,76.147778,Active,48211000000074091
Mysuru Commercial Street Cam 2901,11.959561,76.240454,Active,48211000000074093
Mysuru Major Town Center Cam 2902,11.958547,76.241314,Active,48211000000074093
Mysuru Commercial Street Cam 2903,11.965546,76.241305,Active,48211000000074093
Mysuru Major Town Center Cam 2904,11.959491,76.241352,Active,48211000000074093
Mysuru Tourist Point Cam 2905,11.958827,76.242509,Active,48211000000074093
Mysuru College Cam 2906,12.313606,76.588547,Active,48211000000074094
Mysuru Railway Station Cam 2907,12.312375,76.586907,Active,48211000000074094
Mysuru Commercial Street Cam 2908,12.250779,76.978321,Active,48211000000074090
Mysuru Bus Stand Cam 2909,12.254165,76.982028,Active,48211000000074090
Mysuru Government Office Cam 2910,12.248629,76.983832,Active,48211000000074090
Mysuru Village Junction Cam 2911,12.544139,76.323334,Active,48211000000074092
Mysuru Residential Area Cam 2912,12.54447,76.325357,Active,48211000000074092
Mysuru Village Junction Cam 2913,12.549604,76.324188,Active,48211000000074092
Mysuru School Cam 2914,12.5435,76.325875,Active,48211000000074092
Mysuru Government Office Cam 2915,12.171363,76.447163,Active,48211000000074089
Mysuru Industrial Area Cam 2916,12.175312,76.449462,Active,48211000000074089
Mysuru School Cam 2917,12.172406,76.44859,Active,48211000000074089
Mysuru Government Office Cam 2918,12.171069,76.444905,Active,48211000000074089
Mysuru Tourist Point Cam 2919,12.174135,76.442593,Active,48211000000074089
Mysuru College Cam 2920,12.339352,76.918837,Active,48211000000074094
Mysuru Commercial Street Cam 2921,12.342391,76.916939,Active,48211000000074094
Mysuru Tourist Point Cam 2922,12.34052,76.914538,Active,48211000000074094
Mysuru Bus Stand Cam 2923,12.342064,76.918291,Active,48211000000074094
Mysuru Police Station Cam 2924,12.347027,76.92022,Active,48211000000074094
Mysuru Bus Stand Cam 2925,12.343938,76.916479,Active,48211000000074094
Mysuru Hospital Cam 2926,12.026354,76.381416,Active,48211000000074089
Mysuru Major Town Center Cam 2927,12.023872,76.385382,Active,48211000000074089
Mysuru School Cam 2928,12.031093,76.381546,Active,48211000000074089
Mysuru Hospital Cam 2929,12.028078,76.382016,Active,48211000000074089
Mysuru Market Cam 2930,12.024127,76.386537,Active,48211000000074089
Mysuru Market Cam 2931,11.945168,76.527569,Active,48211000000074089
Mysuru Highway Junction Cam 2932,11.9433,76.534467,Active,48211000000074089
Mysuru Government Office Cam 2933,11.944152,76.53369,Active,48211000000074089
Mysuru Bus Stand Cam 2934,12.405205,76.561109,Active,48211000000074092
Mysuru Police Station Cam 2935,12.409692,76.561489,Active,48211000000074092
Mysuru Residential Area Cam 2936,12.405514,76.564141,Active,48211000000074092
Mysuru Village Junction Cam 2937,12.406484,76.563923,Active,48211000000074092
Mysuru Industrial Area Cam 2938,12.40318,76.560984,Active,48211000000074092
Mysuru Residential Area Cam 2939,12.408807,76.563888,Active,48211000000074092
Mysuru Police Station Cam 2940,12.07983,76.297637,Active,48211000000074089
Mysuru Bus Stand Cam 2941,12.076877,76.29929,Active,48211000000074089
Mysuru Government Office Cam 2942,12.076292,76.297809,Active,48211000000074089
Mysuru Government Office Cam 2943,12.07939,76.297397,Active,48211000000074089
Mysuru Highway Junction Cam 2944,12.082279,76.299929,Active,48211000000074089
Mysuru School Cam 2945,12.078378,76.300256,Active,48211000000074089
Mysuru Major Town Center Cam 2946,11.861164,76.334789,Active,48211000000074095
Mysuru Railway Station Cam 2947,11.867763,76.329707,Active,48211000000074095
Mysuru Hospital Cam 2948,11.865417,76.329867,Active,48211000000074095
Mysuru Major Town Center Cam 2949,11.867114,76.328001,Active,48211000000074095
Mysuru School Cam 2950,12.157132,76.172377,Active,48211000000074096
Mysuru Market Cam 2951,12.154499,76.177524,Active,48211000000074096
Mysuru Village Junction Cam 2952,12.153227,76.175748,Active,48211000000074096
Mysuru Residential Area Cam 2953,12.154545,76.173665,Active,48211000000074096
Mysuru Highway Junction Cam 2954,12.436857,76.482382,Active,48211000000074092
Mysuru Major Town Center Cam 2955,12.435651,76.479818,Active,48211000000074092
Mysuru Residential Area Cam 2956,11.934675,76.424643,Active,48211000000074089
Mysuru Bus Stand Cam 2957,11.938947,76.423921,Active,48211000000074089
Mysuru Residential Area Cam 2958,11.935198,76.427324,Active,48211000000074089
Mysuru Major Town Center Cam 2959,11.936676,76.422679,Active,48211000000074089
Mysuru Residential Area Cam 2960,12.318431,76.361656,Active,48211000000074096
Mysuru Police Station Cam 2961,12.323936,76.360014,Active,48211000000074096
Mysuru Government Office Cam 2962,12.311096,76.849933,Active,48211000000074094
Mysuru Highway Junction Cam 2963,12.306208,76.849868,Active,48211000000074094
Mysuru Commercial Street Cam 2964,12.31361,76.850282,Active,48211000000074094
Mysuru Major Town Center Cam 2965,12.252115,76.229902,Active,48211000000074096
Mysuru Bus Stand Cam 2966,12.254024,76.227704,Active,48211000000074096
Mysuru Railway Station Cam 2967,12.256,76.228906,Active,48211000000074096
Mysuru Residential Area Cam 2968,12.130098,76.530821,Active,48211000000074089
Mysuru Police Station Cam 2969,12.134859,76.52944,Active,48211000000074089
Mysuru Tourist Point Cam 2970,12.134118,76.53067,Active,48211000000074089
Mysuru Police Station Cam 2971,12.135904,76.526593,Active,48211000000074089
Mysuru School Cam 2972,12.135121,76.527326,Active,48211000000074089
Mysuru Residential Area Cam 2973,12.135131,76.531399,Active,48211000000074089
Mysuru Market Cam 2974,11.999683,76.158738,Active,48211000000074093
Mysuru Hospital Cam 2975,11.993535,76.162633,Active,48211000000074093
Mysuru Residential Area Cam 2976,11.998709,76.159565,Active,48211000000074093
Mysuru Hospital Cam 2977,11.994443,76.160399,Active,48211000000074093
Mysuru Market Cam 2978,12.289112,76.655497,Active,48211000000074094
Mysuru Police Station Cam 2979,12.294136,76.661494,Active,48211000000074094
Mysuru Commercial Street Cam 2980,11.840413,76.402408,Active,48211000000074095
Mysuru Police Station Cam 2981,11.845498,76.397764,Active,48211000000074095
Mysuru Railway Station Cam 2982,11.846867,76.399629,Active,48211000000074095
Mysuru School Cam 2983,11.840695,76.400923,Active,48211000000074095
Mysuru Government Office Cam 2984,11.846784,76.405445,Active,48211000000074095
Mysuru Bus Stand Cam 2985,12.057787,76.682374,Active,48211000000074097
Mysuru Bus Stand Cam 2986,12.057594,76.684808,Active,48211000000074097
Mysuru Government Office Cam 2987,12.061301,76.682737,Active,48211000000074097
Mysuru Highway Junction Cam 2988,12.055946,76.681285,Active,48211000000074097
Mysuru School Cam 2989,12.149872,76.880732,Active,48211000000074097
Mysuru Hospital Cam 2990,12.146765,76.879473,Active,48211000000074097
Mysuru Bus Stand Cam 2991,12.146121,76.881885,Active,48211000000074097
Mysuru Bus Stand Cam 2992,12.149055,76.881842,Active,48211000000074097
Mysuru Major Town Center Cam 2993,12.147753,76.883341,Active,48211000000074097
Mysuru Market Cam 2994,12.437159,75.938658,Active,48211000000074091
Mysuru Residential Area Cam 2995,12.438402,75.936383,Active,48211000000074091
Mysuru Hospital Cam 2996,12.438256,75.939566,Active,48211000000074091
Mysuru Highway Junction Cam 2997,12.436876,75.932735,Active,48211000000074091
Mysuru Bus Stand Cam 2998,12.081728,76.805605,Active,48211000000074097
Mysuru College Cam 2999,12.080763,76.807658,Active,48211000000074097
Mysuru Hospital Cam 3000,12.081729,76.805767,Active,48211000000074097
