CameraName,Latitude,Longitude,Status,UnitId
Chikkamagaluru Government Office Cam 1,13.624842,76.063562,Active,48211000000072992
Chikkamagaluru Commercial Street Cam 2,13.625909,76.056415,Active,48211000000072992
Chikkamagaluru Village Junction Cam 3,13.303029,75.108464,Active,48211000000072993
Chikkamagaluru Village Junction Cam 4,13.301477,75.110016,Active,48211000000072993
Chikkamagaluru Major Town Center Cam 5,13.302131,75.104792,Active,48211000000072993
Chikkamagaluru Major Town Center Cam 6,13.045224,75.672402,Active,48211000000072994
Chikkamagaluru Railway Station Cam 7,13.045371,75.674299,Active,48211000000072994
Chikkamagaluru Bus Stand Cam 8,13.042767,75.675045,Active,48211000000072994
Chikkamagaluru Village Junction Cam 9,13.735789,75.462,Active,48211000000072995
Chikkamagaluru Village Junction Cam 10,13.739165,75.465018,Active,48211000000072995
Chikkamagaluru Tourist Point Cam 11,13.735632,75.461754,Active,48211000000072995
Chikkamagaluru Village Junction Cam 12,13.370472,75.505253,Active,48211000000072997
Chikkamagaluru Railway Station Cam 13,13.372068,75.503685,Active,48211000000072997
Chikkamagaluru Residential Area Cam 14,13.376606,75.503891,Active,48211000000072997
Chikkamagaluru Railway Station Cam 15,13.376338,75.506963,Active,48211000000072997
Chikkamagaluru Tourist Point Cam 16,13.347329,75.855634,Active,48211000000073000
Chikkamagaluru Commercial Street Cam 17,13.75708,75.766348,Active,48211000000072998
Chikkamagaluru Highway Junction Cam 18,13.763004,75.766593,Active,48211000000072998
Chikkamagaluru Industrial Area Cam 19,13.762815,75.764254,Active,48211000000072998
Chikkamagaluru Railway Station Cam 20,13.557402,76.334162,Active,48211000000072992
Chikkamagaluru Tourist Point Cam 21,13.556785,76.333566,Active,48211000000072992
Chikkamagaluru College Cam 22,13.553266,76.32922,Active,48211000000072992
Chikkamagaluru Police Station Cam 23,13.558958,75.239084,Active,48211000000072999
Chikkamagaluru Major Town Center Cam 24,13.142211,75.286955,Active,48211000000072993
Chikkamagaluru Commercial Street Cam 25,13.137244,75.287121,Active,48211000000072993
Chikkamagaluru Market Cam 26,13.375794,76.079271,Active,48211000000072992
Chikkamagaluru School Cam 27,13.37382,76.078279,Active,48211000000072992
Chikkamagaluru Railway Station Cam 28,13.373908,76.078398,Active,48211000000072992
Chikkamagaluru School Cam 29,13.376816,76.081083,Active,48211000000072992
Chikkamagaluru Hospital Cam 30,13.837741,76.005316,Active,48211000000072996
Chikkamagaluru School Cam 31,13.498761,75.70443,Active,48211000000072998
Chikkamagaluru Government Office Cam 32,13.502774,75.703555,Active,48211000000072998
Chikkamagaluru Market Cam 33,13.353802,75.313703,Active,48211000000072997
Chikkamagaluru College Cam 34,13.34856,75.30934,Active,48211000000072997
Chikkamagaluru Village Junction Cam 35,13.347992,75.316737,Active,48211000000072997
Chikkamagaluru College Cam 36,13.347427,75.314905,Active,48211000000072997
Chikkamagaluru Railway Station Cam 37,13.230264,75.691869,Active,48211000000073000
Chikkamagaluru Market Cam 38,13.23427,75.696867,Active,48211000000073000
Chikkamagaluru Major Town Center Cam 39,13.231568,75.690421,Active,48211000000073000
Chikkamagaluru Highway Junction Cam 40,13.235767,75.697608,Active,48211000000073000
Chikkamagaluru Railway Station Cam 41,13.599872,75.872213,Active,48211000000072998
Chikkamagaluru Tourist Point Cam 42,13.595293,75.872102,Active,48211000000072998
Chikkamagaluru College Cam 43,13.597552,75.86473,Active,48211000000072998
Chikkamagaluru School Cam 44,13.156593,75.473334,Active,48211000000072997
Chikkamagaluru Highway Junction Cam 45,13.159335,75.473074,Active,48211000000072997
Chikkamagaluru Police Station Cam 46,13.157649,75.470713,Active,48211000000072997
Chikkamagaluru Village Junction Cam 47,13.157629,75.473782,Active,48211000000072997
Chikkamagaluru Highway Junction Cam 48,13.561777,75.454602,Active,48211000000072995
Chikkamagaluru Hospital Cam 49,13.56048,75.45352,Active,48211000000072995
Chikkamagaluru Major Town Center Cam 50,13.649349,75.623653,Active,48211000000072995
Chikkamagaluru Market Cam 51,13.648594,75.624169,Active,48211000000072995
Chikkamagaluru Major Town Center Cam 52,13.551928,76.18054,Active,48211000000072992
Chikkamagaluru Market Cam 53,13.551963,76.186708,Active,48211000000072992
Chikkamagaluru Government Office Cam 54,13.548778,76.183631,Active,48211000000072992
Chikkamagaluru Hospital Cam 55,13.549269,76.181263,Active,48211000000072992
Chikkamagaluru Government Office Cam 56,13.663701,76.248833,Active,48211000000072992
Chikkamagaluru Market Cam 57,13.661109,76.249149,Active,48211000000072992
Chikkamagaluru Police Station Cam 58,13.787597,76.125478,Active,48211000000072996
Chikkamagaluru Highway Junction Cam 59,13.759223,75.885825,Active,48211000000072996
Chikkamagaluru Village Junction Cam 60,13.7543,75.888874,Active,48211000000072996
Chikkamagaluru Government Office Cam 61,13.752897,75.889343,Active,48211000000072996
Chikkamagaluru School Cam 62,13.755536,75.89087,Active,48211000000072996
Chikkamagaluru Residential Area Cam 63,13.045355,75.544529,Active,48211000000072994
Chikkamagaluru Highway Junction Cam 64,13.043884,75.546848,Active,48211000000072994
Chikkamagaluru Residential Area Cam 65,13.041982,75.549946,Active,48211000000072994
Chikkamagaluru Hospital Cam 66,13.26244,75.224063,Active,48211000000072993
Chikkamagaluru Major Town Center Cam 67,13.261396,75.223473,Active,48211000000072993
Chikkamagaluru Market Cam 68,13.263075,75.227023,Active,48211000000072993
Chikkamagaluru Police Station Cam 69,13.359844,75.738109,Active,48211000000073000
Chikkamagaluru School Cam 70,13.363868,75.742963,Active,48211000000073000
Chikkamagaluru Village Junction Cam 71,13.364761,75.736375,Active,48211000000073000
Chikkamagaluru Police Station Cam 72,13.357492,75.741278,Active,48211000000073000
Chikkamagaluru Government Office Cam 73,13.4798,75.894532,Active,48211000000072998
Chikkamagaluru Village Junction Cam 74,13.489121,75.582762,Active,48211000000072997
Chikkamagaluru Village Junction Cam 75,13.494235,75.585026,Active,48211000000072997
Chikkamagaluru Industrial Area Cam 76,13.490849,75.587852,Active,48211000000072997
Chikkamagaluru College Cam 77,13.496296,75.585738,Active,48211000000072997
Chikkamagaluru Highway Junction Cam 78,13.258227,75.579815,Active,48211000000072997
Chikkamagaluru Hospital Cam 79,13.47543,76.020896,Active,48211000000072992
Chikkamagaluru Residential Area Cam 80,13.474244,76.018415,Active,48211000000072992
Chikkamagaluru Hospital Cam 81,13.477147,76.020523,Active,48211000000072992
Chikkamagaluru Village Junction Cam 82,13.478309,76.016179,Active,48211000000072992
Chikkamagaluru College Cam 83,13.442317,75.410509,Active,48211000000072997
Chikkamagaluru Highway Junction Cam 84,13.39294,75.204493,Active,48211000000072993
Chikkamagaluru Hospital Cam 85,13.388521,75.204715,Active,48211000000072993
Chikkamagaluru Major Town Center Cam 86,13.386985,75.210103,Active,48211000000072993
Chikkamagaluru Police Station Cam 87,13.607988,75.762189,Active,48211000000072998
Chikkamagaluru Hospital Cam 88,13.605788,75.760322,Active,48211000000072998
Chikkamagaluru Tourist Point Cam 89,13.604845,75.762009,Active,48211000000072998
Chikkamagaluru Village Junction Cam 90,13.609656,75.75684,Active,48211000000072998
Chikkamagaluru Major Town Center Cam 91,13.154809,75.615742,Active,48211000000072994
Chikkamagaluru Government Office Cam 92,13.152604,75.618448,Active,48211000000072994
Chikkamagaluru Market Cam 93,13.155051,75.61713,Active,48211000000072994
Chikkamagaluru School Cam 94,13.251249,75.427433,Active,48211000000072997
Chikkamagaluru Village Junction Cam 95,13.255091,75.424446,Active,48211000000072997
Chikkamagaluru Industrial Area Cam 96,13.253433,75.424652,Active,48211000000072997
Chikkamagaluru Commercial Street Cam 97,13.740929,75.58029,Active,48211000000072995
Chikkamagaluru College Cam 98,13.306164,76.004043,Active,48211000000073000
Chikkamagaluru Major Town Center Cam 99,13.235032,75.319414,Active,48211000000072993
Chikkamagaluru Hospital Cam 100,13.650229,75.512,Active,48211000000072995
Chikkamagaluru Highway Junction Cam 101,13.644576,75.507995,Active,48211000000072995
Chikkamagaluru Railway Station Cam 102,13.645405,75.513639,Active,48211000000072995
Chikkamagaluru Residential Area Cam 103,13.647867,75.513218,Active,48211000000072995
Chikkamagaluru Residential Area Cam 104,13.365744,75.599564,Active,48211000000072997
Chikkamagaluru College Cam 105,13.366485,75.60061,Active,48211000000072997
Chikkamagaluru College Cam 106,13.645489,75.96637,Active,48211000000072992
Chikkamagaluru School Cam 107,13.34453,75.41319,Active,48211000000072997
Chikkamagaluru Market Cam 108,13.345534,75.414151,Active,48211000000072997
Chikkamagaluru Hospital Cam 109,13.342487,75.414755,Active,48211000000072997
Chikkamagaluru Residential Area Cam 110,13.219043,75.785559,Active,48211000000073000
Chikkamagaluru Police Station Cam 111,13.218034,75.788863,Active,48211000000073000
Chikkamagaluru Government Office Cam 112,13.744147,75.674236,Active,48211000000072995
Chikkamagaluru Residential Area Cam 113,13.741925,75.675134,Active,48211000000072995
Chikkamagaluru Market Cam 114,13.743081,75.677466,Active,48211000000072995
Chikkamagaluru Police Station Cam 115,13.575698,75.328848,Active,48211000000072999
Chikkamagaluru School Cam 116,13.577214,75.326277,Active,48211000000072999
Chikkamagaluru Police Station Cam 117,13.581273,75.332163,Active,48211000000072999
Chikkamagaluru Police Station Cam 118,13.574578,75.333598,Active,48211000000072999
Chikkamagaluru Major Town Center Cam 119,13.722454,76.063858,Active,48211000000072996
Chikkamagaluru College Cam 120,13.386304,75.976107,Active,48211000000072992
Chikkamagaluru Government Office Cam 121,13.386461,75.97023,Active,48211000000072992
Chikkamagaluru Police Station Cam 122,13.387791,75.973276,Active,48211000000072992
Chikkamagaluru Village Junction Cam 123,13.558544,75.982102,Active,48211000000072992
Chikkamagaluru Major Town Center Cam 124,13.562921,75.984724,Active,48211000000072992
Chikkamagaluru Market Cam 125,13.561739,75.989058,Active,48211000000072992
Chikkamagaluru Police Station Cam 126,13.563403,75.986081,Active,48211000000072992
Chikkamagaluru Bus Stand Cam 127,13.639672,76.145132,Active,48211000000072992
Chikkamagaluru Residential Area Cam 128,13.639576,76.145622,Active,48211000000072992
Chikkamagaluru Village Junction Cam 129,13.678832,75.405233,Active,48211000000072995
Chikkamagaluru Industrial Area Cam 130,13.201573,75.172046,Active,48211000000072993
Chikkamagaluru Police Station Cam 131,13.67981,75.730317,Active,48211000000072998
Chikkamagaluru College Cam 132,13.286938,75.497403,Active,48211000000072997
Chikkamagaluru School Cam 133,13.284388,75.493008,Active,48211000000072997
Chikkamagaluru Village Junction Cam 134,13.288945,75.497904,Active,48211000000072997
Chikkamagaluru School Cam 135,13.523987,76.074233,Active,48211000000072992
Chikkamagaluru Tourist Point Cam 136,13.496734,75.211315,Active,48211000000072999
Chikkamagaluru School Cam 137,13.493896,75.20862,Active,48211000000072999
Mangaluru Bus Stand Cam 138,13.110478,75.126333,Active,48211000000074010
Mangaluru Industrial Area Cam 139,13.112666,75.125015,Active,48211000000074010
Mangaluru School Cam 140,13.115032,75.122384,Active,48211000000074010
Mangaluru Major Town Center Cam 141,13.113571,75.129634,Active,48211000000074010
Mangaluru Government Office Cam 142,13.112152,75.128492,Active,48211000000074010
Mangaluru Railway Station Cam 143,13.112696,75.122701,Active,48211000000074010
Mangaluru Commercial Street Cam 144,12.552448,75.650731,Active,48211000000074013
Mangaluru Market Cam 145,12.547099,75.65382,Active,48211000000074013
Mangaluru Highway Junction Cam 146,13.384938,74.670332,Active,48211000000074008
Mangaluru Residential Area Cam 147,13.384938,74.670332,Active,48211000000074008
Mangaluru Market Cam 148,13.385005,74.667614,Active,48211000000074008
Mangaluru Highway Junction Cam 149,13.384938,74.670332,Active,48211000000074008
Mangaluru College Cam 150,13.384938,74.670332,Active,48211000000074008
Mangaluru Village Junction Cam 151,13.384938,74.670332,Active,48211000000074008
Mangaluru Market Cam 152,12.627986,75.166306,Active,48211000000074011
Mangaluru Bus Stand Cam 153,12.622679,75.16974,Active,48211000000074011
Mangaluru Market Cam 154,12.628202,75.164615,Active,48211000000074011
Mangaluru Market Cam 155,12.621774,75.167145,Active,48211000000074011
Mangaluru Government Office Cam 156,12.953189,75.544134,Active,48211000000074014
Mangaluru Village Junction Cam 157,12.951173,75.545617,Active,48211000000074014
Mangaluru Market Cam 158,12.953833,75.542314,Active,48211000000074014
Mangaluru Bus Stand Cam 159,12.89673,74.819771,Active,48211000000074009
Mangaluru Railway Station Cam 160,12.894394,74.817574,Active,48211000000074009
Mangaluru Industrial Area Cam 161,12.894016,74.821823,Active,48211000000074009
Mangaluru Government Office Cam 162,12.892614,74.817447,Active,48211000000074009
Mangaluru Hospital Cam 163,12.897212,74.819139,Active,48211000000074009
Mangaluru College Cam 164,12.704456,75.434097,Active,48211000000074007
Mangaluru Railway Station Cam 165,12.703848,75.435048,Active,48211000000074007
Mangaluru Highway Junction Cam 166,12.702053,75.435053,Active,48211000000074007
Mangaluru Residential Area Cam 167,12.702344,75.432681,Active,48211000000074007
Mangaluru Bus Stand Cam 168,12.703161,75.429163,Active,48211000000074007
Mangaluru Bus Stand Cam 169,12.702854,75.435684,Active,48211000000074007
Mangaluru School Cam 170,12.86335,75.068372,Active,48211000000074015
Mangaluru Government Office Cam 171,12.861312,75.075734,Active,48211000000074015
Mangaluru Bus Stand Cam 172,12.858916,75.07061,Active,48211000000074015
Mangaluru Village Junction Cam 173,12.859835,75.073287,Active,48211000000074015
Mangaluru Industrial Area Cam 174,12.861659,75.071593,Active,48211000000074015
Mangaluru Village Junction Cam 175,12.863623,75.06981,Active,48211000000074015
Mangaluru School Cam 176,13.146565,75.371914,Active,48211000000074010
Mangaluru Village Junction Cam 177,13.145573,75.371519,Active,48211000000074010
Mangaluru Commercial Street Cam 178,13.147315,75.368611,Active,48211000000074010
Mangaluru Highway Junction Cam 179,13.146199,75.37131,Active,48211000000074010
Mangaluru Bus Stand Cam 180,12.468066,75.351195,Active,48211000000074013
Mangaluru Industrial Area Cam 181,12.464717,75.349895,Active,48211000000074013
Mangaluru Police Station Cam 182,12.917754,75.315736,Active,48211000000074015
Mangaluru Bus Stand Cam 183,12.917015,75.310018,Active,48211000000074015
Mangaluru Village Junction Cam 184,12.916101,75.310979,Active,48211000000074015
Mangaluru Residential Area Cam 185,12.920945,75.310489,Active,48211000000074015
Mangaluru Village Junction Cam 186,12.921438,75.313016,Active,48211000000074015
Mangaluru Market Cam 187,13.098239,74.856414,Active,48211000000074012
Mangaluru Commercial Street Cam 188,13.102108,74.862221,Active,48211000000074012
Mangaluru Police Station Cam 189,13.10064,74.858946,Active,48211000000074012
Mangaluru Village Junction Cam 190,13.097158,74.856332,Active,48211000000074012
Mangaluru Market Cam 191,13.098675,74.862335,Active,48211000000074012
Mangaluru Railway Station Cam 192,13.102302,74.862064,Active,48211000000074012
Mangaluru Highway Junction Cam 193,12.758343,75.622662,Active,48211000000074007
Mangaluru School Cam 194,12.759259,75.619745,Active,48211000000074007
Mangaluru Highway Junction Cam 195,12.756024,75.621671,Active,48211000000074007
Mangaluru School Cam 196,12.763093,75.263613,Active,48211000000074015
Mangaluru Government Office Cam 197,12.757642,75.26412,Active,48211000000074015
Mangaluru Bus Stand Cam 198,12.547365,75.49057,Active,48211000000074013
Mangaluru Residential Area Cam 199,12.54188,75.490819,Active,48211000000074013
Mangaluru Railway Station Cam 200,12.546642,75.487444,Active,48211000000074013
Mangaluru Bus Stand Cam 201,12.541384,75.489043,Active,48211000000074013
Mangaluru College Cam 202,12.762875,74.897967,Active,48211000000074009
Mangaluru Residential Area Cam 203,12.762875,74.897967,Active,48211000000074009
Mangaluru Government Office Cam 204,12.762875,74.897967,Active,48211000000074009
Mangaluru Market Cam 205,12.956444,74.965371,Active,48211000000074009
Mangaluru Industrial Area Cam 206,12.95818,74.96473,Active,48211000000074009
Mangaluru Bus Stand Cam 207,12.838106,75.4589,Active,48211000000074007
Mangaluru Police Station Cam 208,12.840424,75.459329,Active,48211000000074007
Mangaluru Major Town Center Cam 209,12.836306,75.459287,Active,48211000000074007
Mangaluru Highway Junction Cam 210,13.040766,75.242934,Active,48211000000074010
Mangaluru Market Cam 211,13.03555,75.245601,Active,48211000000074010
Mangaluru School Cam 212,13.041624,75.244054,Active,48211000000074010
Mangaluru Hospital Cam 213,13.036753,75.242844,Active,48211000000074010
Mangaluru Market Cam 214,13.013163,75.42853,Active,48211000000074014
Mangaluru Major Town Center Cam 215,13.010759,75.429459,Active,48211000000074014
Mangaluru Police Station Cam 216,13.016758,75.426074,Active,48211000000074014
Mangaluru Government Office Cam 217,13.016121,75.428919,Active,48211000000074014
Mangaluru Commercial Street Cam 218,13.015653,75.423962,Active,48211000000074014
Mangaluru Residential Area Cam 219,12.623894,75.295241,Active,48211000000074011
Mangaluru Police Station Cam 220,12.624112,75.292476,Active,48211000000074011
Mangaluru Major Town Center Cam 221,12.623031,75.291764,Active,48211000000074011
Mangaluru Market Cam 222,12.734424,75.102039,Active,48211000000074015
Mangaluru Village Junction Cam 223,12.73464,75.101928,Active,48211000000074015
Mangaluru Railway Station Cam 224,12.733047,75.102173,Active,48211000000074015
Mangaluru Village Junction Cam 225,12.735447,75.102141,Active,48211000000074015
Mangaluru Police Station Cam 226,12.868848,75.197975,Active,48211000000074015
Mangaluru Police Station Cam 227,12.871554,75.196644,Active,48211000000074015
Mangaluru Hospital Cam 228,12.866862,75.195185,Active,48211000000074015
Mangaluru Bus Stand Cam 229,12.867572,75.196419,Active,48211000000074015
Mangaluru Government Office Cam 230,12.8659,75.197219,Active,48211000000074015
Mangaluru Industrial Area Cam 231,12.869345,75.195912,Active,48211000000074015
Mangaluru School Cam 232,12.981274,75.095255,Active,48211000000074015
Mangaluru Police Station Cam 233,12.979599,75.100857,Active,48211000000074015
Mangaluru Government Office Cam 234,12.97756,75.101346,Active,48211000000074015
Mangaluru Police Station Cam 235,12.983098,75.097955,Active,48211000000074015
Mangaluru Tourist Point Cam 236,12.649614,75.566339,Active,48211000000074007
Mangaluru Police Station Cam 237,12.651603,75.561402,Active,48211000000074007
Mangaluru Village Junction Cam 238,12.647425,75.562318,Active,48211000000074007
Mangaluru Industrial Area Cam 239,12.652118,75.567663,Active,48211000000074007
Mangaluru School Cam 240,12.653848,75.564628,Active,48211000000074007
Mangaluru College Cam 241,12.856078,75.591812,Active,48211000000074007
Mangaluru Bus Stand Cam 242,12.855048,75.593924,Active,48211000000074007
Mangaluru Major Town Center Cam 243,12.859666,75.592593,Active,48211000000074007
Mangaluru Tourist Point Cam 244,12.594097,75.398355,Active,48211000000074013
Mangaluru Hospital Cam 245,12.590504,75.399212,Active,48211000000074013
Mangaluru Village Junction Cam 246,12.59529,75.402994,Active,48211000000074013
Mangaluru Industrial Area Cam 247,12.998784,74.840459,Active,48211000000074012
Mangaluru College Cam 248,13.002679,74.843045,Active,48211000000074012
Mangaluru Highway Junction Cam 249,12.99992,74.840815,Active,48211000000074012
Mangaluru Highway Junction Cam 250,12.999768,74.84368,Active,48211000000074012
Mangaluru Industrial Area Cam 251,13.001525,74.843511,Active,48211000000074012
Mangaluru Commercial Street Cam 252,12.746915,75.52169,Active,48211000000074007
Mangaluru Residential Area Cam 253,12.746066,75.525288,Active,48211000000074007
Mangaluru College Cam 254,12.747599,75.522222,Active,48211000000074007
Mangaluru Bus Stand Cam 255,12.811458,75.349474,Active,48211000000074015
Mangaluru Government Office Cam 256,12.806465,75.349711,Active,48211000000074015
Mangaluru Hospital Cam 257,12.859855,74.949836,Active,48211000000074009
Mangaluru Highway Junction Cam 258,12.859601,74.94747,Active,48211000000074009
Mangaluru Government Office Cam 259,12.755235,75.004841,Active,48211000000074009
Mangaluru Residential Area Cam 260,12.751117,75.000934,Active,48211000000074009
Mangaluru Major Town Center Cam 261,13.095832,75.462848,Active,48211000000074014
Mangaluru Bus Stand Cam 262,13.095756,75.469803,Active,48211000000074014
Mangaluru Village Junction Cam 263,12.931115,75.412554,Active,48211000000074014
Mangaluru Industrial Area Cam 264,12.92669,75.413317,Active,48211000000074014
Mangaluru Major Town Center Cam 265,13.070177,75.337125,Active,48211000000074010
Mangaluru Village Junction Cam 266,13.070386,75.339987,Active,48211000000074010
Mangaluru Market Cam 267,13.069285,75.338015,Active,48211000000074010
Mangaluru Market Cam 268,13.073122,75.333967,Active,48211000000074010
Mangaluru Highway Junction Cam 269,13.072121,75.334265,Active,48211000000074010
Mangaluru School Cam 270,12.803456,75.147924,Active,48211000000074015
Mangaluru Highway Junction Cam 271,12.806292,75.142599,Active,48211000000074015
Mangaluru Residential Area Cam 272,12.80567,75.146401,Active,48211000000074015
Mangaluru Bus Stand Cam 273,12.802509,75.14525,Active,48211000000074015
Mangaluru Major Town Center Cam 274,12.804436,75.143276,Active,48211000000074015
Mangaluru School Cam 275,12.707438,75.351488,Active,48211000000074011
Mangaluru Major Town Center Cam 276,12.714812,75.348744,Active,48211000000074011
Mangaluru Commercial Street Cam 277,12.572197,75.232505,Active,48211000000074011
Mangaluru Police Station Cam 278,12.574621,75.235486,Active,48211000000074011
Mangaluru Residential Area Cam 279,12.739956,75.19047,Active,48211000000074015
Mangaluru College Cam 280,12.742431,75.190711,Active,48211000000074015
Mangaluru Highway Junction Cam 281,12.619929,75.476705,Active,48211000000074013
Mangaluru Market Cam 282,12.618334,75.475854,Active,48211000000074013
Mangaluru Village Junction Cam 283,12.620925,75.472795,Active,48211000000074013
Mangaluru Police Station Cam 284,12.619979,75.471745,Active,48211000000074013
Mangaluru Bus Stand Cam 285,12.624563,75.472047,Active,48211000000074013
Mangaluru Village Junction Cam 286,12.62083,75.477728,Active,48211000000074013
Mangaluru Police Station Cam 287,13.02727,75.520542,Active,48211000000074014
Mangaluru Highway Junction Cam 288,13.028342,75.516696,Active,48211000000074014
Mangaluru Railway Station Cam 289,13.02727,75.520542,Active,48211000000074014
Mangaluru Tourist Point Cam 290,13.024069,75.519768,Active,48211000000074014
Mangaluru Tourist Point Cam 291,13.089654,74.78462,Active,48211000000074012
Mangaluru College Cam 292,13.088505,74.780845,Active,48211000000074012
Mangaluru Bus Stand Cam 293,13.09094,74.785097,Active,48211000000074012
Mangaluru Police Station Cam 294,13.0907,74.780766,Active,48211000000074012
Mangaluru College Cam 295,13.083959,74.782896,Active,48211000000074012
Mangaluru Police Station Cam 296,13.08664,74.783446,Active,48211000000074012
Mangaluru Highway Junction Cam 297,12.92964,75.03693,Active,48211000000074015
Mangaluru Industrial Area Cam 298,12.926013,75.041652,Active,48211000000074015
Mangaluru Village Junction Cam 299,12.928639,75.040132,Active,48211000000074015
Mangaluru Market Cam 300,12.926698,75.042236,Active,48211000000074015
Mangaluru College Cam 301,12.929791,75.040907,Active,48211000000074015
Mangaluru Highway Junction Cam 302,12.986943,75.35737,Active,48211000000074014
Mangaluru Government Office Cam 303,12.987677,75.354219,Active,48211000000074014
Mangaluru Bus Stand Cam 304,12.98709,75.353473,Active,48211000000074014
Mangaluru Hospital Cam 305,12.980236,75.357623,Active,48211000000074014
Mangaluru Highway Junction Cam 306,12.9841,75.357152,Active,48211000000074014
Mangaluru Village Junction Cam 307,12.984417,75.358724,Active,48211000000074014
Mangaluru Village Junction Cam 308,12.923532,74.89505,Active,48211000000074009
Mangaluru Government Office Cam 309,12.92762,74.89325,Active,48211000000074009
Mangaluru Government Office Cam 310,12.923379,74.894919,Active,48211000000074009
Mangaluru Police Station Cam 311,13.021774,74.9153,Active,48211000000074012
Mangaluru Market Cam 312,13.015072,74.918571,Active,48211000000074012
Mangaluru Government Office Cam 313,13.018104,74.916467,Active,48211000000074012
Mangaluru Market Cam 314,12.51918,75.412469,Active,48211000000074013
Mangaluru Market Cam 315,12.523021,75.412629,Active,48211000000074013
Mangaluru Residential Area Cam 316,12.629821,75.630537,Active,48211000000074007
Mangaluru Police Station Cam 317,12.635342,75.636717,Active,48211000000074007
Mangaluru Market Cam 318,12.635667,75.63136,Active,48211000000074007
Mangaluru Railway Station Cam 319,12.636871,75.634583,Active,48211000000074007
Mangaluru Bus Stand Cam 320,12.636999,75.637078,Active,48211000000074007
Mangaluru Market Cam 321,12.63219,75.635192,Active,48211000000074007
Mangaluru School Cam 322,12.778884,75.414876,Active,48211000000074007
Mangaluru School Cam 323,12.783576,75.412456,Active,48211000000074007
Mangaluru Highway Junction Cam 324,12.884817,75.528923,Active,48211000000074007
Mangaluru Major Town Center Cam 325,12.886674,75.522816,Active,48211000000074007
Mangaluru Residential Area Cam 326,12.882146,75.529361,Active,48211000000074007
Mangaluru Residential Area Cam 327,12.885367,75.523076,Active,48211000000074007
Mangaluru Commercial Street Cam 328,12.831618,75.250961,Active,48211000000074015
Mangaluru Tourist Point Cam 329,12.830701,75.250702,Active,48211000000074015
Mangaluru Bus Stand Cam 330,12.826491,75.250317,Active,48211000000074015
Mangaluru Market Cam 331,12.83053,75.254077,Active,48211000000074015
Mangaluru Village Junction Cam 332,12.827196,75.254816,Active,48211000000074015
Mangaluru Commercial Street Cam 333,12.827993,75.24954,Active,48211000000074015
Mangaluru Highway Junction Cam 334,13.109344,75.252286,Active,48211000000074010
Mangaluru Tourist Point Cam 335,13.107367,75.245748,Active,48211000000074010
Mangaluru Government Office Cam 336,13.107771,75.245942,Active,48211000000074010
Mangaluru Industrial Area Cam 337,13.106672,75.251278,Active,48211000000074010
Mangaluru Police Station Cam 338,12.536191,75.347973,Active,48211000000074013
Mangaluru Bus Stand Cam 339,12.532742,75.349213,Active,48211000000074013
Mangaluru School Cam 340,13.011117,75.179519,Active,48211000000074010
Mangaluru Tourist Point Cam 341,13.010312,75.180556,Active,48211000000074010
Mangaluru Police Station Cam 342,13.011416,75.181035,Active,48211000000074010
Mangaluru Hospital Cam 343,13.01266,75.178973,Active,48211000000074010
Mangaluru Market Cam 344,13.017343,75.182795,Active,48211000000074010
Mangaluru School Cam 345,13.016251,75.180248,Active,48211000000074010
Mangaluru Tourist Point Cam 346,12.99368,75.294518,Active,48211000000074010
Mangaluru Commercial Street Cam 347,12.999199,75.291863,Active,48211000000074010
Mangaluru Market Cam 348,12.999025,75.295517,Active,48211000000074010
Mangaluru Government Office Cam 349,12.996183,75.288899,Active,48211000000074010
Mangaluru Tourist Point Cam 350,13.038908,75.076849,Active,48211000000074010
Mangaluru Residential Area Cam 351,13.04009,75.073638,Active,48211000000074010
Mangaluru Tourist Point Cam 352,13.040553,75.07439,Active,48211000000074010
Mangaluru Major Town Center Cam 353,13.039071,75.076541,Active,48211000000074010
Mangaluru Major Town Center Cam 354,12.657552,75.238269,Active,48211000000074011
Mangaluru Bus Stand Cam 355,12.655469,75.231458,Active,48211000000074011
Mangaluru Hospital Cam 356,12.657216,75.238782,Active,48211000000074011
Mangaluru Hospital Cam 357,12.656941,75.235468,Active,48211000000074011
Mangaluru Market Cam 358,12.656747,75.233258,Active,48211000000074011
Mangaluru Village Junction Cam 359,12.658086,75.237389,Active,48211000000074011
Mangaluru Major Town Center Cam 360,12.671205,75.08254,Active,48211000000074011
Mangaluru Industrial Area Cam 361,12.671205,75.08254,Active,48211000000074011
Mangaluru Residential Area Cam 362,12.671205,75.08254,Active,48211000000074011
Mangaluru Major Town Center Cam 363,12.866193,75.383347,Active,48211000000074007
Mangaluru Village Junction Cam 364,12.867386,75.381782,Active,48211000000074007
Mangaluru Major Town Center Cam 365,12.548716,75.557159,Active,48211000000074013
Mangaluru Government Office Cam 366,12.550141,75.552122,Active,48211000000074013
Mangaluru College Cam 367,12.555103,75.553955,Active,48211000000074013
Mangaluru Bus Stand Cam 368,12.910658,75.150545,Active,48211000000074015
Mangaluru Hospital Cam 369,12.914641,75.148883,Active,48211000000074015
Mangaluru Residential Area Cam 370,12.90909,75.153257,Active,48211000000074015
Mangaluru Government Office Cam 371,12.913215,75.14793,Active,48211000000074015
Mangaluru Police Station Cam 372,12.909487,75.147532,Active,48211000000074015
Mangaluru Highway Junction Cam 373,12.911895,75.150051,Active,48211000000074015
Mangaluru Bus Stand Cam 374,12.787393,75.062219,Active,48211000000074015
Mangaluru Police Station Cam 375,12.784698,75.060915,Active,48211000000074015
Mangaluru Government Office Cam 376,12.783156,75.06019,Active,48211000000074015
Mangaluru Major Town Center Cam 377,12.788396,75.056913,Active,48211000000074015
Mangaluru Railway Station Cam 378,12.941731,75.479538,Active,48211000000074014
Mangaluru Railway Station Cam 379,12.94152,75.485835,Active,48211000000074014
Mangaluru College Cam 380,12.939609,75.479128,Active,48211000000074014
Mangaluru Bus Stand Cam 381,12.94218,75.479444,Active,48211000000074014
Mangaluru Tourist Point Cam 382,13.133763,75.185331,Active,48211000000074010
Mangaluru Police Station Cam 383,13.128064,75.185374,Active,48211000000074010
Mangaluru Village Junction Cam 384,13.128517,75.185755,Active,48211000000074010
Mangaluru Police Station Cam 385,13.128654,75.185881,Active,48211000000074010
Mangaluru College Cam 386,12.478039,75.486845,Active,48211000000074013
Mangaluru Bus Stand Cam 387,12.481291,75.489864,Active,48211000000074013
Mangaluru College Cam 388,12.481257,75.486171,Active,48211000000074013
Mangaluru College Cam 389,12.478496,75.485436,Active,48211000000074013
Mangaluru Highway Junction Cam 390,12.477856,75.489024,Active,48211000000074013
Mangaluru Highway Junction Cam 391,12.483358,75.485582,Active,48211000000074013
Mangaluru Highway Junction Cam 392,12.912298,75.236334,Active,48211000000074015
Mangaluru Highway Junction Cam 393,12.917919,75.24336,Active,48211000000074015
Mangaluru Hospital Cam 394,12.912266,75.240757,Active,48211000000074015
Mangaluru Village Junction Cam 395,12.914494,75.241743,Active,48211000000074015
Mangaluru Hospital Cam 396,12.912981,75.240555,Active,48211000000074015
Mangaluru Major Town Center Cam 397,12.64846,75.38462,Active,48211000000074011
Mangaluru Tourist Point Cam 398,12.648612,75.386125,Active,48211000000074011
Mangaluru Police Station Cam 399,12.656042,75.384172,Active,48211000000074011
Mangaluru Village Junction Cam 400,12.655559,75.386579,Active,48211000000074011
Mangaluru Major Town Center Cam 401,12.653863,75.382324,Active,48211000000074011
Mangaluru Commercial Street Cam 402,12.654583,75.382291,Active,48211000000074011
Mangaluru Industrial Area Cam 403,12.714128,75.581143,Active,48211000000074007
Mangaluru Police Station Cam 404,12.710694,75.579868,Active,48211000000074007
Mangaluru Bus Stand Cam 405,12.717237,75.578657,Active,48211000000074007
Mangaluru Market Cam 406,12.714275,75.576589,Active,48211000000074007
Mangaluru School Cam 407,12.712323,75.580954,Active,48211000000074007
Mangaluru Industrial Area Cam 408,12.810816,75.537451,Active,48211000000074007
Mangaluru Residential Area Cam 409,12.804495,75.53856,Active,48211000000074007
Mangaluru Government Office Cam 410,12.807261,75.535784,Active,48211000000074007
Mangaluru Major Town Center Cam 411,12.809175,75.531615,Active,48211000000074007
Mangaluru College Cam 412,12.88196,75.005831,Active,48211000000074009
Mangaluru Village Junction Cam 413,12.883204,75.001329,Active,48211000000074009
Mangaluru Tourist Point Cam 414,12.881524,75.001705,Active,48211000000074009
Mangaluru Government Office Cam 415,12.883367,75.001092,Active,48211000000074009
Mangaluru Industrial Area Cam 416,12.878741,75.004756,Active,48211000000074009
Mangaluru College Cam 417,12.685121,75.488872,Active,48211000000074007
Mangaluru Railway Station Cam 418,12.690453,75.489897,Active,48211000000074007
Mangaluru Major Town Center Cam 419,12.975034,75.223863,Active,48211000000074015
Mangaluru College Cam 420,12.978299,75.227307,Active,48211000000074015
Mangaluru Village Junction Cam 421,12.975924,75.226622,Active,48211000000074015
Mangaluru School Cam 422,12.977099,75.226228,Active,48211000000074015
Mangaluru Railway Station Cam 423,12.975782,75.225405,Active,48211000000074015
Mangaluru Government Office Cam 424,13.051759,75.132884,Active,48211000000074010
Mangaluru Bus Stand Cam 425,13.056283,75.134073,Active,48211000000074010
Mangaluru Industrial Area Cam 426,12.69178,75.132121,Active,48211000000074011
Mangaluru Railway Station Cam 427,12.686802,75.138991,Active,48211000000074011
Mangaluru Major Town Center Cam 428,12.690369,75.139166,Active,48211000000074011
Mangaluru Government Office Cam 429,12.798555,75.202916,Active,48211000000074015
Mangaluru School Cam 430,12.799324,75.201123,Active,48211000000074015
Mangaluru Police Station Cam 431,12.80067,75.198852,Active,48211000000074015
Mangaluru Highway Junction Cam 432,12.801357,75.197839,Active,48211000000074015
Mangaluru Tourist Point Cam 433,12.797807,75.197108,Active,48211000000074015
Mangaluru Police Station Cam 434,12.795009,75.197986,Active,48211000000074015
Mangaluru Highway Junction Cam 435,12.921559,75.090479,Active,48211000000074015
Mangaluru Industrial Area Cam 436,12.914525,75.097266,Active,48211000000074015
Mangaluru Government Office Cam 437,12.914221,75.094007,Active,48211000000074015
Mangaluru Major Town Center Cam 438,12.917,75.091647,Active,48211000000074015
Mangaluru School Cam 439,12.917166,75.09315,Active,48211000000074015
Mangaluru Residential Area Cam 440,12.759139,75.461867,Active,48211000000074007
Mangaluru Government Office Cam 441,12.757149,75.467862,Active,48211000000074007
Mangaluru Police Station Cam 442,12.756426,75.463425,Active,48211000000074007
Mangaluru School Cam 443,12.753985,75.463763,Active,48211000000074007
Mangaluru College Cam 444,13.103619,75.403407,Active,48211000000074014
Mangaluru Residential Area Cam 445,13.109678,75.399221,Active,48211000000074014
Mangaluru Commercial Street Cam 446,13.10403,75.400817,Active,48211000000074014
Mangaluru Highway Junction Cam 447,12.582141,75.610325,Active,48211000000074013
Mangaluru Major Town Center Cam 448,12.585764,75.610785,Active,48211000000074013
Mangaluru School Cam 449,12.58611,75.613047,Active,48211000000074013
Mangaluru Highway Junction Cam 450,12.585821,75.612324,Active,48211000000074013
Mangaluru Market Cam 451,12.586269,75.611942,Active,48211000000074013
Mangaluru Market Cam 452,12.798476,74.976005,Active,48211000000074009
Mangaluru Police Station Cam 453,12.7964,74.97712,Active,48211000000074009
Mangaluru Government Office Cam 454,12.795392,74.976926,Active,48211000000074009
Mangaluru Government Office Cam 455,12.793052,74.974405,Active,48211000000074009
Mangaluru Major Town Center Cam 456,12.797911,74.977081,Active,48211000000074009
Mangaluru Railway Station Cam 457,13.109024,75.30206,Active,48211000000074010
Mangaluru Market Cam 458,13.110949,75.302266,Active,48211000000074010
Mangaluru Railway Station Cam 459,13.109949,75.300559,Active,48211000000074010
Mangaluru Market Cam 460,13.113219,75.302017,Active,48211000000074010
Mangaluru Major Town Center Cam 461,13.110156,75.29635,Active,48211000000074010
Mangaluru School Cam 462,12.885939,75.43804,Active,48211000000074007
Mangaluru Village Junction Cam 463,12.882876,75.439867,Active,48211000000074007
Mangaluru Village Junction Cam 464,12.884107,75.440812,Active,48211000000074007
Mangaluru School Cam 465,12.884796,75.438073,Active,48211000000074007
Mangaluru School Cam 466,12.879926,75.441681,Active,48211000000074007
Mangaluru Hospital Cam 467,12.884642,75.438393,Active,48211000000074007
Mangaluru Hospital Cam 468,13.075526,75.20688,Active,48211000000074010
Mangaluru Tourist Point Cam 469,13.073511,75.20396,Active,48211000000074010
Mangaluru Major Town Center Cam 470,13.074135,75.210369,Active,48211000000074010
Mangaluru Bus Stand Cam 471,13.080741,75.210933,Active,48211000000074010
Mangaluru Police Station Cam 472,12.859793,74.857248,Active,48211000000074009
Mangaluru Major Town Center Cam 473,12.855612,74.852685,Active,48211000000074009
Mangaluru College Cam 474,12.75475,75.374459,Active,48211000000074007
Mangaluru Residential Area Cam 475,12.759806,75.373817,Active,48211000000074007
Mangaluru Major Town Center Cam 476,12.753582,75.37361,Active,48211000000074007
Mangaluru Major Town Center Cam 477,12.758085,75.36994,Active,48211000000074007
Mangaluru Major Town Center Cam 478,12.6048,75.522249,Active,48211000000074013
Mangaluru Major Town Center Cam 479,12.601181,75.522272,Active,48211000000074013
Mangaluru Residential Area Cam 480,12.603064,75.521038,Active,48211000000074013
Mangaluru Bus Stand Cam 481,12.603658,75.521635,Active,48211000000074013
Mangaluru College Cam 482,12.60222,75.522677,Active,48211000000074013
Mangaluru Bus Stand Cam 483,12.598708,75.522943,Active,48211000000074013
Mangaluru Market Cam 484,12.709743,75.23143,Active,48211000000074011
Mangaluru Major Town Center Cam 485,12.712517,75.232884,Active,48211000000074011
Mangaluru Railway Station Cam 486,12.709562,75.228126,Active,48211000000074011
Mangaluru Market Cam 487,12.989314,75.472715,Active,48211000000074014
Mangaluru Tourist Point Cam 488,12.987035,75.470169,Active,48211000000074014
Mangaluru Tourist Point Cam 489,12.9862,75.476106,Active,48211000000074014
Mangaluru Village Junction Cam 490,12.984936,75.477227,Active,48211000000074014
Mangaluru Market Cam 491,12.987186,75.473755,Active,48211000000074014
Mangaluru Government Office Cam 492,12.704176,75.624104,Active,48211000000074007
Mangaluru Commercial Street Cam 493,12.699595,75.626897,Active,48211000000074007
Mangaluru Village Junction Cam 494,12.705629,75.624014,Active,48211000000074007
Mangaluru Hospital Cam 495,12.702647,75.624909,Active,48211000000074007
Mangaluru Major Town Center Cam 496,13.035772,75.471065,Active,48211000000074014
Mangaluru Highway Junction Cam 497,13.038233,75.475522,Active,48211000000074014
Mangaluru Industrial Area Cam 498,13.032563,75.472034,Active,48211000000074014
Mangaluru Highway Junction Cam 499,13.033439,75.47436,Active,48211000000074014
Mangaluru Village Junction Cam 500,13.032999,75.47381,Active,48211000000074014
Mangaluru Major Town Center Cam 501,13.03336,75.469392,Active,48211000000074014
Mangaluru Government Office Cam 502,12.771994,75.565436,Active,48211000000074007
Mangaluru College Cam 503,12.767781,75.562466,Active,48211000000074007
Mangaluru Tourist Point Cam 504,12.770775,75.567108,Active,48211000000074007
Mangaluru Government Office Cam 505,12.768955,75.568229,Active,48211000000074007
Mangaluru Government Office Cam 506,12.966207,75.012267,Active,48211000000074015
Mangaluru Residential Area Cam 507,12.968872,75.012487,Active,48211000000074015
Mangaluru Bus Stand Cam 508,12.970593,75.013153,Active,48211000000074015
Mangaluru Police Station Cam 509,12.963601,75.007657,Active,48211000000074015
Mangaluru Market Cam 510,12.970311,75.007012,Active,48211000000074015
Mangaluru Bus Stand Cam 511,13.005497,75.038989,Active,48211000000074015
Mangaluru Hospital Cam 512,13.011393,75.037068,Active,48211000000074015
Mangaluru Major Town Center Cam 513,13.010068,75.039165,Active,48211000000074015
Mangaluru School Cam 514,13.003937,75.037433,Active,48211000000074015
Mangaluru Market Cam 515,12.723154,75.304266,Active,48211000000074011
Mangaluru Hospital Cam 516,12.720317,75.307636,Active,48211000000074011
Mangaluru Village Junction Cam 517,12.719608,75.304614,Active,48211000000074011
Mangaluru Industrial Area Cam 518,12.718919,75.304054,Active,48211000000074011
Mangaluru Hospital Cam 519,12.960521,74.865057,Active,48211000000074012
Mangaluru Market Cam 520,12.95931,74.86221,Active,48211000000074012
Mangaluru Tourist Point Cam 521,12.958808,74.860243,Active,48211000000074012
Mangaluru Commercial Street Cam 522,12.961367,74.865117,Active,48211000000074012
Mangaluru Commercial Street Cam 523,12.956176,74.863897,Active,48211000000074012
Mangaluru Hospital Cam 524,12.958575,74.86138,Active,48211000000074012
Mangaluru School Cam 525,12.812995,74.92865,Active,48211000000074009
Mangaluru Railway Station Cam 526,12.812941,74.932003,Active,48211000000074009
Mangaluru Government Office Cam 527,13.044875,75.376873,Active,48211000000074014
Mangaluru Village Junction Cam 528,13.047608,75.375906,Active,48211000000074014
Mangaluru Major Town Center Cam 529,13.044998,75.377802,Active,48211000000074014
Mangaluru Industrial Area Cam 530,13.044264,75.378222,Active,48211000000074014
Mangaluru Hospital Cam 531,12.797969,74.871934,Active,48211000000074009
Mangaluru Commercial Street Cam 532,12.802013,74.865334,Active,48211000000074009
Mangaluru Commercial Street Cam 533,12.801641,74.869869,Active,48211000000074009
Mangaluru Government Office Cam 534,12.903023,74.937157,Active,48211000000074009
Mangaluru Government Office Cam 535,12.899819,74.938984,Active,48211000000074009
Mangaluru Police Station Cam 536,12.938229,74.817776,Active,48211000000074009
Mangaluru Government Office Cam 537,12.940104,74.817429,Active,48211000000074009
Mangaluru School Cam 538,12.937865,74.820102,Active,48211000000074009
Mangaluru Market Cam 539,12.575073,75.460198,Active,48211000000074013
Mangaluru Bus Stand Cam 540,12.575745,75.458497,Active,48211000000074013
Mangaluru Hospital Cam 541,12.582188,75.464881,Active,48211000000074013
Mangaluru Police Station Cam 542,12.578871,75.462876,Active,48211000000074013
Mangaluru Industrial Area Cam 543,12.894559,75.352035,Active,48211000000074015
Mangaluru Hospital Cam 544,12.897764,75.353166,Active,48211000000074015
Mangaluru Market Cam 545,12.899932,75.354059,Active,48211000000074015
Mangaluru Railway Station Cam 546,12.897049,75.356618,Active,48211000000074015
Mangaluru Bus Stand Cam 547,12.897798,75.34958,Active,48211000000074015
Mangaluru Commercial Street Cam 548,12.797331,75.284646,Active,48211000000074015
Mangaluru School Cam 549,12.800936,75.286203,Active,48211000000074015
Mangaluru Highway Junction Cam 550,12.802827,75.29007,Active,48211000000074015
Mangaluru Police Station Cam 551,12.802703,75.288417,Active,48211000000074015
Mangaluru Highway Junction Cam 552,13.056832,74.851016,Active,48211000000074012
Mangaluru Market Cam 553,13.054947,74.854415,Active,48211000000074012
Mangaluru Major Town Center Cam 554,13.05651,74.855442,Active,48211000000074012
Mangaluru Commercial Street Cam 555,13.053551,74.855707,Active,48211000000074012
Mangaluru Major Town Center Cam 556,13.058571,74.854686,Active,48211000000074012
Mangaluru Market Cam 557,13.052984,74.850641,Active,48211000000074012
Mangaluru Highway Junction Cam 558,12.624223,75.339051,Active,48211000000074011
Mangaluru Commercial Street Cam 559,12.618893,75.337036,Active,48211000000074011
Mangaluru Police Station Cam 560,12.618441,75.33813,Active,48211000000074011
Mangaluru Railway Station Cam 561,12.619741,75.338715,Active,48211000000074011
Mangaluru School Cam 562,12.621908,75.333351,Active,48211000000074011
Mangaluru Police Station Cam 563,12.875348,75.259364,Active,48211000000074015
Mangaluru Commercial Street Cam 564,12.871281,75.257692,Active,48211000000074015
Mangaluru Railway Station Cam 565,12.871757,75.253067,Active,48211000000074015
Mangaluru Village Junction Cam 566,12.877698,75.253325,Active,48211000000074015
Mangaluru Highway Junction Cam 567,12.878101,75.301633,Active,48211000000074015
Mangaluru Commercial Street Cam 568,12.880357,75.300197,Active,48211000000074015
Mangaluru Village Junction Cam 569,12.614261,75.252357,Active,48211000000074011
Mangaluru Bus Stand Cam 570,12.612318,75.250522,Active,48211000000074011
Mangaluru College Cam 571,12.609944,75.247964,Active,48211000000074011
Mangaluru Commercial Street Cam 572,12.61405,75.252512,Active,48211000000074011
Mangaluru Bus Stand Cam 573,13.050938,74.805412,Active,48211000000074012
Mangaluru Railway Station Cam 574,13.046835,74.804379,Active,48211000000074012
Mangaluru Hospital Cam 575,13.048547,74.801765,Active,48211000000074012
Mangaluru Market Cam 576,13.052238,74.804085,Active,48211000000074012
Mangaluru Village Junction Cam 577,13.047186,74.803834,Active,48211000000074012
Mangaluru Village Junction Cam 578,12.665501,75.306241,Active,48211000000074011
Mangaluru Market Cam 579,12.670545,75.303794,Active,48211000000074011
Mangaluru Residential Area Cam 580,12.66801,75.29937,Active,48211000000074011
Mangaluru Bus Stand Cam 581,12.665156,75.302867,Active,48211000000074011
Mangaluru Hospital Cam 582,12.665768,75.301722,Active,48211000000074011
Mangaluru Hospital Cam 583,12.668659,75.306286,Active,48211000000074011
Davanagere Commercial Street Cam 584,14.47895,75.889592,Active,48211000000074019
Davanagere Industrial Area Cam 585,14.482527,75.887843,Active,48211000000074019
Davanagere Hospital Cam 586,14.481609,75.890265,Active,48211000000074019
Davanagere Government Office Cam 587,13.823692,75.92596,Active,48211000000074018
Davanagere Industrial Area Cam 588,13.819593,75.924617,Active,48211000000074018
Davanagere Village Junction Cam 589,14.537369,76.52389,Active,48211000000074020
Davanagere Bus Stand Cam 590,14.542364,76.528942,Active,48211000000074020
Davanagere Bus Stand Cam 591,14.536679,76.526565,Active,48211000000074020
Davanagere Market Cam 592,14.536118,76.528088,Active,48211000000074020
Davanagere Tourist Point Cam 593,14.542789,76.525398,Active,48211000000074020
Davanagere Commercial Street Cam 594,14.536108,76.52668,Active,48211000000074020
Davanagere School Cam 595,14.127012,75.486589,Active,48211000000074017
Davanagere Bus Stand Cam 596,14.127369,75.489804,Active,48211000000074017
Davanagere Hospital Cam 597,14.128922,75.485724,Active,48211000000074017
Davanagere Market Cam 598,14.12374,75.486016,Active,48211000000074017
Davanagere College Cam 599,14.906992,76.054426,Active,48211000000074016
Davanagere College Cam 600,14.9076,76.058629,Active,48211000000074016
Davanagere Government Office Cam 601,14.906263,76.060555,Active,48211000000074016
Davanagere Village Junction Cam 602,14.902911,76.059882,Active,48211000000074016
Davanagere Commercial Street Cam 603,14.904927,76.05552,Active,48211000000074016
Davanagere Police Station Cam 604,14.158179,76.049161,Active,48211000000074019
Davanagere Bus Stand Cam 605,14.158273,76.049924,Active,48211000000074019
Davanagere Highway Junction Cam 606,14.5715,76.198438,Active,48211000000074016
Davanagere College Cam 607,14.574421,76.199135,Active,48211000000074016
Davanagere Residential Area Cam 608,14.573509,76.200094,Active,48211000000074016
Davanagere Hospital Cam 609,14.574706,76.200282,Active,48211000000074016
Davanagere Tourist Point Cam 610,14.572932,76.199821,Active,48211000000074016
Davanagere Highway Junction Cam 611,14.570682,76.202783,Active,48211000000074016
Davanagere Industrial Area Cam 612,14.745505,75.769976,Active,48211000000074021
Davanagere Industrial Area Cam 613,14.751046,75.768491,Active,48211000000074021
Davanagere Residential Area Cam 614,14.748502,75.767533,Active,48211000000074021
Davanagere Police Station Cam 615,14.749424,75.772474,Active,48211000000074021
Davanagere Commercial Street Cam 616,14.127171,75.771298,Active,48211000000074019
Davanagere Commercial Street Cam 617,14.126253,75.772273,Active,48211000000074019
Davanagere Railway Station Cam 618,14.123557,75.773404,Active,48211000000074019
Davanagere Highway Junction Cam 619,14.128147,75.77195,Active,48211000000074019
Davanagere Bus Stand Cam 620,14.352906,75.633276,Active,48211000000074019
Davanagere School Cam 621,14.35178,75.632204,Active,48211000000074019
Davanagere Police Station Cam 622,14.352631,75.632058,Active,48211000000074019
Davanagere Market Cam 623,14.686703,75.990014,Active,48211000000074016
Davanagere Industrial Area Cam 624,14.690611,75.992118,Active,48211000000074016
Davanagere Hospital Cam 625,14.686386,75.988913,Active,48211000000074016
Davanagere Market Cam 626,14.686773,75.992447,Active,48211000000074016
Davanagere Major Town Center Cam 627,14.689124,75.990198,Active,48211000000074016
Davanagere School Cam 628,14.686722,75.98854,Active,48211000000074016
Davanagere Residential Area Cam 629,14.402557,76.096311,Active,48211000000074019
Davanagere Major Town Center Cam 630,14.403723,76.096177,Active,48211000000074019
Davanagere Industrial Area Cam 631,14.400894,76.095187,Active,48211000000074019
Davanagere School Cam 632,14.40216,76.097853,Active,48211000000074019
Davanagere Tourist Point Cam 633,14.396552,76.093286,Active,48211000000074019
Davanagere Major Town Center Cam 634,14.281525,75.896159,Active,48211000000074019
Davanagere Residential Area Cam 635,14.279624,75.895835,Active,48211000000074019
Davanagere Police Station Cam 636,14.418181,76.331925,Active,48211000000074020
Davanagere Major Town Center Cam 637,14.422211,76.327352,Active,48211000000074020
Davanagere Village Junction Cam 638,14.423725,76.33137,Active,48211000000074020
Davanagere Highway Junction Cam 639,14.419023,76.331193,Active,48211000000074020
Davanagere Police Station Cam 640,14.655976,76.374402,Active,48211000000074020
Davanagere Police Station Cam 641,14.655976,76.374402,Active,48211000000074020
Davanagere Commercial Street Cam 642,14.655834,76.373877,Active,48211000000074020
Davanagere Industrial Area Cam 643,14.018958,75.922341,Active,48211000000074018
Davanagere Residential Area Cam 644,14.018058,75.923889,Active,48211000000074018
Davanagere Village Junction Cam 645,14.016474,75.925797,Active,48211000000074018
Davanagere College Cam 646,14.022025,75.919942,Active,48211000000074018
Davanagere Railway Station Cam 647,14.020019,75.921523,Active,48211000000074018
Davanagere Highway Junction Cam 648,14.02416,75.922327,Active,48211000000074018
Davanagere Hospital Cam 649,14.731652,76.189637,Active,48211000000074016
Davanagere Residential Area Cam 650,14.737488,76.193129,Active,48211000000074016
Davanagere School Cam 651,14.733128,76.194781,Active,48211000000074016
Davanagere Government Office Cam 652,14.827351,75.90796,Active,48211000000074021
Davanagere Major Town Center Cam 653,14.832744,75.910267,Active,48211000000074021
Davanagere Government Office Cam 654,14.83152,75.906044,Active,48211000000074021
Davanagere Bus Stand Cam 655,14.828877,75.907103,Active,48211000000074021
Davanagere Major Town Center Cam 656,14.833029,75.906017,Active,48211000000074021
Davanagere Government Office Cam 657,14.828286,75.906917,Active,48211000000074021
Davanagere Industrial Area Cam 658,13.940959,76.04953,Active,48211000000074018
Davanagere Police Station Cam 659,13.943041,76.055181,Active,48211000000074018
Davanagere Market Cam 660,13.943507,76.049131,Active,48211000000074018
Davanagere Market Cam 661,14.081135,75.633416,Active,48211000000074017
Davanagere Hospital Cam 662,14.082634,75.632326,Active,48211000000074017
Davanagere School Cam 663,14.618771,75.855706,Active,48211000000074016
Davanagere Major Town Center Cam 664,14.621217,75.859476,Active,48211000000074016
Davanagere Highway Junction Cam 665,14.621474,75.855767,Active,48211000000074016
Davanagere Railway Station Cam 666,14.443917,75.738287,Active,48211000000074019
Davanagere College Cam 667,14.448193,75.737425,Active,48211000000074019
Davanagere School Cam 668,14.449503,75.738918,Active,48211000000074019
Davanagere Hospital Cam 669,14.444583,75.737567,Active,48211000000074019
Davanagere Hospital Cam 670,14.445725,75.741423,Active,48211000000074019
Davanagere Highway Junction Cam 671,14.451612,75.739341,Active,48211000000074019
Davanagere Major Town Center Cam 672,14.240802,75.558227,Active,48211000000074017
Davanagere Tourist Point Cam 673,14.241629,75.566001,Active,48211000000074017
Davanagere Residential Area Cam 674,14.548595,75.997597,Active,48211000000074016
Davanagere Police Station Cam 675,14.545328,75.997953,Active,48211000000074016
Davanagere Village Junction Cam 676,14.548546,75.99979,Active,48211000000074016
Davanagere Hospital Cam 677,14.548617,76.001665,Active,48211000000074016
Davanagere Industrial Area Cam 678,14.321523,75.75687,Active,48211000000074019
Davanagere Village Junction Cam 679,14.321902,75.761076,Active,48211000000074019
Davanagere Bus Stand Cam 680,14.258214,76.117525,Active,48211000000074019
Davanagere Industrial Area Cam 681,14.260762,76.120608,Active,48211000000074019
Davanagere Government Office Cam 682,14.264192,76.11756,Active,48211000000074019
Davanagere School Cam 683,14.535518,76.392287,Active,48211000000074020
Davanagere Highway Junction Cam 684,14.531711,76.397356,Active,48211000000074020
Davanagere College Cam 685,14.532249,76.395741,Active,48211000000074020
Davanagere School Cam 686,14.536821,76.390997,Active,48211000000074020
Davanagere Hospital Cam 687,14.535226,76.39384,Active,48211000000074020
Davanagere Police Station Cam 688,14.532879,76.395813,Active,48211000000074020
Davanagere Commercial Street Cam 689,14.162479,75.936075,Active,48211000000074019
Davanagere Major Town Center Cam 690,14.166057,75.93278,Active,48211000000074019
Davanagere Industrial Area Cam 691,14.168451,75.932985,Active,48211000000074019
Davanagere Village Junction Cam 692,14.31094,76.016872,Active,48211000000074019
Davanagere Market Cam 693,14.307613,76.015632,Active,48211000000074019
Davanagere Village Junction Cam 694,14.771018,76.084423,Active,48211000000074016
Davanagere Major Town Center Cam 695,14.768587,76.079427,Active,48211000000074016
Davanagere Major Town Center Cam 696,14.771332,76.081095,Active,48211000000074016
Davanagere Residential Area Cam 697,14.769662,76.079754,Active,48211000000074016
Davanagere Police Station Cam 698,14.768904,76.083475,Active,48211000000074016
Davanagere Bus Stand Cam 699,14.767382,76.079692,Active,48211000000074016
Davanagere College Cam 700,14.226137,75.690489,Active,48211000000074019
Davanagere Government Office Cam 701,14.228792,75.687535,Active,48211000000074019
Davanagere Railway Station Cam 702,14.227675,75.690729,Active,48211000000074019
Davanagere Residential Area Cam 703,14.228887,75.687122,Active,48211000000074019
Davanagere Government Office Cam 704,14.223256,75.687876,Active,48211000000074019
Davanagere Village Junction Cam 705,14.449953,76.220123,Active,48211000000074016
Davanagere Village Junction Cam 706,14.446097,76.218883,Active,48211000000074016
Davanagere Village Junction Cam 707,14.444783,76.222593,Active,48211000000074016
Davanagere Highway Junction Cam 708,14.44746,76.223293,Active,48211000000074016
Davanagere Village Junction Cam 709,14.44967,76.221061,Active,48211000000074016
Davanagere Commercial Street Cam 710,14.617032,76.08925,Active,48211000000074016
Davanagere Market Cam 711,14.619687,76.087714,Active,48211000000074016
Davanagere Police Station Cam 712,14.614321,76.09129,Active,48211000000074016
Davanagere Residential Area Cam 713,14.416585,75.97797,Active,48211000000074019
Davanagere School Cam 714,14.419487,75.980376,Active,48211000000074019
Davanagere Railway Station Cam 715,14.413705,75.977344,Active,48211000000074019
Davanagere Market Cam 716,14.416828,75.980785,Active,48211000000074019
Davanagere Industrial Area Cam 717,14.417992,75.978247,Active,48211000000074019
Davanagere Bus Stand Cam 718,13.944852,75.850376,Active,48211000000074018
Davanagere School Cam 719,13.937303,75.852581,Active,48211000000074018
Davanagere Police Station Cam 720,14.893925,75.824141,Active,48211000000074021
Davanagere Major Town Center Cam 721,14.897167,75.824873,Active,48211000000074021
Davanagere Industrial Area Cam 722,14.895038,75.822053,Active,48211000000074021
Davanagere Village Junction Cam 723,14.896884,75.826136,Active,48211000000074021
Davanagere Market Cam 724,14.034345,75.819045,Active,48211000000074019
Davanagere Major Town Center Cam 725,14.037699,75.819299,Active,48211000000074019
Davanagere Commercial Street Cam 726,14.036538,75.824916,Active,48211000000074019
Davanagere Hospital Cam 727,14.035451,75.823612,Active,48211000000074019
Davanagere Village Junction Cam 728,14.033858,75.819718,Active,48211000000074019
Davanagere Market Cam 729,14.038238,75.825693,Active,48211000000074019
Davanagere Commercial Street Cam 730,14.685151,76.282422,Active,48211000000074016
Davanagere Police Station Cam 731,14.683408,76.278053,Active,48211000000074016
Davanagere College Cam 732,14.68657,76.280547,Active,48211000000074016
Davanagere Industrial Area Cam 733,14.053141,76.020277,Active,48211000000074018
Davanagere Market Cam 734,14.048027,76.020912,Active,48211000000074018
Davanagere Hospital Cam 735,14.492841,76.125097,Active,48211000000074016
Davanagere Hospital Cam 736,14.491737,76.119814,Active,48211000000074016
Davanagere Government Office Cam 737,14.494212,76.119938,Active,48211000000074016
Davanagere Government Office Cam 738,14.495211,76.12374,Active,48211000000074016
Davanagere Hospital Cam 739,14.497628,76.1183,Active,48211000000074016
Davanagere Tourist Point Cam 740,14.496419,76.119137,Active,48211000000074016
Davanagere Industrial Area Cam 741,14.223915,75.794615,Active,48211000000074019
Davanagere Commercial Street Cam 742,14.218322,75.797384,Active,48211000000074019
Davanagere Railway Station Cam 743,13.911371,75.959053,Active,48211000000074018
Davanagere Bus Stand Cam 744,13.914096,75.963643,Active,48211000000074018
Davanagere Railway Station Cam 745,13.91445,75.96419,Active,48211000000074018
Davanagere Government Office Cam 746,13.916479,75.963209,Active,48211000000074018
Davanagere Village Junction Cam 747,13.913574,75.964222,Active,48211000000074018
Davanagere School Cam 748,13.910988,75.961019,Active,48211000000074018
Davanagere Police Station Cam 749,14.544774,76.299347,Active,48211000000074020
Davanagere Government Office Cam 750,14.544131,76.302945,Active,48211000000074020
Davanagere Government Office Cam 751,14.541785,76.303643,Active,48211000000074020
Davanagere Industrial Area Cam 752,14.420431,75.829715,Active,48211000000074019
Davanagere College Cam 753,14.416,75.823919,Active,48211000000074019
Davanagere Commercial Street Cam 754,14.419596,75.830973,Active,48211000000074019
Davanagere Residential Area Cam 755,14.420564,75.82695,Active,48211000000074019
Davanagere School Cam 756,14.416309,75.829602,Active,48211000000074019
Davanagere Police Station Cam 757,14.118919,75.864049,Active,48211000000074019
Davanagere Highway Junction Cam 758,14.118378,75.860099,Active,48211000000074019
Davanagere Government Office Cam 759,14.115691,75.857337,Active,48211000000074019
Davanagere Hospital Cam 760,14.750512,75.858115,Active,48211000000074021
Davanagere Highway Junction Cam 761,14.747541,75.861767,Active,48211000000074021
Davanagere Police Station Cam 762,14.748846,75.859138,Active,48211000000074021
Davanagere Government Office Cam 763,14.623166,75.942344,Active,48211000000074016
Davanagere Village Junction Cam 764,14.618734,75.946008,Active,48211000000074016
Davanagere Village Junction Cam 765,14.619797,75.942189,Active,48211000000074016
Davanagere Industrial Area Cam 766,14.620924,75.946177,Active,48211000000074016
Davanagere Village Junction Cam 767,14.840655,76.124698,Active,48211000000074016
Davanagere College Cam 768,14.845911,76.125176,Active,48211000000074016
Davanagere Residential Area Cam 769,14.84569,76.11909,Active,48211000000074016
Davanagere School Cam 770,14.841007,76.126565,Active,48211000000074016
Davanagere Bus Stand Cam 771,14.8041,76.008825,Active,48211000000074016
Davanagere Village Junction Cam 772,14.805754,76.001975,Active,48211000000074016
Davanagere Government Office Cam 773,14.806087,76.00897,Active,48211000000074016
Davanagere College Cam 774,14.811473,76.003663,Active,48211000000074016
Davanagere Residential Area Cam 775,14.804106,76.008615,Active,48211000000074016
Davanagere Industrial Area Cam 776,14.171448,75.628991,Active,48211000000074017
Davanagere Residential Area Cam 777,14.165543,75.630853,Active,48211000000074017
Davanagere School Cam 778,14.169602,75.623426,Active,48211000000074017
Davanagere Government Office Cam 779,14.171126,75.626185,Active,48211000000074017
Davanagere Highway Junction Cam 780,14.172299,75.625349,Active,48211000000074017
Davanagere College Cam 781,14.172173,75.624672,Active,48211000000074017
Davanagere Market Cam 782,14.477973,76.455429,Active,48211000000074020
Davanagere Market Cam 783,14.476764,76.449707,Active,48211000000074020
Davanagere Major Town Center Cam 784,14.700716,76.123499,Active,48211000000074016
Davanagere School Cam 785,14.696894,76.119937,Active,48211000000074016
Davanagere Hospital Cam 786,14.434854,75.65369,Active,48211000000074019
Davanagere Market Cam 787,14.434729,75.655384,Active,48211000000074019
Davanagere Village Junction Cam 788,14.434895,75.658814,Active,48211000000074019
Davanagere Residential Area Cam 789,14.434064,75.658087,Active,48211000000074019
Davanagere Village Junction Cam 790,14.433674,75.653097,Active,48211000000074019
Davanagere Government Office Cam 791,14.4323,75.651566,Active,48211000000074019
Davanagere Highway Junction Cam 792,14.652429,76.185685,Active,48211000000074016
Davanagere Market Cam 793,14.649059,76.190008,Active,48211000000074016
Davanagere Village Junction Cam 794,14.645963,76.185275,Active,48211000000074016
Davanagere Residential Area Cam 795,14.648696,76.191793,Active,48211000000074016
Davanagere Highway Junction Cam 796,14.55288,75.814949,Active,48211000000074019
Davanagere Tourist Point Cam 797,14.556723,75.820836,Active,48211000000074019
Davanagere Railway Station Cam 798,14.552498,75.817342,Active,48211000000074019
Davanagere Bus Stand Cam 799,14.224381,76.019199,Active,48211000000074019
Davanagere Village Junction Cam 800,14.225455,76.021621,Active,48211000000074019
Davanagere Highway Junction Cam 801,14.145551,75.702939,Active,48211000000074019
Davanagere Government Office Cam 802,14.148421,75.699437,Active,48211000000074019
Davanagere Village Junction Cam 803,14.144301,75.697804,Active,48211000000074019
Davanagere Industrial Area Cam 804,14.147464,75.699433,Active,48211000000074019
Davanagere Bus Stand Cam 805,14.147404,75.701334,Active,48211000000074019
Davanagere Market Cam 806,14.145085,75.700093,Active,48211000000074019
Davanagere Police Station Cam 807,13.88048,76.027088,Active,48211000000074018
Davanagere Commercial Street Cam 808,13.881385,76.026373,Active,48211000000074018
Davanagere Hospital Cam 809,13.879455,76.024264,Active,48211000000074018
Davanagere Highway Junction Cam 810,14.553056,75.908171,Active,48211000000074016
Davanagere Village Junction Cam 811,14.547173,75.910356,Active,48211000000074016
Davanagere Bus Stand Cam 812,14.340255,76.12498,Active,48211000000074019
Davanagere Residential Area Cam 813,14.339049,76.127347,Active,48211000000074019
Davanagere Industrial Area Cam 814,14.336533,76.123952,Active,48211000000074019
Davanagere Major Town Center Cam 815,14.337685,76.125017,Active,48211000000074019
Davanagere College Cam 816,14.712261,75.917052,Active,48211000000074016
Davanagere Police Station Cam 817,14.714105,75.917256,Active,48211000000074016
Davanagere Hospital Cam 818,14.713915,75.922521,Active,48211000000074016
Davanagere Commercial Street Cam 819,14.08449,75.560015,Active,48211000000074017
Davanagere School Cam 820,14.086883,75.55587,Active,48211000000074017
Davanagere Hospital Cam 821,14.081179,75.559231,Active,48211000000074017
Davanagere Major Town Center Cam 822,14.08183,75.55765,Active,48211000000074017
Davanagere Government Office Cam 823,14.199306,75.507471,Active,48211000000074017
Davanagere Bus Stand Cam 824,14.199358,75.500417,Active,48211000000074017
Davanagere Major Town Center Cam 825,14.199566,75.503419,Active,48211000000074017
Davanagere Market Cam 826,14.207038,75.499924,Active,48211000000074017
Davanagere Major Town Center Cam 827,14.20495,75.507321,Active,48211000000074017
Davanagere College Cam 828,14.2014,75.500194,Active,48211000000074017
Davanagere Industrial Area Cam 829,14.342136,75.873908,Active,48211000000074019
Davanagere College Cam 830,14.349035,75.86817,Active,48211000000074019
Davanagere Major Town Center Cam 831,14.344964,75.868593,Active,48211000000074019
Davanagere Tourist Point Cam 832,14.345813,75.871263,Active,48211000000074019
Davanagere Residential Area Cam 833,14.347496,75.870075,Active,48211000000074019
Davanagere Railway Station Cam 834,14.490413,76.033877,Active,48211000000074016
Davanagere Major Town Center Cam 835,14.487295,76.037681,Active,48211000000074016
Davanagere Police Station Cam 836,14.493393,76.037831,Active,48211000000074016
Davanagere Hospital Cam 837,14.198175,75.858953,Active,48211000000074019
Davanagere Commercial Street Cam 838,14.201199,75.860802,Active,48211000000074019
Davanagere College Cam 839,14.198631,75.863198,Active,48211000000074019
Davanagere Tourist Point Cam 840,14.204651,75.860656,Active,48211000000074019
Davanagere Hospital Cam 841,14.203103,75.862593,Active,48211000000074019
Davanagere College Cam 842,14.197901,75.860394,Active,48211000000074019
Davanagere Major Town Center Cam 843,14.509301,75.757316,Active,48211000000074019
Davanagere Village Junction Cam 844,14.509563,75.760723,Active,48211000000074019
Davanagere Bus Stand Cam 845,14.513496,75.763494,Active,48211000000074019
Davanagere Commercial Street Cam 846,14.511673,75.763733,Active,48211000000074019
Davanagere Village Junction Cam 847,14.509096,75.762228,Active,48211000000074019
Davanagere Market Cam 848,14.513072,75.764144,Active,48211000000074019
Davanagere Government Office Cam 849,14.352911,75.961109,Active,48211000000074019
Davanagere Market Cam 850,14.351301,75.960583,Active,48211000000074019
Davanagere Market Cam 851,14.368314,75.693426,Active,48211000000074019
Davanagere Market Cam 852,14.371846,75.698747,Active,48211000000074019
Davanagere School Cam 853,14.371184,75.693045,Active,48211000000074019
Davanagere Highway Junction Cam 854,14.372902,75.69705,Active,48211000000074019
Davanagere College Cam 855,14.373516,75.695108,Active,48211000000074019
Davanagere Market Cam 856,14.276183,75.619272,Active,48211000000074017
Davanagere Industrial Area Cam 857,14.275321,75.617239,Active,48211000000074017
Davanagere Major Town Center Cam 858,14.276698,75.616942,Active,48211000000074017
Davanagere Highway Junction Cam 859,14.24206,75.957069,Active,48211000000074019
Davanagere Village Junction Cam 860,14.237814,75.951234,Active,48211000000074019
Davanagere Major Town Center Cam 861,14.243049,75.954153,Active,48211000000074019
Davanagere Industrial Area Cam 862,14.491208,75.965852,Active,48211000000074016
Davanagere Major Town Center Cam 863,14.491923,75.964818,Active,48211000000074016
Davanagere Market Cam 864,14.558791,76.116856,Active,48211000000074016
Davanagere Tourist Point Cam 865,14.555689,76.121847,Active,48211000000074016
Davanagere Commercial Street Cam 866,14.555652,76.117001,Active,48211000000074016
Davanagere Commercial Street Cam 867,14.559781,76.124253,Active,48211000000074016
Davanagere Major Town Center Cam 868,14.560309,76.120981,Active,48211000000074016
Davanagere Hospital Cam 869,13.88253,75.860039,Active,48211000000074018
Davanagere College Cam 870,13.878577,75.859516,Active,48211000000074018
Davanagere Police Station Cam 871,13.881486,75.858686,Active,48211000000074018
Davanagere Bus Stand Cam 872,14.106066,75.937364,Active,48211000000074019
Davanagere Major Town Center Cam 873,14.100373,75.935186,Active,48211000000074019
Davanagere Bus Stand Cam 874,14.100745,75.940076,Active,48211000000074019
Davanagere Hospital Cam 875,14.102472,75.934962,Active,48211000000074019
Davanagere Industrial Area Cam 876,14.104504,75.937977,Active,48211000000074019
Davanagere Highway Junction Cam 877,14.100239,75.934807,Active,48211000000074019
Davanagere Highway Junction Cam 878,14.413998,75.893653,Active,48211000000074019
Davanagere Highway Junction Cam 879,14.415315,75.887198,Active,48211000000074019
Davanagere Commercial Street Cam 880,14.416335,75.886731,Active,48211000000074019
Davanagere School Cam 881,14.418697,75.890373,Active,48211000000074019
Davanagere Government Office Cam 882,14.417581,75.888516,Active,48211000000074019
Davanagere Industrial Area Cam 883,14.416069,75.891936,Active,48211000000074019
Davanagere Market Cam 884,14.682626,75.85462,Active,48211000000074021
Davanagere Village Junction Cam 885,14.686114,75.853717,Active,48211000000074021
Davanagere Government Office Cam 886,14.689531,75.852173,Active,48211000000074021
Davanagere Police Station Cam 887,14.123624,76.002236,Active,48211000000074019
Davanagere Market Cam 888,14.123282,76.000425,Active,48211000000074019
Davanagere Industrial Area Cam 889,14.123337,76.001094,Active,48211000000074019
Davanagere Police Station Cam 890,14.120957,76.006886,Active,48211000000074019
Davanagere Bus Stand Cam 891,14.119575,76.004871,Active,48211000000074019
Davanagere Village Junction Cam 892,14.119774,75.999682,Active,48211000000074019
Davanagere Village Junction Cam 893,14.360529,75.805034,Active,48211000000074019
Davanagere Industrial Area Cam 894,14.363951,75.803514,Active,48211000000074019
Davanagere Highway Junction Cam 895,14.363781,75.807945,Active,48211000000074019
Davanagere College Cam 896,14.504558,76.181483,Active,48211000000074016
Davanagere Major Town Center Cam 897,14.500121,76.179447,Active,48211000000074016
Davanagere Major Town Center Cam 898,14.499074,76.181656,Active,48211000000074016
Davanagere Village Junction Cam 899,14.521793,76.244161,Active,48211000000074016
Davanagere Village Junction Cam 900,14.522343,76.244424,Active,48211000000074016
Davanagere Industrial Area Cam 901,14.485906,76.326955,Active,48211000000074020
Davanagere Market Cam 902,14.488193,76.327918,Active,48211000000074020
Davanagere Residential Area Cam 903,14.488626,76.329898,Active,48211000000074020
Davanagere Bus Stand Cam 904,14.298883,75.831983,Active,48211000000074019
Davanagere Industrial Area Cam 905,14.294932,75.836478,Active,48211000000074019
Davanagere Industrial Area Cam 906,14.3005,75.837633,Active,48211000000074019
Davanagere Market Cam 907,14.301083,75.833989,Active,48211000000074019
Davanagere Commercial Street Cam 908,14.297092,75.836884,Active,48211000000074019
Davanagere Highway Junction Cam 909,14.53315,76.451728,Active,48211000000074020
Davanagere Bus Stand Cam 910,14.539613,76.450797,Active,48211000000074020
Davanagere Major Town Center Cam 911,14.533828,76.453418,Active,48211000000074020
Davanagere Major Town Center Cam 912,14.532245,76.451629,Active,48211000000074020
Davanagere Highway Junction Cam 913,14.630958,76.322582,Active,48211000000074020
Davanagere Police Station Cam 914,14.635366,76.318507,Active,48211000000074020
Davanagere Tourist Point Cam 915,14.630802,76.319481,Active,48211000000074020
Davanagere Residential Area Cam 916,14.635671,76.322514,Active,48211000000074020
Davanagere Tourist Point Cam 917,14.636295,76.317173,Active,48211000000074020
Davanagere School Cam 918,14.305879,75.663798,Active,48211000000074019
Davanagere Residential Area Cam 919,14.309623,75.663151,Active,48211000000074019
Davanagere School Cam 920,14.308702,75.667713,Active,48211000000074019
Davanagere Tourist Point Cam 921,14.307602,75.668333,Active,48211000000074019
Davanagere Residential Area Cam 922,14.302944,75.664444,Active,48211000000074019
Davanagere Residential Area Cam 923,14.472145,76.267301,Active,48211000000074020
Davanagere Hospital Cam 924,14.475054,76.273683,Active,48211000000074020
Davanagere Village Junction Cam 925,14.133833,75.585737,Active,48211000000074017
Davanagere Government Office Cam 926,14.132691,75.586332,Active,48211000000074017
Davanagere Major Town Center Cam 927,14.132244,75.585908,Active,48211000000074017
Davanagere Railway Station Cam 928,14.137187,75.586358,Active,48211000000074017
Davanagere School Cam 929,13.854704,75.972691,Active,48211000000074018
Davanagere Government Office Cam 930,13.854506,75.974293,Active,48211000000074018
Davanagere Industrial Area Cam 931,13.854704,75.972691,Active,48211000000074018
Davanagere Major Town Center Cam 932,13.854704,75.972691,Active,48211000000074018
Davanagere Village Junction Cam 933,13.854593,75.972848,Active,48211000000074018
Davanagere Railway Station Cam 934,14.781805,75.952473,Active,48211000000074021
Davanagere Residential Area Cam 935,14.786844,75.95699,Active,48211000000074021
Davanagere Market Cam 936,14.067158,75.868691,Active,48211000000074019
Davanagere Bus Stand Cam 937,14.066637,75.874916,Active,48211000000074019
Davanagere Tourist Point Cam 938,14.067587,75.868602,Active,48211000000074019
Davanagere Police Station Cam 939,14.067859,75.873478,Active,48211000000074019
Davanagere Residential Area Cam 940,14.065661,75.869209,Active,48211000000074019
Davanagere Commercial Street Cam 941,14.062591,75.869506,Active,48211000000074019
Davanagere Bus Stand Cam 942,14.354585,76.041228,Active,48211000000074019
Davanagere Government Office Cam 943,14.356818,76.042799,Active,48211000000074019
Davanagere Hospital Cam 944,14.355848,76.045889,Active,48211000000074019
Davanagere Residential Area Cam 945,14.359293,76.040927,Active,48211000000074019
Davanagere Police Station Cam 946,13.965051,75.952783,Active,48211000000074018
Davanagere Village Junction Cam 947,13.967386,75.952553,Active,48211000000074018
Davanagere Commercial Street Cam 948,13.964186,75.952263,Active,48211000000074018
Davanagere Market Cam 949,13.965711,75.95167,Active,48211000000074018
Davanagere Residential Area Cam 950,14.86293,76.024501,Active,48211000000074016
Davanagere Industrial Area Cam 951,14.864623,76.018664,Active,48211000000074016
Davanagere Police Station Cam 952,14.759929,76.13164,Active,48211000000074016
Davanagere Bus Stand Cam 953,14.759441,76.133474,Active,48211000000074016
Davanagere Village Junction Cam 954,14.760381,76.134412,Active,48211000000074016
Davanagere Commercial Street Cam 955,14.7593,76.135909,Active,48211000000074016
Davanagere Commercial Street Cam 956,14.754871,76.132659,Active,48211000000074016
Davanagere Market Cam 957,14.477464,76.398402,Active,48211000000074020
Davanagere Hospital Cam 958,14.474612,76.394688,Active,48211000000074020
Davanagere Industrial Area Cam 959,14.474973,76.395367,Active,48211000000074020
Davanagere Hospital Cam 960,14.473696,76.397813,Active,48211000000074020
Davanagere Government Office Cam 961,14.47747,76.401551,Active,48211000000074020
Davanagere Residential Area Cam 962,14.473201,76.399419,Active,48211000000074020
Davanagere Highway Junction Cam 963,14.002663,76.001242,Active,48211000000074018
Davanagere Industrial Area Cam 964,13.999597,75.999859,Active,48211000000074018
Davanagere Market Cam 965,14.002407,75.996538,Active,48211000000074018
Davanagere Village Junction Cam 966,14.607347,76.392372,Active,48211000000074020
Davanagere Residential Area Cam 967,14.604169,76.393108,Active,48211000000074020
Davanagere Hospital Cam 968,14.607636,76.387422,Active,48211000000074020
Davanagere School Cam 969,14.499881,75.825491,Active,48211000000074019
Davanagere Government Office Cam 970,14.502667,75.82632,Active,48211000000074019
Davanagere Government Office Cam 971,14.445568,76.131009,Active,48211000000074016
Davanagere Village Junction Cam 972,14.4451,76.132453,Active,48211000000074016
Davanagere Police Station Cam 973,14.656755,75.896052,Active,48211000000074016
Davanagere Major Town Center Cam 974,14.65774,75.898971,Active,48211000000074016
Davanagere Government Office Cam 975,14.653821,75.899111,Active,48211000000074016
Davanagere Residential Area Cam 976,14.658419,75.894629,Active,48211000000074016
Davanagere Hospital Cam 977,14.659677,75.897881,Active,48211000000074016
Davanagere Bus Stand Cam 978,14.246765,76.066838,Active,48211000000074019
Davanagere College Cam 979,14.250111,76.062905,Active,48211000000074019
Davanagere College Cam 980,14.245344,76.063899,Active,48211000000074019
Davanagere School Cam 981,14.247594,76.066872,Active,48211000000074019
Davanagere Major Town Center Cam 982,13.98723,75.881541,Active,48211000000074018
Davanagere Highway Junction Cam 983,13.981096,75.884111,Active,48211000000074018
Davanagere School Cam 984,13.981178,75.886885,Active,48211000000074018
Davanagere Highway Junction Cam 985,13.983811,75.887735,Active,48211000000074018
Davanagere Hospital Cam 986,14.191006,75.557668,Active,48211000000074017
Davanagere School Cam 987,14.187387,75.561646,Active,48211000000074017
Davanagere Police Station Cam 988,14.191618,75.555404,Active,48211000000074017
Davanagere Police Station Cam 989,14.192459,75.558048,Active,48211000000074017
Davanagere Bus Stand Cam 990,14.192436,75.554074,Active,48211000000074017
Davanagere Bus Stand Cam 991,14.186257,75.561209,Active,48211000000074017
Davanagere Police Station Cam 992,14.388124,75.742766,Active,48211000000074019
Davanagere Residential Area Cam 993,14.387991,75.746591,Active,48211000000074019
Davanagere Residential Area Cam 994,14.388448,75.744657,Active,48211000000074019
Davanagere Government Office Cam 995,14.390951,75.743546,Active,48211000000074019
Davanagere Railway Station Cam 996,14.38784,75.743405,Active,48211000000074019
Davanagere College Cam 997,14.66112,76.035934,Active,48211000000074016
Davanagere Highway Junction Cam 998,14.662382,76.036802,Active,48211000000074016
Davanagere Bus Stand Cam 999,14.6651,76.036332,Active,48211000000074016
Davanagere Residential Area Cam 1000,14.660103,76.033612,Active,48211000000074016
Davanagere Government Office Cam 1001,14.66302,76.033653,Active,48211000000074016
Davanagere School Cam 1002,14.665967,76.038526,Active,48211000000074016
Davanagere Railway Station Cam 1003,14.592437,76.159283,Active,48211000000074016
Davanagere Railway Station Cam 1004,14.592594,76.154359,Active,48211000000074016
Davanagere School Cam 1005,14.590958,76.153277,Active,48211000000074016
Davanagere Commercial Street Cam 1006,14.591613,76.154154,Active,48211000000074016
Davanagere Industrial Area Cam 1007,14.582681,76.046516,Active,48211000000074016
Davanagere Industrial Area Cam 1008,14.586211,76.04788,Active,48211000000074016
Davanagere College Cam 1009,14.584923,76.048986,Active,48211000000074016
Davanagere Tourist Point Cam 1010,14.586279,76.046009,Active,48211000000074016
Davanagere Hospital Cam 1011,14.580465,76.052191,Active,48211000000074016
Davanagere College Cam 1012,14.585215,76.334639,Active,48211000000074020
Davanagere Bus Stand Cam 1013,14.581707,76.335565,Active,48211000000074020
Davanagere Market Cam 1014,14.295827,76.089224,Active,48211000000074019
Davanagere Village Junction Cam 1015,14.296125,76.084128,Active,48211000000074019
Davanagere College Cam 1016,14.293605,76.084427,Active,48211000000074019
Davanagere Police Station Cam 1017,14.298222,76.085526,Active,48211000000074019
Davanagere Major Town Center Cam 1018,14.293423,76.087281,Active,48211000000074019
Gadag School Cam 1019,15.396198,75.78036,Active,48211000000074036
Gadag Highway Junction Cam 1020,15.39712,75.783247,Active,48211000000074036
Gadag Village Junction Cam 1021,15.402059,75.782039,Active,48211000000074036
Gadag Bus Stand Cam 1022,15.801775,75.35602,Active,48211000000074032
Gadag Bus Stand Cam 1023,14.969421,75.590375,Active,48211000000074031
Gadag Police Station Cam 1024,15.783854,75.962888,Active,48211000000074035
Gadag Village Junction Cam 1025,15.782298,75.965772,Active,48211000000074035
Gadag Highway Junction Cam 1026,15.787522,75.96552,Active,48211000000074035
Gadag Government Office Cam 1027,15.273003,75.435207,Active,48211000000074034
Gadag Market Cam 1028,15.27182,75.433111,Active,48211000000074034
Gadag Highway Junction Cam 1029,15.26904,75.43287,Active,48211000000074034
Gadag Hospital Cam 1030,15.26629,75.43034,Active,48211000000074034
Gadag Residential Area Cam 1031,15.06028,75.896152,Active,48211000000074033
Gadag Tourist Point Cam 1032,15.822789,75.670812,Active,48211000000074030
Gadag College Cam 1033,15.817383,75.667627,Active,48211000000074030
Gadag Village Junction Cam 1034,15.552762,75.554513,Active,48211000000074034
Gadag Government Office Cam 1035,15.558366,75.553916,Active,48211000000074034
Gadag Market Cam 1036,15.554402,75.551994,Active,48211000000074034
Gadag Commercial Street Cam 1037,15.203561,75.666462,Active,48211000000074033
Gadag Market Cam 1038,15.201762,75.666115,Active,48211000000074033
Gadag Market Cam 1039,15.205922,75.66997,Active,48211000000074033
Gadag Industrial Area Cam 1040,15.599262,75.847814,Active,48211000000074036
Gadag Residential Area Cam 1041,15.247892,75.899915,Active,48211000000074033
Gadag Hospital Cam 1042,15.24299,75.898958,Active,48211000000074033
Gadag Market Cam 1043,15.246123,75.901144,Active,48211000000074033
Gadag College Cam 1044,15.243001,75.898265,Active,48211000000074033
Gadag Village Junction Cam 1045,15.38426,75.596839,Active,48211000000074034
Gadag College Cam 1046,15.384119,75.600913,Active,48211000000074034
Gadag Bus Stand Cam 1047,15.378892,75.598351,Active,48211000000074034
Gadag Village Junction Cam 1048,15.074868,75.455442,Active,48211000000074031
Gadag Residential Area Cam 1049,15.069946,75.450372,Active,48211000000074031
Gadag Residential Area Cam 1050,15.075254,75.454193,Active,48211000000074031
Gadag Major Town Center Cam 1051,15.068156,75.454467,Active,48211000000074031
Gadag Hospital Cam 1052,15.658011,75.668174,Active,48211000000074030
Gadag Police Station Cam 1053,15.662275,75.667261,Active,48211000000074030
Gadag Bus Stand Cam 1054,15.661957,75.666163,Active,48211000000074030
Gadag School Cam 1055,15.825607,75.511968,Active,48211000000074030
Gadag Hospital Cam 1056,15.827104,75.511801,Active,48211000000074030
Gadag Police Station Cam 1057,15.045527,75.743227,Active,48211000000074031
Gadag Major Town Center Cam 1058,15.047034,75.74467,Active,48211000000074031
Gadag Residential Area Cam 1059,15.048371,75.74324,Active,48211000000074031
Gadag Police Station Cam 1060,15.049881,75.747362,Active,48211000000074031
Gadag School Cam 1061,15.784998,75.790206,Active,48211000000074030
Gadag Bus Stand Cam 1062,15.683195,75.404522,Active,48211000000074032
Gadag Police Station Cam 1063,15.513619,75.724906,Active,48211000000074036
Gadag School Cam 1064,15.508399,75.728041,Active,48211000000074036
Gadag Highway Junction Cam 1065,15.511397,75.723201,Active,48211000000074036
Gadag Village Junction Cam 1066,15.126125,75.567508,Active,48211000000074031
Gadag Police Station Cam 1067,15.125308,75.572001,Active,48211000000074031
Gadag Hospital Cam 1068,15.27573,75.776459,Active,48211000000074033
Gadag Commercial Street Cam 1069,15.271794,75.772349,Active,48211000000074033
Gadag Major Town Center Cam 1070,15.711318,75.548408,Active,48211000000074030
Gadag Tourist Point Cam 1071,15.450891,75.494999,Active,48211000000074034
Gadag Police Station Cam 1072,15.451862,75.498774,Active,48211000000074034
Gadag Government Office Cam 1073,15.447999,75.498296,Active,48211000000074034
Gadag Government Office Cam 1074,15.448577,75.498626,Active,48211000000074034
Gadag Market Cam 1075,15.264554,75.551572,Active,48211000000074034
Gadag Hospital Cam 1076,15.266271,75.552404,Active,48211000000074034
Gadag Major Town Center Cam 1077,15.152679,75.803271,Active,48211000000074033
Gadag Major Town Center Cam 1078,15.156535,75.800429,Active,48211000000074033
Gadag Railway Station Cam 1079,15.149928,75.800198,Active,48211000000074033
Gadag Major Town Center Cam 1080,15.399796,75.892302,Active,48211000000074033
Gadag Commercial Street Cam 1081,15.402344,75.88794,Active,48211000000074033
Gadag Commercial Street Cam 1082,15.399446,75.890402,Active,48211000000074033
Gadag Major Town Center Cam 1083,15.3979,75.890572,Active,48211000000074033
Gadag Government Office Cam 1084,15.185296,75.48493,Active,48211000000074031
Gadag Highway Junction Cam 1085,15.180127,75.479238,Active,48211000000074031
Gadag Government Office Cam 1086,15.182264,75.483752,Active,48211000000074031
Gadag Government Office Cam 1087,15.179582,75.483168,Active,48211000000074031
Gadag Railway Station Cam 1088,15.697883,75.843372,Active,48211000000074030
Gadag Bus Stand Cam 1089,15.693736,75.845839,Active,48211000000074030
Gadag Residential Area Cam 1090,15.342958,75.486208,Active,48211000000074034
Gadag Major Town Center Cam 1091,15.342899,75.484208,Active,48211000000074034
Gadag School Cam 1092,15.347491,75.487302,Active,48211000000074034
Gadag Commercial Street Cam 1093,15.343195,75.482363,Active,48211000000074034
Gadag Highway Junction Cam 1094,15.740892,75.707296,Active,48211000000074030
Gadag Highway Junction Cam 1095,15.745429,75.706815,Active,48211000000074030
Gadag Market Cam 1096,15.74497,75.706371,Active,48211000000074030
Gadag Police Station Cam 1097,15.438537,75.669436,Active,48211000000074034
Gadag College Cam 1098,15.436821,75.665292,Active,48211000000074034
Gadag Residential Area Cam 1099,15.035449,75.648975,Active,48211000000074031
Gadag School Cam 1100,15.038212,75.641262,Active,48211000000074031
Gadag Major Town Center Cam 1101,15.035022,75.64376,Active,48211000000074031
Gadag School Cam 1102,15.032721,75.641842,Active,48211000000074031
Gadag Hospital Cam 1103,15.496326,75.815215,Active,48211000000074036
Gadag Major Town Center Cam 1104,15.499114,75.810442,Active,48211000000074036
Gadag Industrial Area Cam 1105,14.963876,75.725156,Active,48211000000074031
Gadag Government Office Cam 1106,14.963534,75.726968,Active,48211000000074031
Gadag Police Station Cam 1107,15.119094,75.68686,Active,48211000000074031
Gadag Residential Area Cam 1108,15.1233,75.68331,Active,48211000000074031
Gadag School Cam 1109,15.116753,75.689092,Active,48211000000074031
Gadag School Cam 1110,15.116179,75.689923,Active,48211000000074031
Gadag Residential Area Cam 1111,15.144746,75.886837,Active,48211000000074033
Gadag Residential Area Cam 1112,15.143814,75.886113,Active,48211000000074033
Gadag Highway Junction Cam 1113,15.140807,75.884957,Active,48211000000074033
Gadag Residential Area Cam 1114,15.577288,75.647813,Active,48211000000074036
Gadag Market Cam 1115,15.575835,75.650671,Active,48211000000074036
Gadag Government Office Cam 1116,15.044809,75.540444,Active,48211000000074031
Gadag Highway Junction Cam 1117,15.044999,75.539584,Active,48211000000074031
Gadag Industrial Area Cam 1118,15.049339,75.541125,Active,48211000000074031
Gadag Commercial Street Cam 1119,15.044236,75.538881,Active,48211000000074031
Gadag Police Station Cam 1120,15.709049,75.984929,Active,48211000000074035
Gadag Major Town Center Cam 1121,15.708141,75.987084,Active,48211000000074035
Gadag College Cam 1122,15.703869,75.98508,Active,48211000000074035
Gadag Government Office Cam 1123,15.281065,75.673121,Active,48211000000074033
Gadag Village Junction Cam 1124,15.284881,75.673729,Active,48211000000074033
Gadag Highway Junction Cam 1125,15.281252,75.671234,Active,48211000000074033
Gadag Commercial Street Cam 1126,15.792164,75.442445,Active,48211000000074032
Gadag School Cam 1127,15.791503,75.446009,Active,48211000000074032
Gadag Residential Area Cam 1128,15.789031,75.440129,Active,48211000000074032
Gadag Highway Junction Cam 1129,15.1829,75.404985,Active,48211000000074034
Gadag Commercial Street Cam 1130,15.184887,75.404252,Active,48211000000074034
Gadag Industrial Area Cam 1131,15.183131,75.402096,Active,48211000000074034
Gadag Major Town Center Cam 1132,15.184525,75.403176,Active,48211000000074034
Gadag Village Junction Cam 1133,15.775233,75.586953,Active,48211000000074030
Gadag Village Junction Cam 1134,15.775943,75.591289,Active,48211000000074030
Gadag Tourist Point Cam 1135,15.707625,75.466646,Active,48211000000074032
Gadag Highway Junction Cam 1136,15.709657,75.470606,Active,48211000000074032
Gadag Major Town Center Cam 1137,15.711837,75.468343,Active,48211000000074032
Gadag Bus Stand Cam 1138,15.047274,75.814114,Active,48211000000074033
Gadag Government Office Cam 1139,15.380698,75.716268,Active,48211000000074033
Gadag Bus Stand Cam 1140,15.382217,75.712685,Active,48211000000074033
Gadag Industrial Area Cam 1141,15.38274,75.711689,Active,48211000000074033
Gadag Village Junction Cam 1142,15.383548,75.708852,Active,48211000000074033
Gadag School Cam 1143,15.304635,75.86226,Active,48211000000074033
Gadag College Cam 1144,15.307949,75.866703,Active,48211000000074033
Gadag College Cam 1145,15.304621,75.869065,Active,48211000000074033
Gadag Highway Junction Cam 1146,15.178765,75.736484,Active,48211000000074033
Gadag Major Town Center Cam 1147,15.176304,75.738033,Active,48211000000074033
Gadag Hospital Cam 1148,15.570547,75.750553,Active,48211000000074036
Gadag Police Station Cam 1149,15.573624,75.750458,Active,48211000000074036
Gadag College Cam 1150,15.226129,75.81932,Active,48211000000074033
Gadag School Cam 1151,15.22899,75.821926,Active,48211000000074033
Gadag Village Junction Cam 1152,15.22258,75.818818,Active,48211000000074033
Gadag Police Station Cam 1153,15.782317,75.859842,Active,48211000000074030
Gadag School Cam 1154,15.778588,75.857342,Active,48211000000074030
Gadag Market Cam 1155,15.779134,75.860004,Active,48211000000074030
Gadag Hospital Cam 1156,15.780632,75.853552,Active,48211000000074030
Gadag School Cam 1157,15.623705,75.608456,Active,48211000000074030
Gadag Railway Station Cam 1158,15.320106,75.59893,Active,48211000000074034
Gadag Major Town Center Cam 1159,15.31719,75.602375,Active,48211000000074034
Gadag Market Cam 1160,15.319885,75.601951,Active,48211000000074034
Gadag Police Station Cam 1161,15.315794,75.602818,Active,48211000000074034
Gadag Market Cam 1162,15.239057,75.617033,Active,48211000000074034
Gadag Hospital Cam 1163,15.237887,75.609414,Active,48211000000074034
Gadag Residential Area Cam 1164,15.745678,75.341341,Active,48211000000074032
Kalaburagi Commercial Street Cam 1165,17.155238,77.132327,Active,48211000000074053
Kalaburagi School Cam 1166,17.159402,77.138387,Active,48211000000074053
Kalaburagi Major Town Center Cam 1167,17.352887,76.123348,Active,48211000000074054
Kalaburagi Hospital Cam 1168,17.354294,76.12236,Active,48211000000074054
Kalaburagi Government Office Cam 1169,17.35063,76.121541,Active,48211000000074054
Kalaburagi Bus Stand Cam 1170,17.350332,76.117145,Active,48211000000074054
Kalaburagi Village Junction Cam 1171,16.718594,76.468194,Active,48211000000074055
Kalaburagi Bus Stand Cam 1172,16.720752,76.4678,Active,48211000000074055
Kalaburagi Market Cam 1173,16.722023,76.467783,Active,48211000000074055
Kalaburagi Highway Junction Cam 1174,16.724497,76.472992,Active,48211000000074055
Kalaburagi School Cam 1175,16.719861,76.469964,Active,48211000000074055
Kalaburagi Village Junction Cam 1176,16.721873,76.469502,Active,48211000000074055
Kalaburagi Government Office Cam 1177,17.659406,76.683273,Active,48211000000074056
Kalaburagi Government Office Cam 1178,17.666641,76.689286,Active,48211000000074056
Kalaburagi Residential Area Cam 1179,17.660467,76.683875,Active,48211000000074056
Kalaburagi College Cam 1180,17.662433,76.683258,Active,48211000000074056
Kalaburagi College Cam 1181,17.659634,76.690848,Active,48211000000074056
Kalaburagi Hospital Cam 1182,17.523686,77.642463,Active,48211000000074057
Kalaburagi Bus Stand Cam 1183,17.522278,77.6445,Active,48211000000074057
Kalaburagi Commercial Street Cam 1184,17.521703,77.64241,Active,48211000000074057
Kalaburagi Police Station Cam 1185,17.521216,77.644632,Active,48211000000074057
Kalaburagi Bus Stand Cam 1186,17.13939,76.656959,Active,48211000000074058
Kalaburagi Village Junction Cam 1187,17.14564,76.655032,Active,48211000000074058
Kalaburagi Government Office Cam 1188,17.142617,76.653885,Active,48211000000074058
Kalaburagi Residential Area Cam 1189,17.141508,76.655921,Active,48211000000074058
Kalaburagi Commercial Street Cam 1190,17.144352,76.657294,Active,48211000000074058
Kalaburagi Police Station Cam 1191,17.611006,77.17269,Active,48211000000074059
Kalaburagi Tourist Point Cam 1192,17.614042,77.172794,Active,48211000000074059
Kalaburagi School Cam 1193,17.610625,77.168618,Active,48211000000074059
Kalaburagi Residential Area Cam 1194,16.891799,77.452145,Active,48211000000074063
Kalaburagi Highway Junction Cam 1195,16.897661,77.450118,Active,48211000000074063
Kalaburagi College Cam 1196,16.897437,77.450529,Active,48211000000074063
Kalaburagi Police Station Cam 1197,16.853259,76.950004,Active,48211000000074060
Kalaburagi Market Cam 1198,16.858294,76.944858,Active,48211000000074060
Kalaburagi Police Station Cam 1199,16.853623,76.947631,Active,48211000000074060
Kalaburagi Market Cam 1200,16.855337,76.947924,Active,48211000000074060
Kalaburagi Railway Station Cam 1201,17.406552,76.912787,Active,48211000000074058
Kalaburagi Market Cam 1202,17.406071,76.911697,Active,48211000000074058
Kalaburagi Police Station Cam 1203,17.541416,76.406805,Active,48211000000074062
Kalaburagi Hospital Cam 1204,17.541747,76.401826,Active,48211000000074062
Kalaburagi Market Cam 1205,17.543824,76.404967,Active,48211000000074062
Kalaburagi School Cam 1206,17.375661,77.374551,Active,48211000000074053
Kalaburagi Village Junction Cam 1207,17.377268,77.376298,Active,48211000000074053
Kalaburagi Commercial Street Cam 1208,17.376724,77.3774,Active,48211000000074053
Kalaburagi Highway Junction Cam 1209,17.215794,76.375677,Active,48211000000074061
Kalaburagi Tourist Point Cam 1210,17.21031,76.370168,Active,48211000000074061
Kalaburagi Tourist Point Cam 1211,17.214452,76.371528,Active,48211000000074061
Kalaburagi Police Station Cam 1212,17.212752,76.37482,Active,48211000000074061
Kalaburagi Residential Area Cam 1213,17.216404,76.37661,Active,48211000000074061
Kalaburagi Railway Station Cam 1214,17.217502,76.374332,Active,48211000000074061
Kalaburagi Industrial Area Cam 1215,16.888925,76.68327,Active,48211000000074055
Kalaburagi Residential Area Cam 1216,16.891264,76.68076,Active,48211000000074055
Kalaburagi Bus Stand Cam 1217,16.894578,76.683132,Active,48211000000074055
Kalaburagi Government Office Cam 1218,16.895341,76.68306,Active,48211000000074055
Kalaburagi Government Office Cam 1219,16.894861,76.6848,Active,48211000000074055
Kalaburagi Government Office Cam 1220,17.421258,76.641358,Active,48211000000074056
Kalaburagi Bus Stand Cam 1221,17.427337,76.6412,Active,48211000000074056
Kalaburagi College Cam 1222,17.420304,76.643039,Active,48211000000074056
Kalaburagi Market Cam 1223,17.421176,76.637775,Active,48211000000074056
Kalaburagi Market Cam 1224,17.424838,76.643002,Active,48211000000074056
Kalaburagi Market Cam 1225,17.426879,76.641137,Active,48211000000074056
Kalaburagi Government Office Cam 1226,17.144321,76.906152,Active,48211000000074058
Kalaburagi Residential Area Cam 1227,17.138863,76.906186,Active,48211000000074058
Kalaburagi Village Junction Cam 1228,17.14606,76.908016,Active,48211000000074058
Kalaburagi School Cam 1229,17.146443,76.906208,Active,48211000000074058
Kalaburagi Highway Junction Cam 1230,17.141752,76.905311,Active,48211000000074058
Kalaburagi Market Cam 1231,16.966368,76.472792,Active,48211000000074061
Kalaburagi Residential Area Cam 1232,16.967773,76.468882,Active,48211000000074061
Kalaburagi Tourist Point Cam 1233,16.964393,76.470057,Active,48211000000074061
Kalaburagi Police Station Cam 1234,16.969237,76.474413,Active,48211000000074061
Kalaburagi Government Office Cam 1235,16.938908,77.175625,Active,48211000000074060
Kalaburagi Major Town Center Cam 1236,16.936813,77.174737,Active,48211000000074060
Kalaburagi Hospital Cam 1237,16.938491,77.175,Active,48211000000074060
Kalaburagi Major Town Center Cam 1238,16.940993,77.176631,Active,48211000000074060
Kalaburagi Highway Junction Cam 1239,17.105165,77.431872,Active,48211000000074063
Kalaburagi Residential Area Cam 1240,17.105893,77.428386,Active,48211000000074063
Kalaburagi Government Office Cam 1241,17.106311,77.426467,Active,48211000000074063
Kalaburagi Major Town Center Cam 1242,17.103182,77.430845,Active,48211000000074063
Kalaburagi Police Station Cam 1243,17.109469,77.431525,Active,48211000000074063
Kalaburagi Bus Stand Cam 1244,17.108367,77.427793,Active,48211000000074063
Kalaburagi Police Station Cam 1245,17.615648,76.920672,Active,48211000000074059
Kalaburagi Government Office Cam 1246,17.609092,76.914842,Active,48211000000074059
Kalaburagi Commercial Street Cam 1247,17.609488,76.914635,Active,48211000000074059
Kalaburagi Commercial Street Cam 1248,17.611756,76.916673,Active,48211000000074059
Kalaburagi College Cam 1249,17.361892,77.135587,Active,48211000000074053
Kalaburagi Village Junction Cam 1250,17.362423,77.133562,Active,48211000000074053
Kalaburagi Commercial Street Cam 1251,17.363402,77.132879,Active,48211000000074053
Kalaburagi Village Junction Cam 1252,17.595566,77.372071,Active,48211000000074057
Kalaburagi Hospital Cam 1253,17.597768,77.374114,Active,48211000000074057
Kalaburagi Residential Area Cam 1254,17.756872,76.535469,Active,48211000000074056
Kalaburagi Government Office Cam 1255,17.756872,76.535469,Active,48211000000074056
Kalaburagi Residential Area Cam 1256,17.756477,76.53659,Active,48211000000074056
Kalaburagi Village Junction Cam 1257,17.755078,76.53706,Active,48211000000074056
Kalaburagi Commercial Street Cam 1258,17.754157,76.535138,Active,48211000000074056
Kalaburagi Village Junction Cam 1259,17.756872,76.535469,Active,48211000000074056
Kalaburagi Village Junction Cam 1260,16.984878,76.82901,Active,48211000000074060
Kalaburagi Commercial Street Cam 1261,16.986431,76.831721,Active,48211000000074060
Kalaburagi Commercial Street Cam 1262,16.984066,76.83554,Active,48211000000074060
Kalaburagi Police Station Cam 1263,16.98249,76.830302,Active,48211000000074060
Kalaburagi College Cam 1264,16.979313,76.834574,Active,48211000000074060
Kalaburagi Highway Junction Cam 1265,17.257352,76.784626,Active,48211000000074058
Kalaburagi Industrial Area Cam 1266,17.256411,76.781424,Active,48211000000074058
Kalaburagi School Cam 1267,17.259735,76.780852,Active,48211000000074058
Kalaburagi Residential Area Cam 1268,17.257732,76.781426,Active,48211000000074058
Kalaburagi Village Junction Cam 1269,17.258147,76.7839,Active,48211000000074058
Kalaburagi Police Station Cam 1270,17.270337,76.525176,Active,48211000000074061
Kalaburagi Industrial Area Cam 1271,17.272757,76.525776,Active,48211000000074061
Kalaburagi Highway Junction Cam 1272,17.271401,76.526835,Active,48211000000074061
Kalaburagi Commercial Street Cam 1273,17.269048,76.529752,Active,48211000000074061
Kalaburagi Hospital Cam 1274,17.008187,77.001489,Active,48211000000074060
Kalaburagi Commercial Street Cam 1275,17.010889,77.000298,Active,48211000000074060
Kalaburagi Police Station Cam 1276,17.008491,77.007109,Active,48211000000074060
Kalaburagi Bus Stand Cam 1277,17.19808,77.286348,Active,48211000000074053
Kalaburagi Railway Station Cam 1278,17.198885,77.28741,Active,48211000000074053
Kalaburagi Major Town Center Cam 1279,17.198284,77.285559,Active,48211000000074053
Kalaburagi Industrial Area Cam 1280,17.199841,77.284046,Active,48211000000074053
Kalaburagi Hospital Cam 1281,17.241327,76.224234,Active,48211000000074054
Kalaburagi Bus Stand Cam 1282,17.242232,76.225844,Active,48211000000074054
Kalaburagi Police Station Cam 1283,17.243177,76.219415,Active,48211000000074054
Kalaburagi Highway Junction Cam 1284,17.238412,76.225328,Active,48211000000074054
Kalaburagi Market Cam 1285,17.495761,77.05816,Active,48211000000074059
Kalaburagi Industrial Area Cam 1286,17.495014,77.062543,Active,48211000000074059
Kalaburagi College Cam 1287,17.003135,77.316157,Active,48211000000074063
Kalaburagi Residential Area Cam 1288,17.007891,77.318693,Active,48211000000074063
Kalaburagi Market Cam 1289,17.119433,76.500647,Active,48211000000074061
Kalaburagi Government Office Cam 1290,17.120391,76.498072,Active,48211000000074061
Kalaburagi School Cam 1291,17.121884,76.500492,Active,48211000000074061
Kalaburagi Railway Station Cam 1292,17.120871,76.500579,Active,48211000000074061
Kalaburagi Commercial Street Cam 1293,17.126735,76.501727,Active,48211000000074061
Kalaburagi School Cam 1294,17.488003,76.776079,Active,48211000000074056
Kalaburagi Village Junction Cam 1295,17.484195,76.775859,Active,48211000000074056
Kalaburagi Police Station Cam 1296,16.759444,76.629675,Active,48211000000074055
Kalaburagi School Cam 1297,16.759359,76.627643,Active,48211000000074055
Kalaburagi Railway Station Cam 1298,16.755911,76.6342,Active,48211000000074055
Kalaburagi Market Cam 1299,16.756627,76.627245,Active,48211000000074055
Kalaburagi Government Office Cam 1300,16.754524,76.631441,Active,48211000000074055
Kalaburagi Police Station Cam 1301,16.754712,76.627048,Active,48211000000074055
Kalaburagi Police Station Cam 1302,17.364432,76.418994,Active,48211000000074062
Kalaburagi Railway Station Cam 1303,17.365563,76.422875,Active,48211000000074062
Kalaburagi Village Junction Cam 1304,17.369965,76.423463,Active,48211000000074062
Kalaburagi Residential Area Cam 1305,17.369032,76.423582,Active,48211000000074062
Kalaburagi Hospital Cam 1306,17.367834,76.418708,Active,48211000000074062
Kalaburagi Commercial Street Cam 1307,17.369974,76.420699,Active,48211000000074062
Kalaburagi Market Cam 1308,17.538887,76.557098,Active,48211000000074056
Kalaburagi Highway Junction Cam 1309,17.546169,76.557168,Active,48211000000074056
Kalaburagi Police Station Cam 1310,17.54587,76.559974,Active,48211000000074056
Kalaburagi Police Station Cam 1311,17.543793,76.558717,Active,48211000000074056
Kalaburagi Major Town Center Cam 1312,17.459479,77.485787,Active,48211000000074057
Kalaburagi Market Cam 1313,17.466167,77.484535,Active,48211000000074057
Kalaburagi School Cam 1314,17.280161,76.984012,Active,48211000000074058
Kalaburagi Market Cam 1315,17.283362,76.977726,Active,48211000000074058
Kalaburagi Commercial Street Cam 1316,17.277759,76.97668,Active,48211000000074058
Kalaburagi Government Office Cam 1317,17.279974,76.981628,Active,48211000000074058
Kalaburagi Residential Area Cam 1318,17.281159,76.978929,Active,48211000000074058
Kalaburagi Market Cam 1319,17.281331,76.980009,Active,48211000000074058
Kalaburagi School Cam 1320,17.45508,77.236857,Active,48211000000074053
Kalaburagi Railway Station Cam 1321,17.455236,77.235977,Active,48211000000074053
Kalaburagi Railway Station Cam 1322,17.451864,77.237659,Active,48211000000074053
Kalaburagi Major Town Center Cam 1323,17.449902,77.237567,Active,48211000000074053
Kalaburagi Highway Junction Cam 1324,17.007115,76.598557,Active,48211000000074061
Kalaburagi Market Cam 1325,17.007349,76.592397,Active,48211000000074061
Kalaburagi School Cam 1326,17.624437,77.040423,Active,48211000000074059
Kalaburagi Residential Area Cam 1327,17.624575,77.043723,Active,48211000000074059
Kalaburagi Residential Area Cam 1328,17.621815,77.041177,Active,48211000000074059
Kalaburagi Highway Junction Cam 1329,16.823211,76.527814,Active,48211000000074055
Kalaburagi Bus Stand Cam 1330,16.824341,76.521807,Active,48211000000074055
Kalaburagi Police Station Cam 1331,16.823444,76.524604,Active,48211000000074055
Kalaburagi Commercial Street Cam 1332,16.829246,76.522853,Active,48211000000074055
Kalaburagi Highway Junction Cam 1333,17.086597,76.773707,Active,48211000000074058
Kalaburagi School Cam 1334,17.086946,76.773916,Active,48211000000074058
Kalaburagi Residential Area Cam 1335,17.092019,76.774562,Active,48211000000074058
Kalaburagi Police Station Cam 1336,17.616513,76.788015,Active,48211000000074056
Kalaburagi Government Office Cam 1337,17.614246,76.793022,Active,48211000000074056
Kalaburagi Industrial Area Cam 1338,17.609217,76.789721,Active,48211000000074056
Kalaburagi Residential Area Cam 1339,17.613151,76.79299,Active,48211000000074056
Kalaburagi Village Junction Cam 1340,17.616475,76.792099,Active,48211000000074056
Kalaburagi Village Junction Cam 1341,17.087591,76.391754,Active,48211000000074061
Kalaburagi Commercial Street Cam 1342,17.087088,76.392552,Active,48211000000074061
Kalaburagi School Cam 1343,17.252421,76.659128,Active,48211000000074058
Kalaburagi Highway Junction Cam 1344,17.254969,76.660059,Active,48211000000074058
Kalaburagi Police Station Cam 1345,17.256936,76.654682,Active,48211000000074058
Kalaburagi Hospital Cam 1346,17.256852,76.658651,Active,48211000000074058
Kalaburagi Market Cam 1347,17.256408,76.654351,Active,48211000000074058
Kalaburagi Village Junction Cam 1348,17.381185,76.537835,Active,48211000000074062
Kalaburagi Highway Junction Cam 1349,17.384564,76.534857,Active,48211000000074062
Kalaburagi Market Cam 1350,17.384127,76.536826,Active,48211000000074062
Kalaburagi Market Cam 1351,17.386063,76.532645,Active,48211000000074062
Kalaburagi Railway Station Cam 1352,17.649112,76.504562,Active,48211000000074056
Kalaburagi School Cam 1353,17.645979,76.509153,Active,48211000000074056
Kalaburagi Railway Station Cam 1354,17.297955,77.238001,Active,48211000000074053
Kalaburagi School Cam 1355,17.293241,77.239384,Active,48211000000074053
Kalaburagi Commercial Street Cam 1356,17.296155,77.241108,Active,48211000000074053
Kalaburagi School Cam 1357,17.294374,77.238497,Active,48211000000074053
Kalaburagi Industrial Area Cam 1358,17.294184,77.238794,Active,48211000000074053
Kalaburagi Commercial Street Cam 1359,17.292682,77.239972,Active,48211000000074053
Kalaburagi Tourist Point Cam 1360,17.346058,76.251545,Active,48211000000074054
Kalaburagi Industrial Area Cam 1361,17.344815,76.250107,Active,48211000000074054
Kalaburagi Market Cam 1362,17.346945,76.246496,Active,48211000000074054
Kalaburagi Railway Station Cam 1363,17.345949,76.250924,Active,48211000000074054
Kalaburagi Government Office Cam 1364,17.437882,76.340946,Active,48211000000074062
Kalaburagi Commercial Street Cam 1365,17.437882,76.340946,Active,48211000000074062
Kalaburagi Industrial Area Cam 1366,17.4408,76.33851,Active,48211000000074062
Kalaburagi Village Junction Cam 1367,17.441427,76.340107,Active,48211000000074062
Kalaburagi Highway Junction Cam 1368,17.441003,76.342995,Active,48211000000074062
Kalaburagi School Cam 1369,17.256372,77.085134,Active,48211000000074053
Kalaburagi Hospital Cam 1370,17.258603,77.083847,Active,48211000000074053
Kalaburagi Highway Junction Cam 1371,16.792998,76.732124,Active,48211000000074055
Kalaburagi Commercial Street Cam 1372,16.794661,76.733209,Active,48211000000074055
Kalaburagi College Cam 1373,16.789845,76.732724,Active,48211000000074055
Kalaburagi Industrial Area Cam 1374,16.794839,76.731915,Active,48211000000074055
Kalaburagi Bus Stand Cam 1375,16.788664,76.726929,Active,48211000000074055
Kalaburagi Major Town Center Cam 1376,17.053208,77.155803,Active,48211000000074053
Kalaburagi Major Town Center Cam 1377,17.052244,77.15237,Active,48211000000074053
Kalaburagi School Cam 1378,17.050986,77.159926,Active,48211000000074053
Kalaburagi School Cam 1379,17.272345,77.36245,Active,48211000000074053
Kalaburagi Bus Stand Cam 1380,17.272997,77.35695,Active,48211000000074053
Kalaburagi Major Town Center Cam 1381,17.268758,77.360714,Active,48211000000074053
Kalaburagi Residential Area Cam 1382,17.341306,76.724376,Active,48211000000074058
Kalaburagi Market Cam 1383,17.339069,76.723171,Active,48211000000074058
Kalaburagi School Cam 1384,17.337526,76.724429,Active,48211000000074058
Kalaburagi Hospital Cam 1385,17.339849,76.727268,Active,48211000000074058
Kalaburagi Industrial Area Cam 1386,17.361891,77.506366,Active,48211000000074057
Kalaburagi Government Office Cam 1387,17.36565,77.500568,Active,48211000000074057
Kalaburagi Village Junction Cam 1388,17.365178,77.504423,Active,48211000000074057
Kalaburagi Tourist Point Cam 1389,17.362696,77.501945,Active,48211000000074057
Kalaburagi Market Cam 1390,17.366387,77.503287,Active,48211000000074057
Kalaburagi Industrial Area Cam 1391,17.365847,77.499303,Active,48211000000074057
Kalaburagi Bus Stand Cam 1392,17.168928,77.003717,Active,48211000000074058
Kalaburagi Government Office Cam 1393,17.173334,77.005249,Active,48211000000074058
Kalaburagi Railway Station Cam 1394,17.171069,77.007101,Active,48211000000074058
Kalaburagi School Cam 1395,17.171621,77.000893,Active,48211000000074058
Kalaburagi Market Cam 1396,16.885273,76.840353,Active,48211000000074060
Kalaburagi Tourist Point Cam 1397,16.881644,76.844405,Active,48211000000074060
Kalaburagi Village Junction Cam 1398,16.885722,76.840381,Active,48211000000074060
Kalaburagi Hospital Cam 1399,16.884789,76.841856,Active,48211000000074060
Kalaburagi Residential Area Cam 1400,16.88596,76.839945,Active,48211000000074060
Kalaburagi Market Cam 1401,17.093451,77.282219,Active,48211000000074053
Kalaburagi Highway Junction Cam 1402,17.091267,77.279236,Active,48211000000074053
Kalaburagi Commercial Street Cam 1403,16.988662,76.697371,Active,48211000000074055
Kalaburagi Major Town Center Cam 1404,16.985916,76.694067,Active,48211000000074055
Kalaburagi Commercial Street Cam 1405,16.991401,76.695368,Active,48211000000074055
Kalaburagi Market Cam 1406,17.531647,76.653525,Active,48211000000074056
Kalaburagi School Cam 1407,17.529317,76.657108,Active,48211000000074056
Kalaburagi Hospital Cam 1408,17.535983,76.655205,Active,48211000000074056
Kalaburagi Hospital Cam 1409,17.531622,76.659859,Active,48211000000074056
Kalaburagi Commercial Street Cam 1410,17.532669,76.65598,Active,48211000000074056
Kalaburagi Residential Area Cam 1411,17.517194,77.32062,Active,48211000000074059
Kalaburagi Government Office Cam 1412,17.514488,77.32424,Active,48211000000074059
Kalaburagi Bus Stand Cam 1413,17.517498,77.321518,Active,48211000000074059
Kalaburagi Bus Stand Cam 1414,17.516249,77.326847,Active,48211000000074059
Kalaburagi Market Cam 1415,17.511291,77.327542,Active,48211000000074059
Kalaburagi Industrial Area Cam 1416,16.92525,77.045045,Active,48211000000074060
Kalaburagi Major Town Center Cam 1417,16.927561,77.04632,Active,48211000000074060
Kalaburagi Market Cam 1418,17.483951,76.953713,Active,48211000000074059
Kalaburagi Bus Stand Cam 1419,17.488154,76.955677,Active,48211000000074059
Kalaburagi Major Town Center Cam 1420,17.487681,76.956421,Active,48211000000074059
Kalaburagi School Cam 1421,17.486904,76.9587,Active,48211000000074059
Kalaburagi Commercial Street Cam 1422,17.342213,76.844637,Active,48211000000074058
Kalaburagi College Cam 1423,17.343347,76.843872,Active,48211000000074058
Kalaburagi Police Station Cam 1424,17.344325,76.846337,Active,48211000000074058
Kalaburagi Government Office Cam 1425,17.344944,76.84223,Active,48211000000074058
Kalaburagi Market Cam 1426,17.342448,76.845612,Active,48211000000074058
Kalaburagi Residential Area Cam 1427,17.345581,76.83935,Active,48211000000074058
Kalaburagi Village Junction Cam 1428,17.453244,77.143328,Active,48211000000074059
Kalaburagi Market Cam 1429,17.457798,77.147301,Active,48211000000074059
Kalaburagi Residential Area Cam 1430,17.454638,77.143087,Active,48211000000074059
Kalaburagi Village Junction Cam 1431,17.460677,77.146901,Active,48211000000074059
Kalaburagi Police Station Cam 1432,17.455376,77.149698,Active,48211000000074059
Kalaburagi Residential Area Cam 1433,17.459349,77.146946,Active,48211000000074059
Kalaburagi Market Cam 1434,17.364843,76.996538,Active,48211000000074058
Kalaburagi Bus Stand Cam 1435,17.369704,76.9974,Active,48211000000074058
Kalaburagi College Cam 1436,17.369137,76.991287,Active,48211000000074058
Kalaburagi Tourist Point Cam 1437,17.365469,76.990408,Active,48211000000074058
Kalaburagi Government Office Cam 1438,17.268375,76.8951,Active,48211000000074058
Kalaburagi Industrial Area Cam 1439,17.275514,76.897303,Active,48211000000074058
Kalaburagi Village Junction Cam 1440,17.273534,76.892406,Active,48211000000074058
Kalaburagi Major Town Center Cam 1441,17.269295,76.892567,Active,48211000000074058
Kalaburagi Police Station Cam 1442,17.268314,76.893714,Active,48211000000074058
Kalaburagi Village Junction Cam 1443,17.27013,76.895753,Active,48211000000074058
Kalaburagi Police Station Cam 1444,17.539558,77.436257,Active,48211000000074057
Kalaburagi Village Junction Cam 1445,17.540439,77.442391,Active,48211000000074057
Kalaburagi Highway Junction Cam 1446,17.541995,77.435923,Active,48211000000074057
Kalaburagi School Cam 1447,17.536749,77.443206,Active,48211000000074057
Kalaburagi Village Junction Cam 1448,17.539762,77.43966,Active,48211000000074057
Kalaburagi Residential Area Cam 1449,17.615687,76.612327,Active,48211000000074056
Kalaburagi Market Cam 1450,17.613885,76.6095,Active,48211000000074056
Kalaburagi Commercial Street Cam 1451,17.615622,76.611884,Active,48211000000074056
Kalaburagi Hospital Cam 1452,16.946689,77.386437,Active,48211000000074063
Kalaburagi Residential Area Cam 1453,16.950652,77.384606,Active,48211000000074063
Kalaburagi Industrial Area Cam 1454,16.944983,77.385049,Active,48211000000074063
Kalaburagi Police Station Cam 1455,17.201098,76.848009,Active,48211000000074058
Kalaburagi College Cam 1456,17.203601,76.850407,Active,48211000000074058
Kalaburagi Bus Stand Cam 1457,17.201476,76.852833,Active,48211000000074058
Kalaburagi Tourist Point Cam 1458,17.200539,76.845787,Active,48211000000074058
Kalaburagi Government Office Cam 1459,17.201823,76.847804,Active,48211000000074058
Kalaburagi Bus Stand Cam 1460,17.201026,76.848049,Active,48211000000074058
Kalaburagi College Cam 1461,17.277648,76.447256,Active,48211000000074061
Kalaburagi Residential Area Cam 1462,17.276271,76.449062,Active,48211000000074061
Kalaburagi Hospital Cam 1463,17.279845,76.443379,Active,48211000000074061
Kalaburagi Market Cam 1464,17.447138,76.48214,Active,48211000000074062
Kalaburagi Police Station Cam 1465,17.449151,76.485532,Active,48211000000074062
Kalaburagi Railway Station Cam 1466,17.450172,76.482602,Active,48211000000074062
Kalaburagi Commercial Street Cam 1467,17.449655,76.484543,Active,48211000000074062
Kalaburagi Government Office Cam 1468,17.209728,77.201229,Active,48211000000074053
Kalaburagi Hospital Cam 1469,17.211977,77.203299,Active,48211000000074053
Kalaburagi Residential Area Cam 1470,17.207828,77.200846,Active,48211000000074053
Kalaburagi Police Station Cam 1471,17.209466,77.205068,Active,48211000000074053
Kalaburagi Hospital Cam 1472,17.531245,77.219825,Active,48211000000074059
Kalaburagi Highway Junction Cam 1473,17.537207,77.220905,Active,48211000000074059
Kalaburagi Police Station Cam 1474,17.533591,77.218807,Active,48211000000074059
Kalaburagi College Cam 1475,17.531998,77.21931,Active,48211000000074059
Kalaburagi Railway Station Cam 1476,16.9697,77.468015,Active,48211000000074063
Kalaburagi Commercial Street Cam 1477,16.975684,77.473811,Active,48211000000074063
Kalaburagi Government Office Cam 1478,16.970341,77.467561,Active,48211000000074063
Kalaburagi Railway Station Cam 1479,17.392099,77.290998,Active,48211000000074053
Kalaburagi Residential Area Cam 1480,17.394116,77.293484,Active,48211000000074053
Kalaburagi Highway Junction Cam 1481,17.396763,77.296359,Active,48211000000074053
Kalaburagi Highway Junction Cam 1482,16.889798,76.464378,Active,48211000000074055
Kalaburagi Railway Station Cam 1483,16.884263,76.466997,Active,48211000000074055
Kalaburagi Industrial Area Cam 1484,16.8839,76.465072,Active,48211000000074055
Kalaburagi Bus Stand Cam 1485,16.844863,76.617608,Active,48211000000074055
Kalaburagi Railway Station Cam 1486,16.841164,76.621595,Active,48211000000074055
Kalaburagi Market Cam 1487,16.840933,76.618135,Active,48211000000074055
Kalaburagi Village Junction Cam 1488,16.843057,76.620542,Active,48211000000074055
Kalaburagi Residential Area Cam 1489,16.8416,76.620649,Active,48211000000074055
Kalaburagi Bus Stand Cam 1490,16.845001,76.617013,Active,48211000000074055
Kalaburagi College Cam 1491,16.979338,76.910804,Active,48211000000074060
Kalaburagi Highway Junction Cam 1492,16.981278,76.916503,Active,48211000000074060
Kalaburagi College Cam 1493,16.981643,76.909699,Active,48211000000074060
Kalaburagi Bus Stand Cam 1494,16.982742,76.914066,Active,48211000000074060
Kalaburagi Highway Junction Cam 1495,16.97944,76.909594,Active,48211000000074060
Kalaburagi College Cam 1496,16.98218,76.910214,Active,48211000000074060
Kalaburagi Railway Station Cam 1497,17.020635,77.240763,Active,48211000000074063
Kalaburagi Residential Area Cam 1498,17.019614,77.242844,Active,48211000000074063
Kalaburagi Bus Stand Cam 1499,17.019224,77.242608,Active,48211000000074063
Kalaburagi Hospital Cam 1500,17.020364,77.237068,Active,48211000000074063
