CameraName,Latitude,Longitude,Status,UnitId
Mysuru Bus Stand Cam 3001,12.07834,76.807608,Active,48211000000074097
Mysuru Hospital Cam 3002,12.077832,76.808992,Active,48211000000074097
Mysuru Market Cam 3003,12.305468,76.124213,Active,48211000000074096
Mysuru Highway Junction Cam 3004,12.297816,76.119542,Active,48211000000074096
Mysuru Residential Area Cam 3005,12.298184,76.121973,Active,48211000000074096
Mysuru Police Station Cam 3006,12.300654,76.119883,Active,48211000000074096
Mysuru Market Cam 3007,12.30027,76.121893,Active,48211000000074096
Mysuru Railway Station Cam 3008,12.232361,76.624821,Active,48211000000074094
Mysuru Village Junction Cam 3009,12.231241,76.629373,Active,48211000000074094
Mysuru Tourist Point Cam 3010,12.226484,76.628984,Active,48211000000074094
Mysuru Village Junction Cam 3011,12.228727,76.631923,Active,48211000000074094
Mysuru Police Station Cam 3012,12.397614,76.248337,Active,48211000000074096
Mysuru Major Town Center Cam 3013,12.402969,76.246032,Active,48211000000074096
Mysuru Major Town Center Cam 3014,12.396486,76.246665,Active,48211000000074096
Mysuru Market Cam 3015,12.395306,76.251118,Active,48211000000074096
Mysuru School Cam 3016,12.402853,76.249932,Active,48211000000074096
Mysuru Hospital Cam 3017,12.402685,76.247377,Active,48211000000074096
Mysuru Major Town Center Cam 3018,12.014365,76.314783,Active,48211000000074089
Mysuru College Cam 3019,12.014228,76.317382,Active,48211000000074089
Mysuru Bus Stand Cam 3020,12.010347,76.317794,Active,48211000000074089
Mysuru College Cam 3021,12.011828,76.315364,Active,48211000000074089
Mysuru Government Office Cam 3022,12.012506,76.314436,Active,48211000000074089
Mysuru Highway Junction Cam 3023,12.013924,76.317405,Active,48211000000074089
Mysuru Bus Stand Cam 3024,12.250315,76.82364,Active,48211000000074094
Mysuru Police Station Cam 3025,12.249764,76.822526,Active,48211000000074094
Mysuru Residential Area Cam 3026,12.248575,76.817183,Active,48211000000074094
Mysuru Railway Station Cam 3027,12.248864,76.823213,Active,48211000000074094
Mysuru Tourist Point Cam 3028,12.06856,76.548812,Active,48211000000074089
Mysuru School Cam 3029,12.067356,76.547229,Active,48211000000074089
Mysuru Police Station Cam 3030,12.070708,76.550654,Active,48211000000074089
Mysuru Industrial Area Cam 3031,12.068221,76.547853,Active,48211000000074089
Mysuru College Cam 3032,12.469015,76.292653,Active,48211000000074092
Mysuru Government Office Cam 3033,12.465316,76.293781,Active,48211000000074092
Mysuru Bus Stand Cam 3034,12.466849,76.294221,Active,48211000000074092
Mysuru Major Town Center Cam 3035,12.466628,76.292947,Active,48211000000074092
Mysuru Major Town Center Cam 3036,12.465373,76.294513,Active,48211000000074092
Mysuru Industrial Area Cam 3037,12.166039,76.746497,Active,48211000000074094
Mysuru Government Office Cam 3038,12.164007,76.750769,Active,48211000000074094
Mysuru Major Town Center Cam 3039,12.16755,76.74725,Active,48211000000074094
Mysuru School Cam 3040,12.168379,76.752281,Active,48211000000074094
Mysuru Residential Area Cam 3041,12.106332,76.440419,Active,48211000000074089
Mysuru Residential Area Cam 3042,12.105718,76.436578,Active,48211000000074089
Mysuru Police Station Cam 3043,12.274346,76.506999,Active,48211000000074089
Mysuru Village Junction Cam 3044,12.276904,76.506384,Active,48211000000074089
Mysuru Police Station Cam 3045,12.27441,76.505797,Active,48211000000074089
Mysuru Bus Stand Cam 3046,12.27273,76.500277,Active,48211000000074089
Mysuru Highway Junction Cam 3047,12.273445,76.501607,Active,48211000000074089
Mysuru Major Town Center Cam 3048,12.27278,76.505933,Active,48211000000074089
Mysuru Hospital Cam 3049,12.46424,76.126968,Active,48211000000074091
Mysuru College Cam 3050,12.466697,76.127655,Active,48211000000074091
Mysuru Industrial Area Cam 3051,12.464611,76.132376,Active,48211000000074091
Mysuru Village Junction Cam 3052,12.462493,76.133099,Active,48211000000074091
Mysuru Police Station Cam 3053,12.460728,76.129164,Active,48211000000074091
Mysuru Commercial Street Cam 3054,12.314007,76.213867,Active,48211000000074096
Mysuru Industrial Area Cam 3055,12.316661,76.21609,Active,48211000000074096
Mysuru Industrial Area Cam 3056,12.313829,76.217431,Active,48211000000074096
Mysuru Government Office Cam 3057,12.315705,76.211087,Active,48211000000074096
Mysuru Bus Stand Cam 3058,12.310406,76.210206,Active,48211000000074096
Mysuru Railway Station Cam 3059,12.311298,76.216201,Active,48211000000074096
Mysuru Tourist Point Cam 3060,12.127045,76.257379,Active,48211000000074096
Mysuru Police Station Cam 3061,12.126953,76.259044,Active,48211000000074096
Mysuru Major Town Center Cam 3062,12.12711,76.261155,Active,48211000000074096
Mysuru Highway Junction Cam 3063,12.124144,76.2618,Active,48211000000074096
Mysuru Government Office Cam 3064,12.147509,76.327955,Active,48211000000074089
Mysuru Government Office Cam 3065,12.147952,76.326986,Active,48211000000074089
Mysuru College Cam 3066,12.145008,76.32438,Active,48211000000074089
Mysuru Hospital Cam 3067,12.151093,76.326308,Active,48211000000074089
Mysuru School Cam 3068,12.194877,77.009499,Active,48211000000074090
Mysuru Bus Stand Cam 3069,12.201897,77.013033,Active,48211000000074090
Mysuru Market Cam 3070,12.19817,77.010555,Active,48211000000074090
Mysuru Railway Station Cam 3071,12.195854,77.01228,Active,48211000000074090
Mysuru Bus Stand Cam 3072,12.386818,76.385497,Active,48211000000074092
Mysuru Commercial Street Cam 3073,12.388932,76.391575,Active,48211000000074092
Mysuru Government Office Cam 3074,12.388304,76.390788,Active,48211000000074092
Mysuru Industrial Area Cam 3075,12.252102,76.344578,Active,48211000000074096
Mysuru Major Town Center Cam 3076,12.257745,76.343873,Active,48211000000074096
Mysuru Government Office Cam 3077,12.253111,76.34553,Active,48211000000074096
Mysuru Highway Junction Cam 3078,12.252996,76.346742,Active,48211000000074096
Mysuru Major Town Center Cam 3079,12.531242,76.233918,Active,48211000000074092
Mysuru Market Cam 3080,12.533055,76.234056,Active,48211000000074092
Mysuru Bus Stand Cam 3081,12.52914,76.236357,Active,48211000000074092
Mysuru Village Junction Cam 3082,12.531852,76.232081,Active,48211000000074092
Mysuru Residential Area Cam 3083,12.534811,76.237905,Active,48211000000074092
Mysuru Hospital Cam 3084,12.5286,76.233067,Active,48211000000074092
Mysuru Hospital Cam 3085,12.460265,76.403395,Active,48211000000074092
Mysuru Commercial Street Cam 3086,12.461812,76.403275,Active,48211000000074092
Mysuru Village Junction Cam 3087,12.173222,76.68073,Active,48211000000074094
Mysuru Commercial Street Cam 3088,12.171092,76.681008,Active,48211000000074094
Mysuru Market Cam 3089,12.172458,76.68208,Active,48211000000074094
Mysuru Village Junction Cam 3090,12.173442,76.677375,Active,48211000000074094
Mysuru College Cam 3091,12.168185,76.6792,Active,48211000000074094
Mysuru Police Station Cam 3092,11.897638,76.283004,Active,48211000000074093
Mysuru Residential Area Cam 3093,11.8976,76.285666,Active,48211000000074093
Mysuru Market Cam 3094,11.817557,76.258504,Active,48211000000074093
Mysuru Village Junction Cam 3095,11.816336,76.252136,Active,48211000000074093
Mysuru College Cam 3096,11.815587,76.253105,Active,48211000000074093
Mysuru School Cam 3097,11.814347,76.254292,Active,48211000000074093
Mysuru Major Town Center Cam 3098,11.818113,76.257101,Active,48211000000074093
Mysuru College Cam 3099,11.812813,76.252809,Active,48211000000074093
Mysuru Industrial Area Cam 3100,12.043755,76.763645,Active,48211000000074097
Mysuru Village Junction Cam 3101,12.045682,76.762846,Active,48211000000074097
Mysuru Village Junction Cam 3102,12.043827,76.763749,Active,48211000000074097
Mysuru College Cam 3103,12.042878,76.764784,Active,48211000000074097
Mysuru Railway Station Cam 3104,12.619539,76.26651,Active,48211000000074092
Mysuru Major Town Center Cam 3105,12.615595,76.262793,Active,48211000000074092
Mysuru Government Office Cam 3106,12.614227,76.267627,Active,48211000000074092
Mysuru Village Junction Cam 3107,12.619053,76.262925,Active,48211000000074092
Mysuru Highway Junction Cam 3108,12.118587,76.655449,Active,48211000000074094
Mysuru School Cam 3109,12.12385,76.65452,Active,48211000000074094
Mysuru Major Town Center Cam 3110,12.121658,76.658805,Active,48211000000074094
Mysuru Residential Area Cam 3111,12.117893,76.660382,Active,48211000000074094
Mysuru Railway Station Cam 3112,12.121009,76.655128,Active,48211000000074094
Mysuru School Cam 3113,12.309231,76.713428,Active,48211000000074094
Mysuru Market Cam 3114,12.310157,76.71398,Active,48211000000074094
Mysuru Bus Stand Cam 3115,12.235943,76.080073,Active,48211000000074096
Mysuru Police Station Cam 3116,12.236027,76.084572,Active,48211000000074096
Mysuru Railway Station Cam 3117,11.954757,76.474303,Active,48211000000074089
Mysuru Market Cam 3118,11.956328,76.473826,Active,48211000000074089
Mysuru School Cam 3119,11.955234,76.477886,Active,48211000000074089
Mysuru Bus Stand Cam 3120,11.956226,76.477475,Active,48211000000074089
Mysuru Police Station Cam 3121,12.312912,76.000894,Active,48211000000074091
Mysuru Highway Junction Cam 3122,12.311109,76.001536,Active,48211000000074091
Mysuru Government Office Cam 3123,12.315301,76.005977,Active,48211000000074091
Mysuru Village Junction Cam 3124,12.52397,76.374039,Active,48211000000074092
Mysuru Government Office Cam 3125,12.524948,76.376206,Active,48211000000074092
Mysuru Tourist Point Cam 3126,12.523,76.377726,Active,48211000000074092
Mysuru Tourist Point Cam 3127,12.521545,76.37481,Active,48211000000074092
Mysuru Commercial Street Cam 3128,11.852337,76.12677,Active,48211000000074093
Mysuru Police Station Cam 3129,11.851718,76.125263,Active,48211000000074093
Mysuru Railway Station Cam 3130,11.854709,76.123573,Active,48211000000074093
Mysuru Commercial Street Cam 3131,11.853932,76.127692,Active,48211000000074093
Mysuru Village Junction Cam 3132,11.851718,76.125263,Active,48211000000074093
Mysuru School Cam 3133,12.17593,76.93602,Active,48211000000074097
Mysuru Industrial Area Cam 3134,12.172844,76.929413,Active,48211000000074097
Mysuru Government Office Cam 3135,12.171536,76.934736,Active,48211000000074097
Mysuru Major Town Center Cam 3136,12.171602,76.9297,Active,48211000000074097
Mysuru Highway Junction Cam 3137,12.199487,76.22784,Active,48211000000074096
Mysuru Market Cam 3138,12.199286,76.230637,Active,48211000000074096
Mysuru Residential Area Cam 3139,12.200866,76.223703,Active,48211000000074096
Mysuru Police Station Cam 3140,11.88617,76.164192,Active,48211000000074093
Mysuru Hospital Cam 3141,11.882373,76.167609,Active,48211000000074093
Mysuru School Cam 3142,11.887468,76.167487,Active,48211000000074093
Mysuru Railway Station Cam 3143,11.887742,76.162682,Active,48211000000074093
Mysuru Village Junction Cam 3144,11.884141,76.168509,Active,48211000000074093
Mysuru Market Cam 3145,11.881198,76.165859,Active,48211000000074093
Mysuru Highway Junction Cam 3146,12.364452,76.290919,Active,48211000000074096
Mysuru Hospital Cam 3147,12.364425,76.292624,Active,48211000000074096
Mysuru Government Office Cam 3148,12.365936,76.288128,Active,48211000000074096
Mysuru Police Station Cam 3149,11.738458,76.352234,Active,48211000000074095
Mysuru College Cam 3150,11.739296,76.348466,Active,48211000000074095
Mysuru Highway Junction Cam 3151,11.738458,76.352234,Active,48211000000074095
Mysuru School Cam 3152,12.317688,76.536045,Active,48211000000074094
Mysuru Commercial Street Cam 3153,12.319356,76.534498,Active,48211000000074094
Mysuru College Cam 3154,12.318668,76.53667,Active,48211000000074094
Mysuru Police Station Cam 3155,12.429854,76.190206,Active,48211000000074096
Mysuru Commercial Street Cam 3156,12.43007,76.185066,Active,48211000000074096
Mysuru Government Office Cam 3157,12.42919,76.186667,Active,48211000000074096
Mysuru Highway Junction Cam 3158,12.42804,76.189169,Active,48211000000074096
Mysuru Major Town Center Cam 3159,12.337863,76.081597,Active,48211000000074096
Mysuru Police Station Cam 3160,12.343776,76.081671,Active,48211000000074096
Mysuru Industrial Area Cam 3161,12.34141,76.08269,Active,48211000000074096
Mysuru School Cam 3162,12.339153,76.081818,Active,48211000000074096
Mysuru Industrial Area Cam 3163,12.091314,76.60034,Active,48211000000074089
Mysuru Major Town Center Cam 3164,12.090939,76.599863,Active,48211000000074089
Mysuru Major Town Center Cam 3165,12.087809,76.597582,Active,48211000000074089
Mysuru Industrial Area Cam 3166,12.093446,76.598782,Active,48211000000074089
Mysuru Village Junction Cam 3167,12.087272,76.594294,Active,48211000000074089
Mysuru Residential Area Cam 3168,12.094329,76.597368,Active,48211000000074089
Mysuru Highway Junction Cam 3169,12.504426,76.045378,Active,48211000000074091
Mysuru Village Junction Cam 3170,12.500929,76.040752,Active,48211000000074091
Mysuru Commercial Street Cam 3171,12.392173,76.008024,Active,48211000000074091
Mysuru Industrial Area Cam 3172,12.394452,76.003822,Active,48211000000074091
Mysuru Highway Junction Cam 3173,12.09614,76.49218,Active,48211000000074089
Mysuru Highway Junction Cam 3174,12.094915,76.494776,Active,48211000000074089
Mysuru Major Town Center Cam 3175,12.0895,76.489493,Active,48211000000074089
Mysuru College Cam 3176,12.095376,76.489793,Active,48211000000074089
Mysuru Government Office Cam 3177,12.09279,76.492217,Active,48211000000074089
Mysuru Highway Junction Cam 3178,12.091578,76.49234,Active,48211000000074089
Mysuru Commercial Street Cam 3179,12.273247,76.178704,Active,48211000000074096
Mysuru Police Station Cam 3180,12.277035,76.185007,Active,48211000000074096
Mysuru Tourist Point Cam 3181,12.273151,76.182743,Active,48211000000074096
Mysuru Railway Station Cam 3182,12.274099,76.184718,Active,48211000000074096
Mysuru Railway Station Cam 3183,12.278914,76.183669,Active,48211000000074096
Mysuru Railway Station Cam 3184,12.274962,76.183112,Active,48211000000074096
Mysuru Government Office Cam 3185,12.376414,76.341289,Active,48211000000074092
Mysuru Village Junction Cam 3186,12.373876,76.338047,Active,48211000000074092
Mysuru Village Junction Cam 3187,12.373974,76.340166,Active,48211000000074092
Mysuru Village Junction Cam 3188,12.372339,76.337183,Active,48211000000074092
Mysuru Commercial Street Cam 3189,12.37541,76.339835,Active,48211000000074092
Mysuru School Cam 3190,12.370699,76.34164,Active,48211000000074092
Mysuru Residential Area Cam 3191,12.244356,76.296353,Active,48211000000074096
Mysuru Market Cam 3192,12.244536,76.292182,Active,48211000000074096
Mysuru School Cam 3193,12.243249,76.291536,Active,48211000000074096
Mysuru Highway Junction Cam 3194,12.240489,76.296023,Active,48211000000074096
Mysuru Highway Junction Cam 3195,12.240833,76.294395,Active,48211000000074096
Bagalkot School Cam 3196,16.129899,76.067378,Active,48211000000072937
Bagalkot Industrial Area Cam 3197,16.135657,76.065562,Active,48211000000072937
Bagalkot Highway Junction Cam 3198,16.455995,75.039495,Active,48211000000072936
Bagalkot Industrial Area Cam 3199,16.455011,75.038846,Active,48211000000072936
Bagalkot Police Station Cam 3200,16.454981,75.038812,Active,48211000000072936
Bagalkot Major Town Center Cam 3201,15.925705,75.43156,Active,48211000000072933
Bagalkot Highway Junction Cam 3202,15.928776,75.434512,Active,48211000000072933
Bagalkot Government Office Cam 3203,15.928658,75.437243,Active,48211000000072933
Bagalkot Hospital Cam 3204,15.928226,75.435735,Active,48211000000072933
Bagalkot Commercial Street Cam 3205,16.441177,75.623669,Active,48211000000072938
Bagalkot Railway Station Cam 3206,16.440578,75.627062,Active,48211000000072938
Bagalkot Market Cam 3207,16.435934,75.628515,Active,48211000000072938
Bagalkot College Cam 3208,16.739169,75.366589,Active,48211000000072935
Bagalkot Major Town Center Cam 3209,16.738621,75.365572,Active,48211000000072935
Bagalkot Village Junction Cam 3210,15.854575,75.779577,Active,48211000000072939
Bagalkot Residential Area Cam 3211,16.29092,75.310763,Active,48211000000072940
Bagalkot Bus Stand Cam 3212,16.284696,75.315562,Active,48211000000072940
Bagalkot Industrial Area Cam 3213,16.28429,75.313472,Active,48211000000072940
Bagalkot Industrial Area Cam 3214,16.283618,75.311612,Active,48211000000072940
Bagalkot Bus Stand Cam 3215,16.135766,75.667422,Active,48211000000072933
Bagalkot Commercial Street Cam 3216,16.139237,75.66515,Active,48211000000072933
Bagalkot School Cam 3217,16.138793,75.669611,Active,48211000000072933
Bagalkot Highway Junction Cam 3218,15.960488,76.30334,Active,48211000000072934
Bagalkot Major Town Center Cam 3219,15.956127,76.302273,Active,48211000000072934
Bagalkot Market Cam 3220,16.308979,75.8722,Active,48211000000072937
Bagalkot Highway Junction Cam 3221,16.308817,75.873332,Active,48211000000072937
Bagalkot Highway Junction Cam 3222,16.303008,75.873719,Active,48211000000072937
Bagalkot Highway Junction Cam 3223,16.302644,75.875296,Active,48211000000072937
Bagalkot Major Town Center Cam 3224,16.530307,75.257448,Active,48211000000072941
Bagalkot Hospital Cam 3225,16.529467,75.25868,Active,48211000000072941
Bagalkot Highway Junction Cam 3226,15.921764,76.076708,Active,48211000000072939
Bagalkot Commercial Street Cam 3227,16.047201,75.861237,Active,48211000000072939
Bagalkot Hospital Cam 3228,16.050489,75.855835,Active,48211000000072939
Bagalkot Village Junction Cam 3229,16.533395,75.464362,Active,48211000000072941
Bagalkot Railway Station Cam 3230,16.537075,75.464772,Active,48211000000072941
Bagalkot Bus Stand Cam 3231,16.534806,75.45969,Active,48211000000072941
Bagalkot Bus Stand Cam 3232,16.209938,75.488771,Active,48211000000072933
Bagalkot Market Cam 3233,16.287019,75.130028,Active,48211000000072936
Bagalkot Commercial Street Cam 3234,16.287019,75.130028,Active,48211000000072936
Bagalkot Residential Area Cam 3235,16.29034,75.131942,Active,48211000000072936
Bagalkot Market Cam 3236,16.287019,75.130028,Active,48211000000072936
Bagalkot Industrial Area Cam 3237,15.939474,75.6151,Active,48211000000072933
Bagalkot Major Town Center Cam 3238,16.370459,75.467409,Active,48211000000072941
Bagalkot Major Town Center Cam 3239,16.368482,75.467427,Active,48211000000072941
Bagalkot Railway Station Cam 3240,16.371778,75.464896,Active,48211000000072941
Bagalkot Industrial Area Cam 3241,16.370145,75.468723,Active,48211000000072941
Bagalkot College Cam 3242,16.117057,76.228364,Active,48211000000072934
Bagalkot Village Junction Cam 3243,16.115419,76.226751,Active,48211000000072934
Bagalkot Hospital Cam 3244,16.117974,76.229667,Active,48211000000072934
Bagalkot Bus Stand Cam 3245,16.120534,76.225087,Active,48211000000072934
Bagalkot Residential Area Cam 3246,16.132852,75.306039,Active,48211000000072940
Bagalkot Residential Area Cam 3247,16.130598,75.301803,Active,48211000000072940
Bagalkot Village Junction Cam 3248,16.133249,75.304914,Active,48211000000072940
Bagalkot Bus Stand Cam 3249,16.294084,76.027832,Active,48211000000072937
Bagalkot Tourist Point Cam 3250,16.28992,75.657952,Active,48211000000072938
Bagalkot Highway Junction Cam 3251,15.882206,75.944006,Active,48211000000072939
Bagalkot Commercial Street Cam 3252,15.882081,75.941111,Active,48211000000072939
Bagalkot Market Cam 3253,15.881056,75.947118,Active,48211000000072939
Bagalkot Commercial Street Cam 3254,15.88301,75.940518,Active,48211000000072939
Bagalkot School Cam 3255,16.420665,75.167801,Active,48211000000072936
Bagalkot Village Junction Cam 3256,16.417823,75.160921,Active,48211000000072936
Bagalkot Police Station Cam 3257,16.416985,75.167614,Active,48211000000072936
Bagalkot Tourist Point Cam 3258,16.422391,75.16709,Active,48211000000072936
Bagalkot College Cam 3259,16.0565,75.444042,Active,48211000000072933
Bagalkot Market Cam 3260,15.980581,75.750586,Active,48211000000072933
Bagalkot Major Town Center Cam 3261,15.981266,75.751474,Active,48211000000072933
Bagalkot Industrial Area Cam 3262,15.979696,75.749858,Active,48211000000072933
Bagalkot Market Cam 3263,16.733652,75.490338,Active,48211000000072935
Bagalkot Government Office Cam 3264,16.733861,75.487111,Active,48211000000072935
Bagalkot Police Station Cam 3265,16.729922,75.490006,Active,48211000000072935
Bagalkot Market Cam 3266,16.162679,75.838229,Active,48211000000072937
Bagalkot Village Junction Cam 3267,16.159729,75.839084,Active,48211000000072937
Bagalkot Residential Area Cam 3268,16.161786,75.832789,Active,48211000000072937
Bagalkot Bus Stand Cam 3269,16.416655,75.354328,Active,48211000000072941
Bagalkot Government Office Cam 3270,16.41658,75.362033,Active,48211000000072941
Bagalkot Village Junction Cam 3271,16.410276,75.358325,Active,48211000000072941
Bagalkot Market Cam 3272,16.41633,75.360714,Active,48211000000072941
Bagalkot Market Cam 3273,16.137343,75.953562,Active,48211000000072937
Bagalkot Village Junction Cam 3274,16.134183,75.950785,Active,48211000000072937
Bagalkot Commercial Street Cam 3275,16.133084,75.947948,Active,48211000000072937
Bagalkot Highway Junction Cam 3276,16.133537,75.949544,Active,48211000000072937
Bagalkot Major Town Center Cam 3277,15.99287,76.195317,Active,48211000000072934
Bagalkot Village Junction Cam 3278,15.993645,76.198297,Active,48211000000072934
Bagalkot Major Town Center Cam 3279,15.854334,75.538829,Active,48211000000072933
Bagalkot Commercial Street Cam 3280,15.856709,75.542591,Active,48211000000072933
Bagalkot Major Town Center Cam 3281,15.858856,75.539457,Active,48211000000072933
Bagalkot School Cam 3282,16.368828,75.734342,Active,48211000000072938
Bagalkot College Cam 3283,16.372341,75.738216,Active,48211000000072938
Bagalkot School Cam 3284,16.365826,75.736858,Active,48211000000072938
Bagalkot Residential Area Cam 3285,15.843816,75.666645,Active,48211000000072933
Bagalkot Hospital Cam 3286,16.028847,76.030419,Active,48211000000072939
Bagalkot Industrial Area Cam 3287,16.035235,76.031272,Active,48211000000072939
Bagalkot Residential Area Cam 3288,16.302507,75.547228,Active,48211000000072938
Bagalkot School Cam 3289,16.193918,75.388105,Active,48211000000072940
Bagalkot Major Town Center Cam 3290,16.220337,75.236533,Active,48211000000072940
Bagalkot Bus Stand Cam 3291,16.221817,75.23748,Active,48211000000072940
Bagalkot Railway Station Cam 3292,16.216223,75.239457,Active,48211000000072940
Bagalkot Market Cam 3293,16.336232,75.040303,Active,48211000000072936
Bagalkot Commercial Street Cam 3294,16.344614,75.230378,Active,48211000000072936
Bagalkot Hospital Cam 3295,16.194153,75.745302,Active,48211000000072933
Bagalkot Village Junction Cam 3296,16.192546,75.751216,Active,48211000000072933
Bagalkot College Cam 3297,16.194413,75.749979,Active,48211000000072933
Bagalkot Major Town Center Cam 3298,16.522039,75.097495,Active,48211000000072936
Bagalkot Commercial Street Cam 3299,16.523518,75.095973,Active,48211000000072936
Bagalkot Tourist Point Cam 3300,16.520256,75.098889,Active,48211000000072936
Bagalkot Village Junction Cam 3301,16.519324,75.102189,Active,48211000000072936
Bagalkot Village Junction Cam 3302,16.587093,75.335285,Active,48211000000072941
Bagalkot College Cam 3303,16.583835,75.334144,Active,48211000000072941
Bagalkot Hospital Cam 3304,16.584464,75.335056,Active,48211000000072941
Bagalkot Hospital Cam 3305,16.293064,75.785913,Active,48211000000072938
Bagalkot Market Cam 3306,16.29127,75.792177,Active,48211000000072938
Bagalkot School Cam 3307,16.290267,75.78859,Active,48211000000072938
Bagalkot Highway Junction Cam 3308,16.21744,75.605896,Active,48211000000072933
Bagalkot Bus Stand Cam 3309,16.111666,75.763254,Active,48211000000072933
Bagalkot Market Cam 3310,16.107672,75.769238,Active,48211000000072933
Bagalkot Commercial Street Cam 3311,16.19501,76.013938,Active,48211000000072937
Bagalkot Government Office Cam 3312,16.202257,76.007276,Active,48211000000072937
Bagalkot School Cam 3313,16.198378,76.010579,Active,48211000000072937
Bagalkot Major Town Center Cam 3314,16.658022,75.394226,Active,48211000000072935
Bagalkot Government Office Cam 3315,16.659699,75.396453,Active,48211000000072935
Bagalkot Highway Junction Cam 3316,16.660466,75.395708,Active,48211000000072935
Bagalkot Highway Junction Cam 3317,16.65999,75.397563,Active,48211000000072935
Bagalkot Village Junction Cam 3318,16.685011,75.303129,Active,48211000000072935
Bagalkot Residential Area Cam 3319,16.689003,75.302756,Active,48211000000072935
Bagalkot Highway Junction Cam 3320,15.97552,75.973922,Active,48211000000072939
Bagalkot Bus Stand Cam 3321,15.975275,75.96763,Active,48211000000072939
Bagalkot Hospital Cam 3322,15.973047,75.971546,Active,48211000000072939
Bagalkot Residential Area Cam 3323,16.449061,75.285109,Active,48211000000072941
Bagalkot School Cam 3324,16.454274,75.279172,Active,48211000000072941
Bagalkot Hospital Cam 3325,16.450211,75.27907,Active,48211000000072941
Bagalkot School Cam 3326,16.450568,75.281283,Active,48211000000072941
Bagalkot Commercial Street Cam 3327,16.127826,75.490834,Active,48211000000072933
Bagalkot Police Station Cam 3328,16.128745,75.489897,Active,48211000000072933
Bagalkot Bus Stand Cam 3329,16.456643,75.431891,Active,48211000000072941
Bagalkot College Cam 3330,16.460058,75.43066,Active,48211000000072941
Bagalkot Village Junction Cam 3331,16.463195,75.431738,Active,48211000000072941
Bagalkot Market Cam 3332,16.457565,75.432645,Active,48211000000072941
Bagalkot Police Station Cam 3333,16.12744,76.149502,Active,48211000000072937
Bagalkot College Cam 3334,16.129445,76.142584,Active,48211000000072937
Bagalkot Bus Stand Cam 3335,16.130263,76.143515,Active,48211000000072937
Bagalkot Village Junction Cam 3336,15.915262,75.690544,Active,48211000000072933
Bagalkot Police Station Cam 3337,15.914792,75.696359,Active,48211000000072933
Bidar Government Office Cam 3338,17.730627,76.977736,Active,48211000000072978
Bidar Tourist Point Cam 3339,17.727593,76.974133,Active,48211000000072978
Bidar Tourist Point Cam 3340,18.242065,77.56811,Active,48211000000072976
Bidar Hospital Cam 3341,18.240628,77.570322,Active,48211000000072976
Bidar College Cam 3342,17.730555,77.476528,Active,48211000000072977
Bidar Bus Stand Cam 3343,17.733476,77.479185,Active,48211000000072977
Bidar Industrial Area Cam 3344,18.180345,77.043622,Active,48211000000072974
Bidar Tourist Point Cam 3345,18.179904,77.044443,Active,48211000000072974
Bidar Hospital Cam 3346,18.180345,77.043622,Active,48211000000072974
Bidar Village Junction Cam 3347,18.180525,77.042636,Active,48211000000072974
Bidar Market Cam 3348,18.423471,77.301382,Active,48211000000072975
Bidar Railway Station Cam 3349,18.012682,77.340853,Active,48211000000072971
Bidar College Cam 3350,17.644702,76.716444,Active,48211000000072972
Bidar School Cam 3351,17.64913,76.712735,Active,48211000000072972
Bidar Market Cam 3352,17.644557,76.714629,Active,48211000000072972
Bidar Residential Area Cam 3353,17.64265,76.715767,Active,48211000000072972
Bidar Market Cam 3354,17.964369,77.620674,Active,48211000000072977
Bidar Hospital Cam 3355,17.967709,77.619623,Active,48211000000072977
Bidar Highway Junction Cam 3356,17.965647,77.618964,Active,48211000000072977
Bidar Village Junction Cam 3357,17.76571,77.242439,Active,48211000000072973
Bidar College Cam 3358,17.771081,77.236809,Active,48211000000072973
Bidar School Cam 3359,17.765696,77.236325,Active,48211000000072973
Bidar Highway Junction Cam 3360,17.939816,77.063118,Active,48211000000072974
Bidar Market Cam 3361,17.945644,77.067317,Active,48211000000072974
Bidar Commercial Street Cam 3362,17.866604,76.746393,Active,48211000000072972
Bidar Bus Stand Cam 3363,17.868977,76.743274,Active,48211000000072972
Bidar Hospital Cam 3364,18.206387,77.283449,Active,48211000000072971
Bidar Highway Junction Cam 3365,17.613785,77.328688,Active,48211000000072973
Bidar Railway Station Cam 3366,17.612183,77.326076,Active,48211000000072973
Bidar Bus Stand Cam 3367,17.856473,77.371298,Active,48211000000072977
Bidar Bus Stand Cam 3368,18.051805,76.952307,Active,48211000000072974
Bidar College Cam 3369,18.051805,76.952307,Active,48211000000072974
Bidar Major Town Center Cam 3370,18.051593,76.954413,Active,48211000000072974
Bidar Major Town Center Cam 3371,18.048648,76.951404,Active,48211000000072974
Bidar Government Office Cam 3372,18.145809,77.429251,Active,48211000000072971
Bidar Government Office Cam 3373,18.147139,77.429498,Active,48211000000072971
Bidar School Cam 3374,18.14177,77.43294,Active,48211000000072971
Bidar Highway Junction Cam 3375,18.147934,77.427628,Active,48211000000072971
Bidar Railway Station Cam 3376,18.055694,77.164597,Active,48211000000072971
Bidar Market Cam 3377,18.05636,77.170075,Active,48211000000072971
Bidar College Cam 3378,18.059556,77.164951,Active,48211000000072971
Bidar Bus Stand Cam 3379,18.300032,77.401257,Active,48211000000072975
Bidar Police Station Cam 3380,17.882855,76.884806,Active,48211000000072974
Bidar Market Cam 3381,17.882437,76.884527,Active,48211000000072974
Bidar Highway Junction Cam 3382,17.884525,76.881093,Active,48211000000072974
Bidar College Cam 3383,17.928035,77.222789,Active,48211000000072971
Bidar Major Town Center Cam 3384,17.928531,77.218971,Active,48211000000072971
Bidar Railway Station Cam 3385,17.931268,77.218628,Active,48211000000072971
Bidar Police Station Cam 3386,17.929039,77.215096,Active,48211000000072971
Bidar Village Junction Cam 3387,17.704074,76.840828,Active,48211000000072972
Bidar College Cam 3388,17.707016,76.836454,Active,48211000000072972
Bidar Police Station Cam 3389,17.705388,76.836789,Active,48211000000072972
Bidar Hospital Cam 3390,17.851862,77.540928,Active,48211000000072977
Bidar School Cam 3391,18.08771,77.576439,Active,48211000000072976
Bidar Hospital Cam 3392,18.095092,77.573103,Active,48211000000072976
Bidar Village Junction Cam 3393,18.09104,77.572453,Active,48211000000072976
Bidar School Cam 3394,18.09484,77.573922,Active,48211000000072976
Bidar College Cam 3395,17.804651,77.08728,Active,48211000000072978
Bidar School Cam 3396,17.805526,77.084159,Active,48211000000072978
Bidar Residential Area Cam 3397,17.804465,77.08368,Active,48211000000072978
Bidar Hospital Cam 3398,17.803747,77.083656,Active,48211000000072978
Bidar Bus Stand Cam 3399,18.009129,77.464981,Active,48211000000072977
Bidar Residential Area Cam 3400,18.003403,77.466407,Active,48211000000072977
Bidar Market Cam 3401,18.008108,77.46472,Active,48211000000072977
Bidar Railway Station Cam 3402,18.008204,77.464183,Active,48211000000072977
Bidar Tourist Point Cam 3403,18.324302,77.227472,Active,48211000000072975
Bidar Police Station Cam 3404,17.700111,77.134559,Active,48211000000072978
Bidar Highway Junction Cam 3405,17.70047,77.135105,Active,48211000000072978
Bidar Market Cam 3406,17.699995,77.137707,Active,48211000000072978
Bidar Government Office Cam 3407,17.626208,76.932654,Active,48211000000072978
Bidar Industrial Area Cam 3408,17.629383,76.928231,Active,48211000000072978
Bidar Market Cam 3409,17.628644,76.926884,Active,48211000000072978
Bidar Hospital Cam 3410,17.722983,77.336304,Active,48211000000072973
Bidar Commercial Street Cam 3411,17.720867,77.339515,Active,48211000000072973
Bidar Police Station Cam 3412,17.724296,77.33932,Active,48211000000072973
Bidar Railway Station Cam 3413,17.723845,77.339507,Active,48211000000072973
Bidar Residential Area Cam 3414,18.173813,77.183552,Active,48211000000072971
Bidar Village Junction Cam 3415,18.168545,77.185105,Active,48211000000072971
Bidar Village Junction Cam 3416,18.171212,77.188942,Active,48211000000072971
Bidar Highway Junction Cam 3417,18.173536,77.183163,Active,48211000000072971
Bidar Hospital Cam 3418,18.062266,77.065067,Active,48211000000072974
Bidar Commercial Street Cam 3419,17.779735,76.721415,Active,48211000000072972
Bidar Hospital Cam 3420,17.627488,77.421662,Active,48211000000072973
Bidar Market Cam 3421,17.62375,77.417543,Active,48211000000072973
Bidar Market Cam 3422,17.629048,77.416403,Active,48211000000072973
Bidar Village Junction Cam 3423,17.864928,77.160226,Active,48211000000072978
Bidar Government Office Cam 3424,17.858515,77.159858,Active,48211000000072978
Bidar Major Town Center Cam 3425,17.857808,77.153847,Active,48211000000072978
Bidar College Cam 3426,17.762863,77.562555,Active,48211000000072977
Bidar Commercial Street Cam 3427,17.757441,77.562319,Active,48211000000072977
Bidar Tourist Point Cam 3428,17.757586,77.564852,Active,48211000000072977
Bidar Police Station Cam 3429,17.762223,77.557549,Active,48211000000072977
Bidar Market Cam 3430,17.941937,77.413146,Active,48211000000072971
Bidar College Cam 3431,17.941852,77.410809,Active,48211000000072971
Bidar Major Town Center Cam 3432,17.936252,77.417649,Active,48211000000072971
Bidar Market Cam 3433,17.942014,77.414942,Active,48211000000072971
Bidar Market Cam 3434,17.786338,76.913145,Active,48211000000072978
Bidar School Cam 3435,17.780273,76.912008,Active,48211000000072978
Bidar Government Office Cam 3436,17.78661,76.909266,Active,48211000000072978
Bidar Government Office Cam 3437,17.845348,77.244879,Active,48211000000072971
Bidar Residential Area Cam 3438,17.849525,77.244362,Active,48211000000072971
Bidar Railway Station Cam 3439,17.851391,77.247041,Active,48211000000072971
Bidar Commercial Street Cam 3440,18.346847,77.328362,Active,48211000000072975
Bidar Tourist Point Cam 3441,18.351047,77.325024,Active,48211000000072975
Bidar Hospital Cam 3442,18.351817,77.328262,Active,48211000000072975
Bidar Commercial Street Cam 3443,18.347116,77.330784,Active,48211000000072975
Bidar Market Cam 3444,17.774804,76.79824,Active,48211000000072972
Bidar Government Office Cam 3445,17.778501,76.803964,Active,48211000000072972
Bidar Highway Junction Cam 3446,17.928238,76.949905,Active,48211000000072974
Bidar Highway Junction Cam 3447,17.924624,76.948157,Active,48211000000072974
Bidar Hospital Cam 3448,17.925323,76.953138,Active,48211000000072974
Bidar Hospital Cam 3449,17.934265,77.33162,Active,48211000000072971
Bidar Police Station Cam 3450,17.936216,77.32558,Active,48211000000072971
Bidar Village Junction Cam 3451,17.933403,77.329939,Active,48211000000072971
Bidar Market Cam 3452,17.931748,77.330396,Active,48211000000072971
Bidar College Cam 3453,17.971082,77.148779,Active,48211000000072971
Bidar Residential Area Cam 3454,17.966811,77.154726,Active,48211000000072971
Bidar Commercial Street Cam 3455,17.96735,77.149766,Active,48211000000072971
Bidar College Cam 3456,18.062405,77.2797,Active,48211000000072971
Bidar Village Junction Cam 3457,18.065035,77.278702,Active,48211000000072971
Bidar Highway Junction Cam 3458,18.063309,77.279379,Active,48211000000072971
Bidar Police Station Cam 3459,18.057246,77.276899,Active,48211000000072971
Bidar Market Cam 3460,17.809189,77.480003,Active,48211000000072977
Bidar Village Junction Cam 3461,17.806276,77.478725,Active,48211000000072977
Bidar Highway Junction Cam 3462,17.808127,77.476084,Active,48211000000072977
Bidar Village Junction Cam 3463,17.805314,77.480072,Active,48211000000072977
Bidar Bus Stand Cam 3464,18.132259,77.318716,Active,48211000000072971
Bidar Market Cam 3465,18.136162,77.311174,Active,48211000000072971
Bidar Government Office Cam 3466,18.229062,77.368068,Active,48211000000072971
Bidar College Cam 3467,18.225018,77.375179,Active,48211000000072971
Bidar Highway Junction Cam 3468,18.23133,77.368647,Active,48211000000072971
Bidar Highway Junction Cam 3469,18.227803,77.368022,Active,48211000000072971
Bidar School Cam 3470,17.713692,76.75855,Active,48211000000072972
Bidar Commercial Street Cam 3471,17.713779,76.756799,Active,48211000000072972
Bidar Hospital Cam 3472,17.71121,76.757013,Active,48211000000072972
Bidar Industrial Area Cam 3473,17.701161,77.047056,Active,48211000000072978
Bidar Village Junction Cam 3474,17.790785,77.400532,Active,48211000000072977
Bidar Market Cam 3475,17.789833,77.401817,Active,48211000000072977
Bidar Major Town Center Cam 3476,17.7035,77.412169,Active,48211000000072973
Bidar Hospital Cam 3477,17.699647,77.408892,Active,48211000000072973
Bidar School Cam 3478,17.808479,77.32395,Active,48211000000072973
Bidar Railway Station Cam 3479,17.882445,77.451442,Active,48211000000072977
Bidar Market Cam 3480,17.884011,77.457491,Active,48211000000072977
Bidar Commercial Street Cam 3481,18.072566,77.364242,Active,48211000000072971
Bidar Market Cam 3482,18.07823,77.364766,Active,48211000000072971
Bidar Major Town Center Cam 3483,18.071813,77.367353,Active,48211000000072971
Bidar Commercial Street Cam 3484,17.990372,77.240214,Active,48211000000072971
Bidar Market Cam 3485,17.996275,77.242973,Active,48211000000072971
Chamarajanagar Market Cam 3486,11.97901,76.7197,Active,48211000000072979
Chamarajanagar Major Town Center Cam 3487,11.980376,76.715194,Active,48211000000072979
Chamarajanagar Bus Stand Cam 3488,11.97446,76.717509,Active,48211000000072979
Chamarajanagar Major Town Center Cam 3489,11.979315,76.719282,Active,48211000000072979
Chamarajanagar Market Cam 3490,12.110495,77.738268,Active,48211000000072980
Chamarajanagar Highway Junction Cam 3491,12.111265,77.742776,Active,48211000000072980
Chamarajanagar Major Town Center Cam 3492,12.10773,77.737889,Active,48211000000072980
Chamarajanagar College Cam 3493,12.249868,77.182794,Active,48211000000072983
Chamarajanagar Police Station Cam 3494,12.256272,77.184562,Active,48211000000072983
Chamarajanagar Police Station Cam 3495,12.253475,77.18617,Active,48211000000072983
Chamarajanagar Major Town Center Cam 3496,11.781356,77.322753,Active,48211000000072982
Chamarajanagar Police Station Cam 3497,11.594824,76.850715,Active,48211000000072981
Chamarajanagar Residential Area Cam 3498,11.595486,76.845729,Active,48211000000072981
Chamarajanagar Police Station Cam 3499,11.600624,76.849367,Active,48211000000072981
Chamarajanagar Police Station Cam 3500,11.68495,76.454681,Active,48211000000072981
Chamarajanagar Police Station Cam 3501,11.680779,76.452458,Active,48211000000072981
Chamarajanagar Railway Station Cam 3502,11.683069,76.454206,Active,48211000000072981
Chamarajanagar Government Office Cam 3503,11.886033,77.023298,Active,48211000000072982
Chamarajanagar Railway Station Cam 3504,11.886874,77.019259,Active,48211000000072982
Chamarajanagar Major Town Center Cam 3505,11.883335,77.02402,Active,48211000000072982
Chamarajanagar Residential Area Cam 3506,12.093901,77.435467,Active,48211000000072983
Chamarajanagar Commercial Street Cam 3507,12.092956,77.437408,Active,48211000000072983
Chamarajanagar Highway Junction Cam 3508,12.093436,77.437837,Active,48211000000072983
Chamarajanagar Market Cam 3509,12.173086,76.866126,Active,48211000000072979
Chamarajanagar Highway Junction Cam 3510,12.172029,76.863546,Active,48211000000072979
Chamarajanagar Industrial Area Cam 3511,12.173086,76.866126,Active,48211000000072979
Chamarajanagar School Cam 3512,11.73952,76.669785,Active,48211000000072981
Chamarajanagar Police Station Cam 3513,11.739939,76.66692,Active,48211000000072981
Chamarajanagar Railway Station Cam 3514,11.738768,76.66854,Active,48211000000072981
Chamarajanagar Hospital Cam 3515,11.736259,76.672219,Active,48211000000072981
Chamarajanagar Village Junction Cam 3516,11.980237,77.223971,Active,48211000000072982
Chamarajanagar Village Junction Cam 3517,11.982008,77.218929,Active,48211000000072982
Chamarajanagar Residential Area Cam 3518,11.981432,77.221978,Active,48211000000072982
Chamarajanagar Hospital Cam 3519,11.942664,77.553538,Active,48211000000072982
Chamarajanagar Industrial Area Cam 3520,11.94292,77.548997,Active,48211000000072982
Chamarajanagar Village Junction Cam 3521,12.269458,77.400505,Active,48211000000072983
Chamarajanagar School Cam 3522,12.274011,77.405161,Active,48211000000072983
Chamarajanagar Government Office Cam 3523,12.275339,77.405331,Active,48211000000072983
Chamarajanagar Police Station Cam 3524,11.818435,76.828204,Active,48211000000072979
Chamarajanagar Residential Area Cam 3525,12.194706,77.571087,Active,48211000000072980
Chamarajanagar Commercial Street Cam 3526,12.19403,77.573877,Active,48211000000072980
Chamarajanagar Industrial Area Cam 3527,12.197748,77.571821,Active,48211000000072980
Chamarajanagar Highway Junction Cam 3528,12.053118,77.0007,Active,48211000000072979
Chamarajanagar Bus Stand Cam 3529,12.051096,77.00133,Active,48211000000072979
Chamarajanagar Bus Stand Cam 3530,12.051475,76.999244,Active,48211000000072979
Chamarajanagar Commercial Street Cam 3531,12.126005,77.268945,Active,48211000000072983
Chamarajanagar Bus Stand Cam 3532,12.120808,77.271879,Active,48211000000072983
Chamarajanagar Highway Junction Cam 3533,12.125022,77.269037,Active,48211000000072983
Chamarajanagar Commercial Street Cam 3534,11.760885,77.084155,Active,48211000000072982
Chamarajanagar Market Cam 3535,11.757263,77.087638,Active,48211000000072982
Chamarajanagar Major Town Center Cam 3536,11.761957,77.082657,Active,48211000000072982
Chamarajanagar Commercial Street Cam 3537,11.757632,77.088254,Active,48211000000072982
Chamarajanagar Major Town Center Cam 3538,11.833243,77.458742,Active,48211000000072982
Chamarajanagar Highway Junction Cam 3539,11.8369,77.453883,Active,48211000000072982
Chamarajanagar Hospital Cam 3540,11.835757,77.461184,Active,48211000000072982
Chamarajanagar Residential Area Cam 3541,11.948127,76.858077,Active,48211000000072979
Chamarajanagar Market Cam 3542,11.948323,76.855283,Active,48211000000072979
Chamarajanagar Tourist Point Cam 3543,11.955294,76.852501,Active,48211000000072979
Chamarajanagar College Cam 3544,11.797418,76.532425,Active,48211000000072981
Chamarajanagar Residential Area Cam 3545,11.793882,76.530783,Active,48211000000072981
Chamarajanagar Industrial Area Cam 3546,11.796648,76.530412,Active,48211000000072981
Chamarajanagar Hospital Cam 3547,11.793941,76.527211,Active,48211000000072981
Chamarajanagar Railway Station Cam 3548,12.119029,77.113678,Active,48211000000072979
Chamarajanagar Hospital Cam 3549,11.853535,77.180894,Active,48211000000072982
Chamarajanagar Residential Area Cam 3550,11.854063,77.177431,Active,48211000000072982
Chamarajanagar Market Cam 3551,11.849729,77.179392,Active,48211000000072982
Chamarajanagar Government Office Cam 3552,11.853649,77.175278,Active,48211000000072982
Chamarajanagar Village Junction Cam 3553,11.982098,77.354188,Active,48211000000072982
Chamarajanagar Market Cam 3554,11.987932,77.354836,Active,48211000000072982
Chamarajanagar Tourist Point Cam 3555,11.987373,77.359081,Active,48211000000072982
Chamarajanagar School Cam 3556,11.616496,76.716623,Active,48211000000072981
Chamarajanagar Hospital Cam 3557,11.618826,76.713612,Active,48211000000072981
Chamarajanagar Police Station Cam 3558,11.616496,76.716623,Active,48211000000072981
Chamarajanagar Commercial Street Cam 3559,11.633175,76.572516,Active,48211000000072981
Chamarajanagar Police Station Cam 3560,11.63222,76.569761,Active,48211000000072981
Chamarajanagar Government Office Cam 3561,11.630764,76.575494,Active,48211000000072981
Chamarajanagar Railway Station Cam 3562,11.629736,76.576427,Active,48211000000072981
Chamarajanagar Village Junction Cam 3563,12.018842,77.651491,Active,48211000000072980
Chamarajanagar Residential Area Cam 3564,12.014901,77.650708,Active,48211000000072980
Chamarajanagar Village Junction Cam 3565,11.855026,76.648215,Active,48211000000072981
Chamarajanagar Major Town Center Cam 3566,11.857709,76.644987,Active,48211000000072981
Chamarajanagar Market Cam 3567,11.853481,76.645368,Active,48211000000072981
Chamarajanagar School Cam 3568,11.857747,76.648062,Active,48211000000072981
Chamarajanagar Village Junction Cam 3569,11.985777,77.098845,Active,48211000000072982
Chamarajanagar Government Office Cam 3570,11.985079,77.100426,Active,48211000000072982
Chamarajanagar Industrial Area Cam 3571,12.163224,76.997167,Active,48211000000072979
Chamarajanagar Commercial Street Cam 3572,12.162464,76.999427,Active,48211000000072979
Chamarajanagar Major Town Center Cam 3573,12.163238,76.998436,Active,48211000000072979
Chamarajanagar Government Office Cam 3574,12.162096,76.998589,Active,48211000000072979
Chamarajanagar Police Station Cam 3575,11.810822,76.940749,Active,48211000000072979
Chamarajanagar Market Cam 3576,11.809749,76.943017,Active,48211000000072979
Chamarajanagar School Cam 3577,11.811653,76.943094,Active,48211000000072979
Chamarajanagar Police Station Cam 3578,12.065209,76.879745,Active,48211000000072979
Chamarajanagar Residential Area Cam 3579,12.06838,76.873986,Active,48211000000072979
Chamarajanagar Major Town Center Cam 3580,12.066681,76.873737,Active,48211000000072979
Chamarajanagar Police Station Cam 3581,11.874951,76.751753,Active,48211000000072979
Chamarajanagar Government Office Cam 3582,11.882,76.752228,Active,48211000000072979
Chamarajanagar Market Cam 3583,11.874785,76.745492,Active,48211000000072979
Chamarajanagar Police Station Cam 3584,11.879254,76.750981,Active,48211000000072979
Chamarajanagar Tourist Point Cam 3585,12.165577,77.36614,Active,48211000000072983
Chamarajanagar Commercial Street Cam 3586,12.169402,77.363226,Active,48211000000072983
Chamarajanagar Market Cam 3587,12.170582,77.369028,Active,48211000000072983
Chamarajanagar School Cam 3588,12.166084,77.366954,Active,48211000000072983
Chamarajanagar College Cam 3589,11.723504,76.781941,Active,48211000000072981
Chamarajanagar Village Junction Cam 3590,11.728123,76.786989,Active,48211000000072981
Chamarajanagar Government Office Cam 3591,11.729807,76.784313,Active,48211000000072981
Chamarajanagar Village Junction Cam 3592,11.77717,76.422774,Active,48211000000072981
Chamarajanagar Bus Stand Cam 3593,11.780079,76.424509,Active,48211000000072981
Chamarajanagar Highway Junction Cam 3594,11.780337,76.424634,Active,48211000000072981
Chamarajanagar Major Town Center Cam 3595,11.778876,76.422273,Active,48211000000072981
Chamarajanagar Commercial Street Cam 3596,11.909901,77.289279,Active,48211000000072982
Chamarajanagar Market Cam 3597,11.9104,77.292253,Active,48211000000072982
Chamarajanagar College Cam 3598,11.913274,77.29033,Active,48211000000072982
Chamarajanagar Major Town Center Cam 3599,12.305812,77.262393,Active,48211000000072983
Chamarajanagar Bus Stand Cam 3600,12.305352,77.265141,Active,48211000000072983
Chamarajanagar Railway Station Cam 3601,12.30384,77.264544,Active,48211000000072983
Chamarajanagar Government Office Cam 3602,12.302921,77.268215,Active,48211000000072983
Chamarajanagar Tourist Point Cam 3603,12.042197,77.561693,Active,48211000000072980
Chamarajanagar Tourist Point Cam 3604,12.042368,77.565567,Active,48211000000072980
Chamarajanagar Residential Area Cam 3605,11.960599,77.456011,Active,48211000000072982
Chamarajanagar Village Junction Cam 3606,11.957953,77.457994,Active,48211000000072982
Chamarajanagar Village Junction Cam 3607,11.960239,77.459318,Active,48211000000072982
Chamarajanagar Village Junction Cam 3608,11.95779,77.460209,Active,48211000000072982
Chamarajanagar Highway Junction Cam 3609,11.949004,76.948509,Active,48211000000072979
Chamarajanagar Market Cam 3610,11.944308,76.948705,Active,48211000000072979
Chamarajanagar Highway Junction Cam 3611,11.949925,76.950146,Active,48211000000072979
Chamarajanagar Hospital Cam 3612,11.943557,76.948826,Active,48211000000072979
Chamarajanagar Highway Junction Cam 3613,12.070907,77.193261,Active,48211000000072983
Chamarajanagar Government Office Cam 3614,12.068207,77.191229,Active,48211000000072983
Chamarajanagar Hospital Cam 3615,12.06718,77.195317,Active,48211000000072983
Chamarajanagar Village Junction Cam 3616,12.071418,77.190512,Active,48211000000072983
Chamarajanagar Highway Junction Cam 3617,12.187055,77.663836,Active,48211000000072980
Chamarajanagar Commercial Street Cam 3618,11.898063,77.376175,Active,48211000000072982
Chamarajanagar School Cam 3619,11.896601,77.379116,Active,48211000000072982
Chamarajanagar Hospital Cam 3620,11.797229,76.741318,Active,48211000000072981
Chamarajanagar Market Cam 3621,11.799108,76.740013,Active,48211000000072981
Chamarajanagar Village Junction Cam 3622,11.800407,76.741512,Active,48211000000072981
Chamarajanagar Major Town Center Cam 3623,12.206117,77.296342,Active,48211000000072983
Chamarajanagar Major Town Center Cam 3624,11.973282,76.63758,Active,48211000000072979
Chamarajanagar Bus Stand Cam 3625,12.228843,77.467736,Active,48211000000072983
Chamarajanagar Highway Junction Cam 3626,12.228764,77.465842,Active,48211000000072983
Chamarajanagar Commercial Street Cam 3627,12.226566,77.464416,Active,48211000000072983
Chamarajanagar Highway Junction Cam 3628,12.229484,77.461734,Active,48211000000072983
Chamarajanagar Village Junction Cam 3629,12.0252,77.291423,Active,48211000000072982
Chamarajanagar Residential Area Cam 3630,12.028001,77.293512,Active,48211000000072982
Chamarajanagar Bus Stand Cam 3631,12.027667,77.290008,Active,48211000000072982
Chamarajanagar Village Junction Cam 3632,12.109847,77.666574,Active,48211000000072980
Chamarajanagar Commercial Street Cam 3633,12.105981,77.662074,Active,48211000000072980
Chamarajanagar Residential Area Cam 3634,12.105282,77.668693,Active,48211000000072980
Chamarajanagar Major Town Center Cam 3635,12.110283,77.662121,Active,48211000000072980
Chamarajanagar Commercial Street Cam 3636,12.126488,77.54559,Active,48211000000072980
Chamarajanagar Major Town Center Cam 3637,12.130152,77.545148,Active,48211000000072980
Chamarajanagar Highway Junction Cam 3638,11.883117,76.918464,Active,48211000000072979
Chamarajanagar Tourist Point Cam 3639,11.877129,76.91738,Active,48211000000072979
Chamarajanagar Industrial Area Cam 3640,11.882674,76.914525,Active,48211000000072979
Chamarajanagar College Cam 3641,11.797051,76.602712,Active,48211000000072981
Chamarajanagar Industrial Area Cam 3642,11.796795,76.601902,Active,48211000000072981
Chamarajanagar Market Cam 3643,11.801018,76.598802,Active,48211000000072981
Chamarajanagar Police Station Cam 3644,11.915367,77.117502,Active,48211000000072982
Chamarajanagar Hospital Cam 3645,11.915963,77.118399,Active,48211000000072982
Chamarajanagar Commercial Street Cam 3646,11.698392,76.616908,Active,48211000000072981
Hassan School Cam 3647,12.84475,75.753601,Active,48211000000074040
Hassan College Cam 3648,12.843735,75.756784,Active,48211000000074040
Hassan Residential Area Cam 3649,13.52421,76.365285,Active,48211000000074038
Hassan Market Cam 3650,13.522875,76.361383,Active,48211000000074038
Hassan Residential Area Cam 3651,13.52284,76.362199,Active,48211000000074038
Hassan Village Junction Cam 3652,13.526656,76.36309,Active,48211000000074038
Hassan Highway Junction Cam 3653,12.845088,76.473469,Active,48211000000074039
Hassan Market Cam 3654,12.839066,76.473909,Active,48211000000074039
Hassan Highway Junction Cam 3655,12.838961,76.468816,Active,48211000000074039
Hassan Highway Junction Cam 3656,13.230701,76.002092,Active,48211000000074043
Hassan Police Station Cam 3657,13.229406,76.002692,Active,48211000000074043
Hassan College Cam 3658,13.228222,76.008768,Active,48211000000074043
Hassan Hospital Cam 3659,13.227207,76.006236,Active,48211000000074043
Hassan Major Town Center Cam 3660,12.56101,76.129436,Active,48211000000074044
Hassan Railway Station Cam 3661,13.182403,76.402011,Active,48211000000074039
Hassan Market Cam 3662,13.184071,76.399907,Active,48211000000074039
Hassan Major Town Center Cam 3663,13.179439,76.401707,Active,48211000000074039
Hassan Tourist Point Cam 3664,12.906181,76.104212,Active,48211000000074037
Hassan Major Town Center Cam 3665,12.898718,76.100471,Active,48211000000074037
Hassan Residential Area Cam 3666,13.120707,75.76821,Active,48211000000074042
Hassan Village Junction Cam 3667,12.665156,76.314412,Active,48211000000074041
Hassan Highway Junction Cam 3668,12.664886,76.321099,Active,48211000000074041
Hassan Major Town Center Cam 3669,12.660093,76.318812,Active,48211000000074041
Hassan Residential Area Cam 3670,13.379181,76.21673,Active,48211000000074043
Hassan Government Office Cam 3671,13.378549,76.21607,Active,48211000000074043
Hassan Commercial Street Cam 3672,12.971491,76.296558,Active,48211000000074037
Hassan Railway Station Cam 3673,13.010398,76.586187,Active,48211000000074039
Hassan Tourist Point Cam 3674,13.009797,76.583924,Active,48211000000074039
Hassan Residential Area Cam 3675,13.007596,76.587678,Active,48211000000074039
Hassan Railway Station Cam 3676,12.675299,75.856605,Active,48211000000074044
Hassan Industrial Area Cam 3677,12.672091,75.853719,Active,48211000000074044
Hassan Market Cam 3678,12.672289,75.856027,Active,48211000000074044
Hassan School Cam 3679,12.987554,75.932558,Active,48211000000074037
Hassan Railway Station Cam 3680,12.988246,75.931246,Active,48211000000074037
Hassan Bus Stand Cam 3681,12.984002,75.932096,Active,48211000000074037
Hassan Residential Area Cam 3682,13.162562,76.180819,Active,48211000000074037
Hassan Village Junction Cam 3683,13.158241,76.179028,Active,48211000000074037
Hassan Tourist Point Cam 3684,13.157562,76.183525,Active,48211000000074037
Hassan Major Town Center Cam 3685,13.160701,76.181628,Active,48211000000074037
Hassan Police Station Cam 3686,12.702255,75.636939,Active,48211000000074040
Hassan Highway Junction Cam 3687,12.703079,75.642372,Active,48211000000074040
Hassan Police Station Cam 3688,12.703528,75.638018,Active,48211000000074040
Hassan School Cam 3689,12.915255,75.59163,Active,48211000000074040
Hassan Tourist Point Cam 3690,12.916596,75.593558,Active,48211000000074040
Hassan Village Junction Cam 3691,12.912723,75.59262,Active,48211000000074040
Hassan Railway Station Cam 3692,12.808823,76.235578,Active,48211000000074041
Hassan Government Office Cam 3693,12.805567,76.239345,Active,48211000000074041
Hassan Residential Area Cam 3694,12.80467,76.233305,Active,48211000000074041
Hassan Market Cam 3695,12.783469,75.975664,Active,48211000000074044
Hassan Major Town Center Cam 3696,12.785189,75.979533,Active,48211000000074044
Hassan Market Cam 3697,12.780434,75.97647,Active,48211000000074044
Hassan Highway Junction Cam 3698,12.594489,75.987572,Active,48211000000074044
Hassan Tourist Point Cam 3699,12.591085,75.982098,Active,48211000000074044
Hassan Railway Station Cam 3700,12.59202,75.988566,Active,48211000000074044
Hassan Bus Stand Cam 3701,12.588776,75.986672,Active,48211000000074044
Hassan Government Office Cam 3702,13.330919,76.3463,Active,48211000000074038
Hassan Hospital Cam 3703,13.090582,76.039153,Active,48211000000074037
Hassan Police Station Cam 3704,13.352742,76.051733,Active,48211000000074043
Hassan School Cam 3705,13.148328,75.897901,Active,48211000000074042
Hassan Tourist Point Cam 3706,13.149142,75.899984,Active,48211000000074042
Hassan Market Cam 3707,13.14624,75.902466,Active,48211000000074042
Hassan Market Cam 3708,13.021842,75.683316,Active,48211000000074042
Hassan Village Junction Cam 3709,13.021077,75.683996,Active,48211000000074042
Hassan Industrial Area Cam 3710,13.018351,75.687416,Active,48211000000074042
Hassan Residential Area Cam 3711,13.03007,76.416031,Active,48211000000074039
Hassan Industrial Area Cam 3712,13.033728,76.416525,Active,48211000000074039
Hassan Major Town Center Cam 3713,13.033088,76.418584,Active,48211000000074039
Hassan School Cam 3714,12.708035,76.157381,Active,48211000000074041
Hassan College Cam 3715,12.713304,76.161297,Active,48211000000074041
Hassan Police Station Cam 3716,13.075811,76.261713,Active,48211000000074037
Hassan Residential Area Cam 3717,13.079019,76.258832,Active,48211000000074037
Hassan Bus Stand Cam 3718,13.081159,76.264012,Active,48211000000074037
Hassan Industrial Area Cam 3719,12.934708,75.836276,Active,48211000000074037
Hassan Major Town Center Cam 3720,12.93551,75.832753,Active,48211000000074037
Hassan Government Office Cam 3721,12.933871,75.832704,Active,48211000000074037
Hassan Major Town Center Cam 3722,12.930419,75.834727,Active,48211000000074037
Hassan Village Junction Cam 3723,13.203436,76.27764,Active,48211000000074043
Hassan College Cam 3724,13.232579,75.8346,Active,48211000000074042
Hassan College Cam 3725,13.238271,75.838606,Active,48211000000074042
Hassan Police Station Cam 3726,13.236637,75.83513,Active,48211000000074042
Hassan Residential Area Cam 3727,13.236827,75.838572,Active,48211000000074042
Hassan Major Town Center Cam 3728,12.83779,76.366028,Active,48211000000074041
Hassan Commercial Street Cam 3729,12.831889,76.36155,Active,48211000000074041
Hassan Market Cam 3730,12.832869,76.362818,Active,48211000000074041
Hassan Village Junction Cam 3731,12.942655,76.503041,Active,48211000000074039
Hassan Railway Station Cam 3732,12.940997,76.500097,Active,48211000000074039
Hassan Government Office Cam 3733,12.940536,76.498172,Active,48211000000074039
Hassan Commercial Street Cam 3734,12.939226,76.49776,Active,48211000000074039
Hassan College Cam 3735,13.422582,76.39143,Active,48211000000074038
Hassan Commercial Street Cam 3736,13.420984,76.394793,Active,48211000000074038
Hassan Government Office Cam 3737,13.424656,76.392196,Active,48211000000074038
Hassan Bus Stand Cam 3738,13.426648,76.392375,Active,48211000000074038
Hassan Residential Area Cam 3739,13.269572,76.109521,Active,48211000000074043
Hassan Residential Area Cam 3740,13.271048,76.111356,Active,48211000000074043
Hassan Government Office Cam 3741,13.268636,76.10948,Active,48211000000074043
Hassan Railway Station Cam 3742,12.88626,75.925903,Active,48211000000074037
Hassan Market Cam 3743,12.88364,75.925814,Active,48211000000074037
Hassan School Cam 3744,12.890481,75.926172,Active,48211000000074037
Hassan Village Junction Cam 3745,12.883127,75.924821,Active,48211000000074037
Hassan Highway Junction Cam 3746,13.461612,76.287217,Active,48211000000074038
Hassan Market Cam 3747,13.461572,76.288261,Active,48211000000074038
Hassan Village Junction Cam 3748,13.458989,76.287856,Active,48211000000074038
Hassan School Cam 3749,13.460066,76.28854,Active,48211000000074038
Hassan Tourist Point Cam 3750,12.739904,75.783197,Active,48211000000074040
Hassan Commercial Street Cam 3751,12.982833,76.058249,Active,48211000000074037
Hassan College Cam 3752,12.835359,75.635856,Active,48211000000074040
Hassan Village Junction Cam 3753,13.453246,76.16813,Active,48211000000074043
Hassan Residential Area Cam 3754,13.454955,76.167267,Active,48211000000074043
Hassan Major Town Center Cam 3755,13.457911,76.164758,Active,48211000000074043
Hassan Tourist Point Cam 3756,13.456558,76.16808,Active,48211000000074043
Hassan Residential Area Cam 3757,12.926641,76.412625,Active,48211000000074039
Hassan Hospital Cam 3758,12.922216,76.413512,Active,48211000000074039
Hassan School Cam 3759,12.922386,76.40684,Active,48211000000074039
Hassan Bus Stand Cam 3760,12.923288,76.412684,Active,48211000000074039
Hassan Major Town Center Cam 3761,12.774858,76.091977,Active,48211000000074037
Hassan Market Cam 3762,12.774543,76.09179,Active,48211000000074037
Hassan Government Office Cam 3763,12.773858,76.08911,Active,48211000000074037
Hassan College Cam 3764,12.774364,76.088562,Active,48211000000074037
Hassan Village Junction Cam 3765,13.087474,76.483603,Active,48211000000074039
Hassan School Cam 3766,12.769648,75.696442,Active,48211000000074040
Hassan College Cam 3767,12.639343,76.0784,Active,48211000000074044
Hassan Industrial Area Cam 3768,13.021233,75.769526,Active,48211000000074042
Hassan Market Cam 3769,13.018873,75.770386,Active,48211000000074042
Hassan Tourist Point Cam 3770,13.018201,75.769723,Active,48211000000074042
Hassan Market Cam 3771,12.933667,75.683781,Active,48211000000074040
Hassan Bus Stand Cam 3772,12.934054,75.683147,Active,48211000000074040
Hassan Market Cam 3773,13.179767,76.07857,Active,48211000000074043
Hassan Government Office Cam 3774,13.183068,76.080337,Active,48211000000074043
Hassan Tourist Point Cam 3775,13.178887,76.076181,Active,48211000000074043
Hassan Market Cam 3776,12.664854,76.224792,Active,48211000000074041
Hassan Hospital Cam 3777,12.666355,76.230724,Active,48211000000074041
Hassan Bus Stand Cam 3778,12.661523,76.228757,Active,48211000000074041
Hassan Highway Junction Cam 3779,12.85459,76.035478,Active,48211000000074037
Hassan Police Station Cam 3780,12.859292,76.033902,Active,48211000000074037
Hassan Commercial Street Cam 3781,12.859118,76.036032,Active,48211000000074037
Hassan Hospital Cam 3782,12.910722,76.17724,Active,48211000000074037
Hassan Highway Junction Cam 3783,12.768907,75.858276,Active,48211000000074040
Hassan Major Town Center Cam 3784,12.772164,75.851121,Active,48211000000074040
Hassan Highway Junction Cam 3785,12.765699,75.854996,Active,48211000000074040
Hassan Residential Area Cam 3786,12.767282,75.856761,Active,48211000000074040
Hassan Industrial Area Cam 3787,13.016641,75.85039,Active,48211000000074037
Hassan Railway Station Cam 3788,13.019525,75.843914,Active,48211000000074037
Hassan Bus Stand Cam 3789,13.021777,75.847141,Active,48211000000074037
Hassan Highway Junction Cam 3790,12.869032,76.297333,Active,48211000000074041
Haveri Major Town Center Cam 3791,14.600758,75.518719,Active,48211000000074050
Haveri Market Cam 3792,15.14755,75.151379,Active,48211000000074049
Haveri Major Town Center Cam 3793,15.143841,75.148927,Active,48211000000074049
Haveri Commercial Street Cam 3794,15.143795,75.151506,Active,48211000000074049
Haveri Major Town Center Cam 3795,14.686086,75.049667,Active,48211000000074045
Haveri Highway Junction Cam 3796,15.022366,75.538166,Active,48211000000074047
Haveri Police Station Cam 3797,14.277619,75.541297,Active,48211000000074051
Haveri Tourist Point Cam 3798,14.849213,75.290131,Active,48211000000074050
Haveri School Cam 3799,14.846359,75.290348,Active,48211000000074050
Haveri Market Cam 3800,14.847374,75.291232,Active,48211000000074050
Haveri School Cam 3801,14.845387,75.290418,Active,48211000000074050
Haveri Market Cam 3802,14.788121,75.682214,Active,48211000000074052
Haveri Market Cam 3803,14.791004,75.678794,Active,48211000000074052
Haveri Government Office Cam 3804,14.572296,75.233322,Active,48211000000074048
Haveri Railway Station Cam 3805,14.529082,75.720119,Active,48211000000074046
Haveri Major Town Center Cam 3806,14.527712,75.721625,Active,48211000000074046
Haveri Village Junction Cam 3807,15.050758,75.327792,Active,48211000000074047
Haveri Government Office Cam 3808,15.057441,75.329434,Active,48211000000074047
Haveri Highway Junction Cam 3809,15.051991,75.330558,Active,48211000000074047
Haveri Market Cam 3810,14.946737,75.106541,Active,48211000000074049
Haveri Commercial Street Cam 3811,14.952743,75.111104,Active,48211000000074049
Haveri Railway Station Cam 3812,14.833133,75.492916,Active,48211000000074050
Haveri Bus Stand Cam 3813,14.832762,75.489001,Active,48211000000074050
Haveri Police Station Cam 3814,14.464427,75.392261,Active,48211000000074048
Haveri Bus Stand Cam 3815,14.946789,75.693579,Active,48211000000074052
Haveri Village Junction Cam 3816,14.946789,75.693579,Active,48211000000074052
Haveri Government Office Cam 3817,14.946789,75.693579,Active,48211000000074052
Haveri Market Cam 3818,14.670002,75.383716,Active,48211000000074050
Haveri College Cam 3819,14.764302,75.179824,Active,48211000000074045
Haveri Market Cam 3820,14.426835,75.546508,Active,48211000000074051
Haveri Village Junction Cam 3821,14.646542,75.64982,Active,48211000000074046
Haveri Village Junction Cam 3822,14.649088,75.651095,Active,48211000000074046
Haveri Police Station Cam 3823,14.643833,75.646097,Active,48211000000074046
Haveri Police Station Cam 3824,14.642391,75.647698,Active,48211000000074046
Haveri Government Office Cam 3825,14.999472,75.217918,Active,48211000000074049
Haveri Tourist Point Cam 3826,14.944325,75.445082,Active,48211000000074047
Haveri Village Junction Cam 3827,14.949934,75.444729,Active,48211000000074047
Haveri School Cam 3828,14.754002,75.58217,Active,48211000000074050
Haveri Residential Area Cam 3829,14.752438,75.583027,Active,48211000000074050
Haveri Bus Stand Cam 3830,14.752339,75.578457,Active,48211000000074050
Haveri Police Station Cam 3831,14.845675,75.084514,Active,48211000000074045
Haveri Major Town Center Cam 3832,14.846828,75.08587,Active,48211000000074045
Haveri College Cam 3833,14.563587,75.358007,Active,48211000000074048
Haveri Village Junction Cam 3834,14.567381,75.363105,Active,48211000000074048
Haveri Major Town Center Cam 3835,14.70438,75.281448,Active,48211000000074050
Haveri Major Town Center Cam 3836,14.708676,75.278273,Active,48211000000074050
Haveri College Cam 3837,14.54692,75.617455,Active,48211000000074046
Haveri Commercial Street Cam 3838,14.55033,75.618002,Active,48211000000074046
Haveri Major Town Center Cam 3839,14.546388,75.61634,Active,48211000000074046
Haveri Village Junction Cam 3840,14.918006,75.546596,Active,48211000000074047
Haveri College Cam 3841,14.919784,75.545064,Active,48211000000074047
Haveri Police Station Cam 3842,14.922537,75.548487,Active,48211000000074047
Haveri School Cam 3843,14.918784,75.550317,Active,48211000000074047
Haveri College Cam 3844,14.767541,75.405233,Active,48211000000074050
Haveri Highway Junction Cam 3845,14.769389,75.405467,Active,48211000000074050
Haveri Bus Stand Cam 3846,14.634352,75.745416,Active,48211000000074046
Haveri Tourist Point Cam 3847,15.043711,75.432628,Active,48211000000074047
Haveri Residential Area Cam 3848,15.039821,75.43016,Active,48211000000074047
Haveri Police Station Cam 3849,15.039721,75.431479,Active,48211000000074047
Haveri College Cam 3850,15.043438,75.434884,Active,48211000000074047
Haveri Residential Area Cam 3851,14.899383,75.192374,Active,48211000000074045
Haveri Highway Junction Cam 3852,14.898088,75.189819,Active,48211000000074045
Haveri Police Station Cam 3853,14.901745,75.187476,Active,48211000000074045
Haveri College Cam 3854,14.865804,75.622427,Active,48211000000074052
Haveri Residential Area Cam 3855,14.867658,75.627015,Active,48211000000074052
Haveri Government Office Cam 3856,14.868137,75.623492,Active,48211000000074052
Haveri Village Junction Cam 3857,14.668845,75.178157,Active,48211000000074045
Haveri Police Station Cam 3858,14.665427,75.176169,Active,48211000000074045
Haveri School Cam 3859,14.666442,75.176307,Active,48211000000074045
Haveri Railway Station Cam 3860,14.336365,75.466483,Active,48211000000074051
Haveri Market Cam 3861,14.334843,75.468049,Active,48211000000074051
Haveri Market Cam 3862,14.419369,75.639227,Active,48211000000074051
Haveri College Cam 3863,14.420578,75.638943,Active,48211000000074051
Haveri Police Station Cam 3864,14.417511,75.637245,Active,48211000000074051
Haveri Market Cam 3865,14.731164,75.492077,Active,48211000000074050
Haveri Industrial Area Cam 3866,14.900643,75.366386,Active,48211000000074050
Haveri Village Junction Cam 3867,15.034457,75.119783,Active,48211000000074049
Haveri Industrial Area Cam 3868,14.487552,75.478025,Active,48211000000074048
Haveri Highway Junction Cam 3869,14.488034,75.472491,Active,48211000000074048
Haveri Hospital Cam 3870,14.487132,75.475216,Active,48211000000074048
Haveri Government Office Cam 3871,14.952805,75.295257,Active,48211000000074047
Haveri Major Town Center Cam 3872,14.953908,75.294455,Active,48211000000074047
Haveri Railway Station Cam 3873,14.956315,75.295364,Active,48211000000074047
Haveri Market Cam 3874,14.767857,75.062055,Active,48211000000074045
Haveri Government Office Cam 3875,14.769159,75.058205,Active,48211000000074045
Haveri Major Town Center Cam 3876,14.771543,75.0633,Active,48211000000074045
Haveri Police Station Cam 3877,14.66003,75.567574,Active,48211000000074050
Haveri College Cam 3878,14.65413,75.566291,Active,48211000000074050
Haveri School Cam 3879,14.658207,75.569597,Active,48211000000074050
Haveri School Cam 3880,15.093899,75.204536,Active,48211000000074049
Haveri Commercial Street Cam 3881,15.091479,75.212091,Active,48211000000074049
Haveri Industrial Area Cam 3882,15.090364,75.207914,Active,48211000000074049
Haveri Bus Stand Cam 3883,15.094592,75.206787,Active,48211000000074049
Haveri College Cam 3884,14.719544,75.665711,Active,48211000000074052
Haveri School Cam 3885,14.630647,75.321526,Active,48211000000074050
Haveri Market Cam 3886,14.950427,75.625424,Active,48211000000074052
Haveri Police Station Cam 3887,14.950668,75.623308,Active,48211000000074052
Haveri Commercial Street Cam 3888,14.949437,75.625911,Active,48211000000074052
Haveri Bus Stand Cam 3889,14.951684,75.62857,Active,48211000000074052
Haveri College Cam 3890,14.407032,75.478094,Active,48211000000074048
Haveri Residential Area Cam 3891,14.580464,75.447281,Active,48211000000074050
Haveri Market Cam 3892,14.585033,75.448196,Active,48211000000074050
Haveri Highway Junction Cam 3893,14.878835,75.694223,Active,48211000000074052
Haveri College Cam 3894,14.879316,75.69401,Active,48211000000074052
Haveri Major Town Center Cam 3895,14.825853,75.358839,Active,48211000000074050
Haveri Village Junction Cam 3896,14.81996,75.354312,Active,48211000000074050
Haveri Village Junction Cam 3897,14.8227,75.354862,Active,48211000000074050
Haveri Commercial Street Cam 3898,14.821884,75.36154,Active,48211000000074050
Haveri Major Town Center Cam 3899,14.777077,75.30227,Active,48211000000074050
Haveri Government Office Cam 3900,14.782242,75.304996,Active,48211000000074050
Haveri Highway Junction Cam 3901,14.779718,75.301367,Active,48211000000074050
Haveri School Cam 3902,14.639095,75.119549,Active,48211000000074045
Haveri Government Office Cam 3903,14.640076,75.11314,Active,48211000000074045
Haveri Village Junction Cam 3904,14.812143,75.241575,Active,48211000000074045
Haveri Market Cam 3905,14.810636,75.236752,Active,48211000000074045
Haveri Market Cam 3906,14.810953,75.238546,Active,48211000000074045
Haveri Railway Station Cam 3907,14.809383,75.235507,Active,48211000000074045
Haveri Government Office Cam 3908,14.825166,75.552386,Active,48211000000074050
Haveri School Cam 3909,14.821537,75.552468,Active,48211000000074050
Haveri School Cam 3910,14.664848,75.469268,Active,48211000000074050
Haveri Major Town Center Cam 3911,14.663818,75.472674,Active,48211000000074050
Haveri Bus Stand Cam 3912,14.66901,75.468642,Active,48211000000074050
Haveri Police Station Cam 3913,14.662106,75.471699,Active,48211000000074050
Haveri Bus Stand Cam 3914,15.113432,75.310028,Active,48211000000074049
Haveri Market Cam 3915,15.111397,75.312161,Active,48211000000074049
Haveri Major Town Center Cam 3916,15.117601,75.312724,Active,48211000000074049
Kodagu Village Junction Cam 3917,12.330524,75.460247,Active,48211000000074064
Kodagu Tourist Point Cam 3918,12.330802,75.464478,Active,48211000000074064
Kodagu Police Station Cam 3919,12.024027,76.160304,Active,48211000000074065
Kodagu Police Station Cam 3920,12.806067,75.94234,Active,48211000000074066
Kodagu Residential Area Cam 3921,12.805222,75.942527,Active,48211000000074066
Kodagu Major Town Center Cam 3922,12.37471,75.910295,Active,48211000000074067
Kodagu Residential Area Cam 3923,12.373267,75.911762,Active,48211000000074067
Kodagu Highway Junction Cam 3924,12.37523,75.913014,Active,48211000000074067
Kodagu Market Cam 3925,12.043008,75.810674,Active,48211000000074068
Kodagu Highway Junction Cam 3926,12.041602,75.804904,Active,48211000000074068
Kodagu Highway Junction Cam 3927,12.036635,75.805545,Active,48211000000074068
Kodagu College Cam 3928,12.664133,75.657064,Active,48211000000074064
Kodagu School Cam 3929,12.432101,75.667307,Active,48211000000074064
Kodagu Major Town Center Cam 3930,12.185939,75.650172,Active,48211000000074068
Kodagu Bus Stand Cam 3931,12.183071,75.650522,Active,48211000000074068
Kodagu Market Cam 3932,12.181483,75.649134,Active,48211000000074068
Kodagu School Cam 3933,12.173335,75.972386,Active,48211000000074067
Kodagu Major Town Center Cam 3934,12.577157,75.868753,Active,48211000000074066
Kodagu Police Station Cam 3935,12.582337,75.870421,Active,48211000000074066
Kodagu Industrial Area Cam 3936,12.49752,75.434821,Active,48211000000074064
Kodagu Government Office Cam 3937,12.501,75.434318,Active,48211000000074064
Kodagu Commercial Street Cam 3938,12.496825,75.437333,Active,48211000000074064
Kodagu Residential Area Cam 3939,12.49808,75.433692,Active,48211000000074064
Kodagu Railway Station Cam 3940,11.975709,75.963796,Active,48211000000074065
Kodagu Residential Area Cam 3941,12.168464,76.129044,Active,48211000000074065
Kodagu Commercial Street Cam 3942,12.240509,75.841765,Active,48211000000074067
Kodagu Commercial Street Cam 3943,12.317406,75.590207,Active,48211000000074064
Kodagu Industrial Area Cam 3944,12.527294,75.592694,Active,48211000000074064
Kodagu Village Junction Cam 3945,12.528603,75.593671,Active,48211000000074064
Kodagu Residential Area Cam 3946,12.528484,75.591917,Active,48211000000074064
Kodagu Major Town Center Cam 3947,12.533983,75.983331,Active,48211000000074067
Kodagu Government Office Cam 3948,12.54414,75.71578,Active,48211000000074064
Kodagu Highway Junction Cam 3949,12.545552,75.718882,Active,48211000000074064
Kodagu Market Cam 3950,12.541279,75.717682,Active,48211000000074064
Kodagu College Cam 3951,12.542399,75.720953,Active,48211000000074064
Kodagu College Cam 3952,12.381788,75.790314,Active,48211000000074067
Kodagu Residential Area Cam 3953,12.377215,75.795049,Active,48211000000074067
Kodagu Commercial Street Cam 3954,12.380819,75.793947,Active,48211000000074067
Kodagu Market Cam 3955,12.313104,75.70259,Active,48211000000074064
Kodagu Police Station Cam 3956,12.425553,75.520959,Active,48211000000074064
Kodagu Government Office Cam 3957,12.431342,75.519542,Active,48211000000074064
Kodagu College Cam 3958,12.199611,75.547244,Active,48211000000074068
Kodagu Market Cam 3959,12.198287,75.54394,Active,48211000000074068
Kodagu Railway Station Cam 3960,12.198258,75.545289,Active,48211000000074068
Kodagu Village Junction Cam 3961,12.159632,75.755881,Active,48211000000074068
Kodagu Bus Stand Cam 3962,12.158674,75.752304,Active,48211000000074068
Kodagu Railway Station Cam 3963,12.157766,75.753092,Active,48211000000074068
Kodagu Commercial Street Cam 3964,12.158993,75.756843,Active,48211000000074068
Kodagu Railway Station Cam 3965,12.483268,75.82631,Active,48211000000074067
Kodagu Bus Stand Cam 3966,12.482112,75.82719,Active,48211000000074067
Kodagu Highway Junction Cam 3967,12.488126,75.826033,Active,48211000000074067
Kodagu Market Cam 3968,12.663648,75.811717,Active,48211000000074066
Kodagu Commercial Street Cam 3969,12.665672,75.807587,Active,48211000000074066
Kodagu Major Town Center Cam 3970,12.66498,75.815136,Active,48211000000074066
Kodagu School Cam 3971,12.064857,75.913831,Active,48211000000074067
Kodagu Commercial Street Cam 3972,12.064624,75.914093,Active,48211000000074067
Kodagu Industrial Area Cam 3973,12.065898,75.913104,Active,48211000000074067
Kodagu School Cam 3974,11.997249,76.060733,Active,48211000000074065
Kodagu Residential Area Cam 3975,11.992729,76.056775,Active,48211000000074065
Kodagu Market Cam 3976,12.132433,75.84669,Active,48211000000074068
Kodagu Police Station Cam 3977,12.12825,75.84569,Active,48211000000074068
Kodagu Major Town Center Cam 3978,12.135258,75.847837,Active,48211000000074068
Kodagu School Cam 3979,12.712482,75.943238,Active,48211000000074066
Kodagu School Cam 3980,12.709104,75.942732,Active,48211000000074066
Kodagu College Cam 3981,12.709655,75.947613,Active,48211000000074066
Kodagu Tourist Point Cam 3982,12.07864,76.084858,Active,48211000000074065
Kodagu Bus Stand Cam 3983,12.08247,76.087194,Active,48211000000074065
Kodagu Tourist Point Cam 3984,12.083364,76.083738,Active,48211000000074065
Kodagu Tourist Point Cam 3985,12.08383,76.087602,Active,48211000000074065
Kodagu Highway Junction Cam 3986,12.251206,76.01097,Active,48211000000074067
Kodagu Residential Area Cam 3987,12.258075,76.011098,Active,48211000000074067
Kodagu Major Town Center Cam 3988,12.100827,75.680353,Active,48211000000074068
Kodagu Village Junction Cam 3989,12.100827,75.680353,Active,48211000000074068
Kodagu Government Office Cam 3990,12.097733,75.680095,Active,48211000000074068
Kodagu Residential Area Cam 3991,12.103261,75.677074,Active,48211000000074068
Kodagu Market Cam 3992,11.976131,75.866688,Active,48211000000074068
Kodagu Government Office Cam 3993,12.467584,75.941381,Active,48211000000074067
Kodagu Village Junction Cam 3994,12.462479,75.944226,Active,48211000000074067
Kodagu Railway Station Cam 3995,12.632502,75.736147,Active,48211000000074066
Kodagu Hospital Cam 3996,12.234315,75.731452,Active,48211000000074068
Kodagu Commercial Street Cam 3997,12.228949,75.733689,Active,48211000000074068
Kodagu Government Office Cam 3998,12.22772,75.727759,Active,48211000000074068
Kodagu Industrial Area Cam 3999,12.23363,75.732951,Active,48211000000074068
Kodagu Residential Area Cam 4000,12.206405,76.063649,Active,48211000000074067
Kodagu Market Cam 4001,12.20491,76.069356,Active,48211000000074067
Kodagu Market Cam 4002,12.258587,75.656742,Active,48211000000074068
Kodagu Hospital Cam 4003,12.253548,75.654849,Active,48211000000074068
Kodagu Major Town Center Cam 4004,12.260245,75.654306,Active,48211000000074068
Kodagu School Cam 4005,12.39523,75.604602,Active,48211000000074064
Kodagu Residential Area Cam 4006,12.089878,75.748674,Active,48211000000074068
Kodagu Police Station Cam 4007,12.088059,75.746302,Active,48211000000074068
Kodagu Market Cam 4008,12.415556,75.736839,Active,48211000000074064
Kodagu Government Office Cam 4009,12.289326,75.891583,Active,48211000000074067
Kodagu Industrial Area Cam 4010,12.289208,75.888388,Active,48211000000074067
Kodagu Commercial Street Cam 4011,12.286972,75.892113,Active,48211000000074067
Kodagu Police Station Cam 4012,12.291488,75.891971,Active,48211000000074067
Kodagu Police Station Cam 4013,12.669358,75.898046,Active,48211000000074066
Kodagu Residential Area Cam 4014,12.670185,75.896227,Active,48211000000074066
Kodagu Commercial Street Cam 4015,12.670631,75.894549,Active,48211000000074066
Kodagu Highway Junction Cam 4016,12.667464,75.895881,Active,48211000000074066
Kodagu School Cam 4017,12.330526,75.832712,Active,48211000000074067
Kodagu Major Town Center Cam 4018,12.107448,75.974391,Active,48211000000074065
Kodagu Highway Junction Cam 4019,12.111952,75.975675,Active,48211000000074065
Kodagu Bus Stand Cam 4020,12.439965,75.867832,Active,48211000000074067
Kodagu Major Town Center Cam 4021,12.441136,75.866543,Active,48211000000074067
Kodagu Residential Area Cam 4022,12.440664,75.870865,Active,48211000000074067
Kodagu School Cam 4023,12.436708,75.868285,Active,48211000000074067
Kodagu Hospital Cam 4024,12.471224,75.587571,Active,48211000000074064
Kodagu Major Town Center Cam 4025,12.469523,75.586288,Active,48211000000074064
Kodagu Hospital Cam 4026,12.469823,75.585964,Active,48211000000074064
Kodagu School Cam 4027,12.479826,75.713987,Active,48211000000074064
Kodagu School Cam 4028,12.477479,75.717635,Active,48211000000074064
Kodagu Village Junction Cam 4029,12.441104,75.410682,Active,48211000000074064
Kodagu College Cam 4030,12.440935,75.413723,Active,48211000000074064
Kodagu Village Junction Cam 4031,12.442182,75.414478,Active,48211000000074064
Kodagu Industrial Area Cam 4032,12.531115,75.903162,Active,48211000000074067
Kodagu Highway Junction Cam 4033,12.526343,75.904558,Active,48211000000074067
Kodagu Market Cam 4034,12.530232,75.897034,Active,48211000000074067
Kodagu School Cam 4035,12.526425,75.901199,Active,48211000000074067
Kodagu Commercial Street Cam 4036,12.227985,75.600353,Active,48211000000074068
Kodagu Industrial Area Cam 4037,12.536798,75.796863,Active,48211000000074064
Kodagu School Cam 4038,12.536662,75.79647,Active,48211000000074064
Kodagu Bus Stand Cam 4039,12.219941,75.889879,Active,48211000000074067
Kodagu Major Town Center Cam 4040,12.215053,75.891649,Active,48211000000074067
Kodagu Commercial Street Cam 4041,12.608526,75.80455,Active,48211000000074066
Kodagu School Cam 4042,12.606524,75.801118,Active,48211000000074066
Kodagu College Cam 4043,12.107713,76.144404,Active,48211000000074065
Koppal Major Town Center Cam 4044,15.307906,76.168616,Active,48211000000074077
Koppal Market Cam 4045,15.307444,76.166965,Active,48211000000074077
Koppal College Cam 4046,15.309882,76.170933,Active,48211000000074077
Koppal School Cam 4047,16.007669,76.077775,Active,48211000000074078
Koppal Highway Junction Cam 4048,16.007081,76.076729,Active,48211000000074078
Koppal College Cam 4049,16.007669,76.077775,Active,48211000000074078
Koppal Major Town Center Cam 4050,15.571606,76.732143,Active,48211000000074076
Koppal Market Cam 4051,15.57737,76.730989,Active,48211000000074076
Koppal Village Junction Cam 4052,15.572595,76.734293,Active,48211000000074076
Koppal Railway Station Cam 4053,15.569979,76.730685,Active,48211000000074076
Koppal Major Town Center Cam 4054,15.718959,76.351675,Active,48211000000074079
Koppal Market Cam 4055,15.721655,76.346316,Active,48211000000074079
Koppal Industrial Area Cam 4056,15.717025,76.345719,Active,48211000000074079
Koppal Government Office Cam 4057,15.491045,75.818618,Active,48211000000074081
Koppal College Cam 4058,15.388176,76.45789,Active,48211000000074080
Koppal Bus Stand Cam 4059,15.389005,76.457715,Active,48211000000074080
Koppal Railway Station Cam 4060,15.676948,76.065431,Active,48211000000074075
Koppal Railway Station Cam 4061,15.680153,76.06558,Active,48211000000074075
Koppal Railway Station Cam 4062,15.679348,76.065479,Active,48211000000074075
Koppal Industrial Area Cam 4063,15.68181,76.071138,Active,48211000000074075
Koppal Highway Junction Cam 4064,15.14887,75.951701,Active,48211000000074077
Koppal Village Junction Cam 4065,15.142606,75.953711,Active,48211000000074077
Koppal Market Cam 4066,15.143663,75.957092,Active,48211000000074077
Koppal Village Junction Cam 4067,15.897958,75.858658,Active,48211000000074078
Koppal Major Town Center Cam 4068,15.892062,75.858189,Active,48211000000074078
Koppal Bus Stand Cam 4069,15.528147,76.242755,Active,48211000000074075
Koppal Police Station Cam 4070,15.531855,76.243675,Active,48211000000074075
Koppal Market Cam 4071,15.532636,76.242814,Active,48211000000074075
Koppal Tourist Point Cam 4072,15.475467,76.033133,Active,48211000000074075
Koppal Market Cam 4073,15.835636,76.187393,Active,48211000000074079
Koppal Market Cam 4074,15.835413,76.186231,Active,48211000000074079
Koppal Residential Area Cam 4075,15.836598,76.187315,Active,48211000000074079
Koppal Village Junction Cam 4076,15.69348,76.539984,Active,48211000000074079
Koppal Major Town Center Cam 4077,15.696343,76.546131,Active,48211000000074079
Koppal Residential Area Cam 4078,15.693327,76.544049,Active,48211000000074079
Koppal Industrial Area Cam 4079,15.69483,76.539514,Active,48211000000074079
Koppal Police Station Cam 4080,15.333302,75.905544,Active,48211000000074081
Koppal College Cam 4081,15.332547,75.905884,Active,48211000000074081
Koppal Village Junction Cam 4082,15.33409,75.907842,Active,48211000000074081
Koppal Hospital Cam 4083,15.569291,76.439103,Active,48211000000074080
Koppal Major Town Center Cam 4084,15.47969,76.590938,Active,48211000000074080
Koppal Bus Stand Cam 4085,15.474344,76.593029,Active,48211000000074080
Koppal Industrial Area Cam 4086,15.473762,76.594115,Active,48211000000074080
Koppal Police Station Cam 4087,15.477626,76.591187,Active,48211000000074080
Koppal Market Cam 4088,15.61423,75.922142,Active,48211000000074081
Koppal Highway Junction Cam 4089,15.611802,75.925692,Active,48211000000074081
Koppal Major Town Center Cam 4090,15.612048,75.923318,Active,48211000000074081
Koppal Bus Stand Cam 4091,15.612568,75.929106,Active,48211000000074081
Koppal Railway Station Cam 4092,15.852703,75.99934,Active,48211000000074078
Koppal Hospital Cam 4093,15.846917,76.424578,Active,48211000000074079
Koppal Hospital Cam 4094,15.845588,76.424344,Active,48211000000074079
Koppal Major Town Center Cam 4095,15.235873,76.2866,Active,48211000000074080
Koppal Police Station Cam 4096,15.236104,76.286688,Active,48211000000074080
Koppal Residential Area Cam 4097,15.236104,76.286688,Active,48211000000074080
Koppal Railway Station Cam 4098,15.255473,76.045848,Active,48211000000074077
Koppal College Cam 4099,15.258374,76.039673,Active,48211000000074077
Koppal Market Cam 4100,15.405419,76.305902,Active,48211000000074080
Koppal School Cam 4101,15.412753,76.304644,Active,48211000000074080
Koppal Highway Junction Cam 4102,15.407273,76.30459,Active,48211000000074080
Koppal Hospital Cam 4103,15.408109,76.301657,Active,48211000000074080
Koppal Police Station Cam 4104,15.711584,76.191343,Active,48211000000074075
Koppal Commercial Street Cam 4105,15.888736,76.306312,Active,48211000000074079
Koppal Police Station Cam 4106,15.598357,76.593985,Active,48211000000074076
Koppal Police Station Cam 4107,15.595951,76.597728,Active,48211000000074076
Koppal Market Cam 4108,15.591447,76.59455,Active,48211000000074076
Koppal Railway Station Cam 4109,15.596291,76.59703,Active,48211000000074076
Koppal Industrial Area Cam 4110,15.581022,76.124984,Active,48211000000074075
Koppal College Cam 4111,15.58144,76.123229,Active,48211000000074075
Koppal Market Cam 4112,15.618067,76.314042,Active,48211000000074075
Koppal Major Town Center Cam 4113,15.623622,76.316654,Active,48211000000074075
Koppal Industrial Area Cam 4114,15.622721,76.314079,Active,48211000000074075
Koppal Residential Area Cam 4115,15.622209,76.312499,Active,48211000000074075
Koppal Major Town Center Cam 4116,15.497668,76.354241,Active,48211000000074080
Koppal Major Town Center Cam 4117,15.782021,76.268481,Active,48211000000074079
Koppal Village Junction Cam 4118,15.781395,76.268773,Active,48211000000074079
Koppal Commercial Street Cam 4119,15.780565,76.266999,Active,48211000000074079
Koppal Police Station Cam 4120,15.780329,76.272154,Active,48211000000074079
Koppal Hospital Cam 4121,15.884967,76.09173,Active,48211000000074075
Koppal Police Station Cam 4122,15.88339,76.09429,Active,48211000000074075
Koppal School Cam 4123,15.490778,76.491871,Active,48211000000074080
Koppal Market Cam 4124,15.492364,76.496021,Active,48211000000074080
Koppal Government Office Cam 4125,15.489663,76.492608,Active,48211000000074080
Koppal Industrial Area Cam 4126,15.430124,75.945789,Active,48211000000074081
Koppal Government Office Cam 4127,15.428355,75.941976,Active,48211000000074081
Koppal College Cam 4128,15.597468,76.027473,Active,48211000000074075
Koppal College Cam 4129,15.409917,76.097297,Active,48211000000074075
Koppal Highway Junction Cam 4130,15.770398,76.074182,Active,48211000000074075
Koppal Tourist Point Cam 4131,15.774665,76.075416,Active,48211000000074075
Koppal Tourist Point Cam 4132,15.324133,76.341486,Active,48211000000074080
Koppal School Cam 4133,15.325498,76.343437,Active,48211000000074080
Koppal Residential Area Cam 4134,15.326195,76.339568,Active,48211000000074080
Koppal Railway Station Cam 4135,15.66123,76.436308,Active,48211000000074079
Koppal Market Cam 4136,15.663099,76.437356,Active,48211000000074079
Koppal Government Office Cam 4137,15.618674,76.225255,Active,48211000000074075
Koppal Police Station Cam 4138,15.61479,76.227924,Active,48211000000074075
Koppal Bus Stand Cam 4139,15.617529,76.225473,Active,48211000000074075
Koppal School Cam 4140,15.62037,76.227871,Active,48211000000074075
Koppal Industrial Area Cam 4141,15.80969,75.920673,Active,48211000000074078
Koppal Market Cam 4142,15.813129,75.924308,Active,48211000000074078
Koppal Major Town Center Cam 4143,15.518921,75.934962,Active,48211000000074081
Koppal College Cam 4144,15.522399,75.934563,Active,48211000000074081
Koppal Government Office Cam 4145,15.490412,76.695738,Active,48211000000074076
Koppal Industrial Area Cam 4146,15.491674,76.692121,Active,48211000000074076
Koppal Tourist Point Cam 4147,15.48908,76.691484,Active,48211000000074076
Koppal Railway Station Cam 4148,15.494762,76.692011,Active,48211000000074076
Koppal College Cam 4149,15.943208,76.025518,Active,48211000000074078
Koppal Bus Stand Cam 4150,15.165976,76.036739,Active,48211000000074077
Koppal Major Town Center Cam 4151,15.164947,76.034753,Active,48211000000074077
Koppal Police Station Cam 4152,15.16583,76.038069,Active,48211000000074077
Koppal Major Town Center Cam 4153,15.166393,76.031847,Active,48211000000074077
Koppal Major Town Center Cam 4154,15.661508,76.644762,Active,48211000000074076
Koppal Police Station Cam 4155,15.65701,76.643567,Active,48211000000074076
Koppal Police Station Cam 4156,15.66409,76.645834,Active,48211000000074076
Koppal Highway Junction Cam 4157,15.461801,76.20411,Active,48211000000074075
Koppal Residential Area Cam 4158,15.459412,76.204613,Active,48211000000074075
Koppal Government Office Cam 4159,15.455865,76.207304,Active,48211000000074075
Koppal Commercial Street Cam 4160,15.272993,75.963523,Active,48211000000074077
Koppal School Cam 4161,15.272437,75.964807,Active,48211000000074077
Koppal Police Station Cam 4162,15.268768,75.96876,Active,48211000000074077
Koppal Police Station Cam 4163,15.426653,76.536531,Active,48211000000074080
Koppal Bus Stand Cam 4164,15.425754,76.531642,Active,48211000000074080
Koppal Major Town Center Cam 4165,15.426326,76.536712,Active,48211000000074080
Koppal Commercial Street Cam 4166,15.425896,76.533204,Active,48211000000074080
Koppal Bus Stand Cam 4167,15.772552,76.414849,Active,48211000000074079
Koppal Industrial Area Cam 4168,15.777055,76.40978,Active,48211000000074079
Koppal Police Station Cam 4169,15.775721,76.41217,Active,48211000000074079
Koppal Railway Station Cam 4170,15.777412,76.409381,Active,48211000000074079
Koppal Government Office Cam 4171,15.61607,76.49279,Active,48211000000074080
Koppal Major Town Center Cam 4172,15.616657,76.491203,Active,48211000000074080
Koppal Commercial Street Cam 4173,15.615786,76.491161,Active,48211000000074080
Koppal Government Office Cam 4174,15.618643,76.492063,Active,48211000000074080
Koppal Major Town Center Cam 4175,15.306547,76.095631,Active,48211000000074077
Koppal Police Station Cam 4176,15.306777,76.09638,Active,48211000000074077
Koppal Village Junction Cam 4177,15.304994,76.095914,Active,48211000000074077
Koppal Bus Stand Cam 4178,15.307702,76.095009,Active,48211000000074077
Koppal Market Cam 4179,15.490145,76.41901,Active,48211000000074080
Koppal College Cam 4180,15.904943,76.201894,Active,48211000000074079
Koppal Hospital Cam 4181,15.904181,76.200675,Active,48211000000074079
Koppal Industrial Area Cam 4182,15.359499,76.403123,Active,48211000000074080
Koppal Commercial Street Cam 4183,15.360019,76.40387,Active,48211000000074080
Koppal Police Station Cam 4184,15.37795,76.175675,Active,48211000000074075
Koppal Commercial Street Cam 4185,15.374212,76.179117,Active,48211000000074075
Koppal Commercial Street Cam 4186,15.506358,76.755636,Active,48211000000074076
Koppal Village Junction Cam 4187,15.505574,76.755785,Active,48211000000074076
Koppal Bus Stand Cam 4188,15.505995,76.757248,Active,48211000000074076
Bengaluru Rural Highway Junction Cam 4189,13.309309,77.641331,Active,48211000000072967
Bengaluru Rural Bus Stand Cam 4190,13.308188,77.647295,Active,48211000000072967
Bengaluru Rural Bus Stand Cam 4191,13.30648,77.644511,Active,48211000000072967
Bengaluru Rural Highway Junction Cam 4192,13.304975,77.641701,Active,48211000000072967
Bengaluru Rural Industrial Area Cam 4193,13.231939,77.192005,Active,48211000000072969
Bengaluru Rural Village Junction Cam 4194,13.231083,77.193576,Active,48211000000072969
Bengaluru Rural Railway Station Cam 4195,13.233586,77.192326,Active,48211000000072969
Bengaluru Rural Tourist Point Cam 4196,13.232275,77.193595,Active,48211000000072969
Bengaluru Rural School Cam 4197,12.936112,77.851291,Active,48211000000072968
Bengaluru Rural Residential Area Cam 4198,12.936095,77.854103,Active,48211000000072968
Bengaluru Rural Major Town Center Cam 4199,12.929736,77.848741,Active,48211000000072968
Bengaluru Rural Industrial Area Cam 4200,12.932282,77.851763,Active,48211000000072968
Bengaluru Rural Bus Stand Cam 4201,13.239223,77.95809,Active,48211000000072970
Bengaluru Rural Bus Stand Cam 4202,12.978831,77.33927,Active,48211000000072969
Bengaluru Rural Market Cam 4203,12.979428,77.338333,Active,48211000000072969
Bengaluru Rural Bus Stand Cam 4204,12.979484,77.338358,Active,48211000000072969
Bengaluru Rural Government Office Cam 4205,13.455065,77.365454,Active,48211000000072967
Bengaluru Rural Government Office Cam 4206,13.453287,77.363976,Active,48211000000072967
Bengaluru Rural Government Office Cam 4207,13.196845,77.433381,Active,48211000000072969
Bengaluru Rural Commercial Street Cam 4208,13.200119,77.430127,Active,48211000000072969
Bengaluru Rural Hospital Cam 4209,13.203208,77.434317,Active,48211000000072969
Bengaluru Rural Market Cam 4210,13.199725,77.433207,Active,48211000000072969
Bengaluru Rural College Cam 4211,13.124326,77.761041,Active,48211000000072970
Bengaluru Rural Industrial Area Cam 4212,13.414755,77.516988,Active,48211000000072967
Bengaluru Rural Major Town Center Cam 4213,13.408303,77.517069,Active,48211000000072967
Bengaluru Rural Commercial Street Cam 4214,13.408353,77.519487,Active,48211000000072967
Bengaluru Rural Residential Area Cam 4215,13.411469,77.51777,Active,48211000000072967
Bengaluru Rural Major Town Center Cam 4216,13.082585,77.910096,Active,48211000000072970
Bengaluru Rural Market Cam 4217,13.077443,77.913583,Active,48211000000072970
Bengaluru Rural Industrial Area Cam 4218,13.080848,77.90811,Active,48211000000072970
Bengaluru Rural Commercial Street Cam 4219,13.080188,77.908615,Active,48211000000072970
Bengaluru Rural Police Station Cam 4220,13.299772,77.323697,Active,48211000000072967
Bengaluru Rural Commercial Street Cam 4221,13.300189,77.327807,Active,48211000000072967
Bengaluru Rural Industrial Area Cam 4222,13.129057,77.293775,Active,48211000000072969
Bengaluru Rural College Cam 4223,13.336471,77.784795,Active,48211000000072970
Bengaluru Rural School Cam 4224,13.336862,77.782993,Active,48211000000072970
Bengaluru Rural Industrial Area Cam 4225,13.341799,77.779148,Active,48211000000072970
Bengaluru Rural Railway Station Cam 4226,13.341345,77.780677,Active,48211000000072970
Bengaluru Rural School Cam 4227,13.083607,77.420994,Active,48211000000072969
Bengaluru Rural Bus Stand Cam 4228,13.082885,77.417933,Active,48211000000072969
Bengaluru Rural College Cam 4229,13.213327,77.847326,Active,48211000000072970
Bengaluru Rural Commercial Street Cam 4230,13.212691,77.847591,Active,48211000000072970
Bengaluru Rural Hospital Cam 4231,13.278066,77.509822,Active,48211000000072967
Bengaluru Rural Highway Junction Cam 4232,13.284062,77.508148,Active,48211000000072967
Bengaluru Rural Industrial Area Cam 4233,13.280658,77.515488,Active,48211000000072967
Bengaluru Rural Village Junction Cam 4234,13.280305,77.512424,Active,48211000000072967
Bengaluru Rural Village Junction Cam 4235,13.233004,77.724043,Active,48211000000072970
Bengaluru Rural Residential Area Cam 4236,13.353629,77.42238,Active,48211000000072967
Bengaluru Rural Hospital Cam 4237,13.34981,77.423893,Active,48211000000072967
Bengaluru Rural Railway Station Cam 4238,13.352374,77.42742,Active,48211000000072967
Bengaluru Rural Hospital Cam 4239,13.029626,77.815744,Active,48211000000072968
Bengaluru Rural Major Town Center Cam 4240,13.033268,77.815587,Active,48211000000072968
Bengaluru Rural Government Office Cam 4241,13.223082,77.587129,Active,48211000000072967
Bengaluru Rural Police Station Cam 4242,13.224035,77.585297,Active,48211000000072967
Bengaluru Rural Bus Stand Cam 4243,13.218926,77.295191,Active,48211000000072969
Bengaluru Rural College Cam 4244,13.218414,77.29115,Active,48211000000072969
Bengaluru Rural Major Town Center Cam 4245,13.219594,77.294158,Active,48211000000072969
Bengaluru Rural Village Junction Cam 4246,13.388516,77.646268,Active,48211000000072967
Bengaluru Rural Village Junction Cam 4247,13.392336,77.650014,Active,48211000000072967
Bengaluru Rural Highway Junction Cam 4248,13.392553,77.65308,Active,48211000000072967
Bengaluru Rural Highway Junction Cam 4249,13.389202,77.647445,Active,48211000000072967
Bengaluru Rural Commercial Street Cam 4250,13.15693,77.928189,Active,48211000000072970
Bengaluru Rural Market Cam 4251,13.15724,77.928028,Active,48211000000072970
Bengaluru Rural Hospital Cam 4252,13.15567,77.928964,Active,48211000000072970
Bengaluru Rural Government Office Cam 4253,13.264552,77.405708,Active,48211000000072967
Bengaluru Rural Commercial Street Cam 4254,13.271393,77.404736,Active,48211000000072967
Bengaluru Rural Village Junction Cam 4255,13.347176,77.578872,Active,48211000000072967
Bengaluru Rural Police Station Cam 4256,13.347112,77.577817,Active,48211000000072967
Bengaluru Rural School Cam 4257,13.345063,77.580038,Active,48211000000072967
Bengaluru Rural Tourist Point Cam 4258,13.344692,77.583423,Active,48211000000072967
Bengaluru Rural Village Junction Cam 4259,13.2272,77.656072,Active,48211000000072967
Bengaluru Rural Village Junction Cam 4260,13.227779,77.655121,Active,48211000000072967
Bengaluru Rural Highway Junction Cam 4261,13.370645,77.349819,Active,48211000000072967
Bengaluru Rural Police Station Cam 4262,13.144166,77.842519,Active,48211000000072970
Bengaluru Rural Industrial Area Cam 4263,13.137411,77.843441,Active,48211000000072970
Bengaluru Rural School Cam 4264,13.172688,77.375009,Active,48211000000072969
Bengaluru Rural Major Town Center Cam 4265,13.167639,77.372716,Active,48211000000072969
Bengaluru Rural Market Cam 4266,13.171556,77.372557,Active,48211000000072969
Bengaluru Rural Bus Stand Cam 4267,13.168586,77.371771,Active,48211000000072969
Bengaluru Rural Government Office Cam 4268,13.16663,77.223214,Active,48211000000072969
Bengaluru Rural Bus Stand Cam 4269,13.166231,77.219503,Active,48211000000072969
Bengaluru Rural Major Town Center Cam 4270,13.168157,77.221194,Active,48211000000072969
Bengaluru Rural School Cam 4271,13.169838,77.220633,Active,48211000000072969
Bengaluru Rural School Cam 4272,13.299179,77.256877,Active,48211000000072967
Bengaluru Rural Commercial Street Cam 4273,13.300202,77.258353,Active,48211000000072967
Bengaluru Rural Bus Stand Cam 4274,13.415071,77.454574,Active,48211000000072967
Bengaluru Rural Police Station Cam 4275,13.415504,77.454508,Active,48211000000072967
Bengaluru Rural Village Junction Cam 4276,13.41754,77.452589,Active,48211000000072967
Bengaluru Rural Highway Junction Cam 4277,13.412737,77.450783,Active,48211000000072967
Bengaluru Rural Highway Junction Cam 4278,13.252302,77.797745,Active,48211000000072970
Bengaluru Rural Industrial Area Cam 4279,13.097049,77.359673,Active,48211000000072969
Bengaluru Rural Government Office Cam 4280,13.09608,77.356727,Active,48211000000072969
Bengaluru Rural College Cam 4281,13.090937,77.355473,Active,48211000000072969
Bengaluru Rural Police Station Cam 4282,13.097678,77.356512,Active,48211000000072969
Bengaluru Rural Police Station Cam 4283,13.314171,77.703391,Active,48211000000072970
Bengaluru Rural Village Junction Cam 4284,13.313956,77.704721,Active,48211000000072970
Bengaluru Rural Tourist Point Cam 4285,13.309002,77.709363,Active,48211000000072970
Bengaluru Rural Government Office Cam 4286,13.313883,77.707428,Active,48211000000072970
Bengaluru Rural Highway Junction Cam 4287,13.418561,77.596428,Active,48211000000072967
Bengaluru Rural Tourist Point Cam 4288,13.421902,77.599643,Active,48211000000072967
Bengaluru Rural Market Cam 4289,12.983601,77.78827,Active,48211000000072968
Bengaluru Rural Hospital Cam 4290,12.985035,77.791148,Active,48211000000072968
Bengaluru Rural College Cam 4291,12.98489,77.788079,Active,48211000000072968
Bengaluru Rural School Cam 4292,12.980631,77.791993,Active,48211000000072968
Bengaluru Rural Industrial Area Cam 4293,13.031562,77.870265,Active,48211000000072968
Bengaluru Rural Police Station Cam 4294,13.03254,77.866257,Active,48211000000072968
Bengaluru Rural Village Junction Cam 4295,13.036631,77.87225,Active,48211000000072968
Bengaluru Rural Industrial Area Cam 4296,13.038681,77.86753,Active,48211000000072968
Bengaluru Rural Major Town Center Cam 4297,13.324103,77.469503,Active,48211000000072967
Bengaluru Rural Residential Area Cam 4298,13.324055,77.471679,Active,48211000000072967
Bengaluru Rural Industrial Area Cam 4299,13.326848,77.468664,Active,48211000000072967
Bengaluru Rural Major Town Center Cam 4300,13.325417,77.473931,Active,48211000000072967
Bengaluru Rural Highway Junction Cam 4301,13.186226,77.758028,Active,48211000000072970
Bengaluru Rural Commercial Street Cam 4302,13.190144,77.759971,Active,48211000000072970
Bengaluru Rural Bus Stand Cam 4303,13.185468,77.759204,Active,48211000000072970
Bengaluru Rural Bus Stand Cam 4304,13.218831,77.355349,Active,48211000000072969
Bengaluru Rural College Cam 4305,13.269118,77.598464,Active,48211000000072967
Bengaluru Rural Hospital Cam 4306,13.27055,77.597743,Active,48211000000072967
Bengaluru Rural Bus Stand Cam 4307,13.270471,77.602452,Active,48211000000072967
Bengaluru Rural Industrial Area Cam 4308,13.294576,77.757393,Active,48211000000072970
Bengaluru Rural Residential Area Cam 4309,13.290041,77.756285,Active,48211000000072970
Bengaluru Rural Highway Junction Cam 4310,13.289104,77.753441,Active,48211000000072970
Bengaluru Rural Highway Junction Cam 4311,13.292159,77.75245,Active,48211000000072970
Bengaluru Rural Major Town Center Cam 4312,13.278943,77.456688,Active,48211000000072967
Bengaluru Rural Market Cam 4313,13.274176,77.458405,Active,48211000000072967
Bengaluru Rural Village Junction Cam 4314,13.274935,77.456106,Active,48211000000072967
Bengaluru Rural School Cam 4315,13.272404,77.458977,Active,48211000000072967
Bengaluru Rural Tourist Point Cam 4316,13.094636,77.8068,Active,48211000000072970
Bengaluru Rural Bus Stand Cam 4317,13.237784,77.539934,Active,48211000000072967
Bengaluru Rural Residential Area Cam 4318,13.236723,77.535007,Active,48211000000072967
Bengaluru Rural College Cam 4319,13.237669,77.538602,Active,48211000000072967
Bengaluru Rural Railway Station Cam 4320,12.937819,77.803491,Active,48211000000072968
Bengaluru Rural Government Office Cam 4321,13.300555,77.374128,Active,48211000000072967
Bengaluru Rural Residential Area Cam 4322,13.3057,77.378114,Active,48211000000072967
Bengaluru Rural Railway Station Cam 4323,13.300092,77.373754,Active,48211000000072967
Bengaluru Rural Police Station Cam 4324,13.305556,77.374065,Active,48211000000072967
Bengaluru Rural Railway Station Cam 4325,13.11726,77.888357,Active,48211000000072970
Bengaluru Rural Bus Stand Cam 4326,13.119365,77.893849,Active,48211000000072970
Bengaluru Rural Residential Area Cam 4327,13.121202,77.889662,Active,48211000000072970
Bengaluru Rural Commercial Street Cam 4328,13.123752,77.890788,Active,48211000000072970
Bengaluru Rural College Cam 4329,13.332819,77.534388,Active,48211000000072967
Bengaluru Rural Highway Junction Cam 4330,13.264286,77.678704,Active,48211000000072970
Bengaluru Rural School Cam 4331,13.260914,77.678397,Active,48211000000072970
Bengaluru Rural Market Cam 4332,13.265746,77.68256,Active,48211000000072970
Bengaluru Rural Police Station Cam 4333,13.171124,77.796233,Active,48211000000072970
Bengaluru Rural Commercial Street Cam 4334,13.23344,77.235893,Active,48211000000072969
Bengaluru Rural Market Cam 4335,13.23295,77.239014,Active,48211000000072969
Bengaluru Rural Hospital Cam 4336,13.371018,77.467473,Active,48211000000072967
Bengaluru Rural Major Town Center Cam 4337,13.202365,77.932615,Active,48211000000072970
Bengaluru Urban Village Junction Cam 4338,12.857741,77.651021,Active,48211000000072966
Bengaluru Urban Police Station Cam 4339,12.857564,77.654309,Active,48211000000072966
Bengaluru Urban Major Town Center Cam 4340,12.857355,77.655374,Active,48211000000072966
Bengaluru Urban Residential Area Cam 4341,12.855699,77.656269,Active,48211000000072966
Bengaluru Urban Industrial Area Cam 4342,12.857338,77.656008,Active,48211000000072966
Bengaluru Urban Police Station Cam 4343,13.22275,77.506968,Active,48211000000072962
Bengaluru Urban Village Junction Cam 4344,13.221765,77.507231,Active,48211000000072962
Bengaluru Urban College Cam 4345,13.220249,77.510991,Active,48211000000072962
Bengaluru Urban Market Cam 4346,13.221725,77.510272,Active,48211000000072962
Bengaluru Urban Highway Junction Cam 4347,13.221352,77.508136,Active,48211000000072962
Bengaluru Urban Village Junction Cam 4348,13.223147,77.507532,Active,48211000000072962
Bengaluru Urban School Cam 4349,12.95829,77.335281,Active,48211000000072965
Bengaluru Urban Residential Area Cam 4350,12.958631,77.333993,Active,48211000000072965
Bengaluru Urban Government Office Cam 4351,12.958463,77.333839,Active,48211000000072965
Bengaluru Urban Police Station Cam 4352,12.957838,77.336501,Active,48211000000072965
Bengaluru Urban School Cam 4353,12.951572,77.33452,Active,48211000000072965
Bengaluru Urban Government Office Cam 4354,13.110701,77.74267,Active,48211000000072964
Bengaluru Urban Market Cam 4355,13.109492,77.747356,Active,48211000000072964
Bengaluru Urban School Cam 4356,13.111227,77.743374,Active,48211000000072964
Bengaluru Urban Hospital Cam 4357,13.107549,77.742286,Active,48211000000072964
Bengaluru Urban Highway Junction Cam 4358,13.112667,77.745845,Active,48211000000072964
Bengaluru Urban Major Town Center Cam 4359,13.107169,77.742192,Active,48211000000072964
Bengaluru Urban Police Station Cam 4360,13.014721,77.527467,Active,48211000000072966
Bengaluru Urban Railway Station Cam 4361,13.017005,77.527457,Active,48211000000072966
Bengaluru Urban Commercial Street Cam 4362,13.01445,77.524267,Active,48211000000072966
Bengaluru Urban Major Town Center Cam 4363,13.017742,77.523882,Active,48211000000072966
Bengaluru Urban Residential Area Cam 4364,13.014504,77.529648,Active,48211000000072966
Bengaluru Urban Industrial Area Cam 4365,12.661329,77.704494,Active,48211000000072963
Bengaluru Urban Residential Area Cam 4366,12.661221,77.700711,Active,48211000000072963
Bengaluru Urban Market Cam 4367,12.661329,77.704494,Active,48211000000072963
Bengaluru Urban Highway Junction Cam 4368,12.661329,77.704494,Active,48211000000072963
Bengaluru Urban School Cam 4369,12.661329,77.704494,Active,48211000000072963
Bengaluru Urban College Cam 4370,12.66437,77.700549,Active,48211000000072963
Bengaluru Urban Commercial Street Cam 4371,12.664111,77.701065,Active,48211000000072963
Bengaluru Urban Market Cam 4372,12.661329,77.704494,Active,48211000000072963
Bengaluru Urban Industrial Area Cam 4373,12.742,77.495633,Active,48211000000072966
Bengaluru Urban Market Cam 4374,12.741606,77.496047,Active,48211000000072966
Bengaluru Urban Major Town Center Cam 4375,12.741731,77.493297,Active,48211000000072966
Bengaluru Urban Village Junction Cam 4376,12.745148,77.494606,Active,48211000000072966
Bengaluru Urban Major Town Center Cam 4377,12.742076,77.49241,Active,48211000000072966
Bengaluru Urban Residential Area Cam 4378,12.741189,77.495129,Active,48211000000072966
Bengaluru Urban Major Town Center Cam 4379,12.741189,77.495129,Active,48211000000072966
Bengaluru Urban Highway Junction Cam 4380,12.886725,77.829845,Active,48211000000072964
Bengaluru Urban Residential Area Cam 4381,12.884248,77.82782,Active,48211000000072964
Bengaluru Urban Industrial Area Cam 4382,12.882765,77.827306,Active,48211000000072964
Bengaluru Urban Industrial Area Cam 4383,12.88458,77.827065,Active,48211000000072964
Bengaluru Urban Highway Junction Cam 4384,13.11556,77.408331,Active,48211000000072962
Bengaluru Urban Major Town Center Cam 4385,13.113562,77.407289,Active,48211000000072962
Bengaluru Urban Village Junction Cam 4386,13.112287,77.409413,Active,48211000000072962
Bengaluru Urban Residential Area Cam 4387,13.112443,77.41098,Active,48211000000072962
Bengaluru Urban Police Station Cam 4388,13.113562,77.407289,Active,48211000000072962
Bengaluru Urban Railway Station Cam 4389,12.880304,77.458187,Active,48211000000072965
Bengaluru Urban Commercial Street Cam 4390,12.881728,77.459713,Active,48211000000072965
Bengaluru Urban Market Cam 4391,12.875735,77.457814,Active,48211000000072965
Bengaluru Urban Major Town Center Cam 4392,12.878649,77.457911,Active,48211000000072965
Bengaluru Urban School Cam 4393,12.876286,77.457403,Active,48211000000072965
Bengaluru Urban Residential Area Cam 4394,12.874363,77.460665,Active,48211000000072965
Bengaluru Urban Residential Area Cam 4395,12.880343,77.462506,Active,48211000000072965
Bengaluru Urban Government Office Cam 4396,12.990572,77.655793,Active,48211000000072964
Bengaluru Urban Tourist Point Cam 4397,12.994884,77.659911,Active,48211000000072964
Bengaluru Urban Railway Station Cam 4398,12.995795,77.658824,Active,48211000000072964
Bengaluru Urban Police Station Cam 4399,12.990316,77.658729,Active,48211000000072964
Bengaluru Urban Bus Stand Cam 4400,13.201079,77.644752,Active,48211000000072962
Bengaluru Urban Police Station Cam 4401,13.198857,77.647269,Active,48211000000072962
Bengaluru Urban Commercial Street Cam 4402,13.201079,77.644752,Active,48211000000072962
Bengaluru Urban Bus Stand Cam 4403,13.201079,77.644752,Active,48211000000072962
Bengaluru Urban Industrial Area Cam 4404,13.199081,77.648304,Active,48211000000072962
Bengaluru Urban Village Junction Cam 4405,12.773808,77.775209,Active,48211000000072963
Bengaluru Urban Government Office Cam 4406,12.770651,77.775056,Active,48211000000072963
Bengaluru Urban Residential Area Cam 4407,12.77299,77.774515,Active,48211000000072963
Bengaluru Urban Commercial Street Cam 4408,12.770909,77.78,Active,48211000000072963
Bengaluru Urban Hospital Cam 4409,12.740678,77.612482,Active,48211000000072963
Bengaluru Urban Market Cam 4410,12.73868,77.616704,Active,48211000000072963
Bengaluru Urban Industrial Area Cam 4411,12.739206,77.617375,Active,48211000000072963
Bengaluru Urban Commercial Street Cam 4412,12.737252,77.61744,Active,48211000000072963
Bengaluru Urban Government Office Cam 4413,13.098498,77.591608,Active,48211000000072962
Bengaluru Urban Commercial Street Cam 4414,13.098252,77.595066,Active,48211000000072962
Bengaluru Urban School Cam 4415,13.103997,77.597163,Active,48211000000072962
Bengaluru Urban Railway Station Cam 4416,13.1034,77.591584,Active,48211000000072962
Bengaluru Urban Highway Junction Cam 4417,13.103244,77.595873,Active,48211000000072962
Bengaluru Urban Police Station Cam 4418,13.002953,77.766991,Active,48211000000072964
Bengaluru Urban Bus Stand Cam 4419,12.999485,77.772473,Active,48211000000072964
Bengaluru Urban Market Cam 4420,13.002232,77.76847,Active,48211000000072964
Bengaluru Urban College Cam 4421,12.999752,77.767468,Active,48211000000072964
Bengaluru Urban Residential Area Cam 4422,13.003034,77.769349,Active,48211000000072964
Bengaluru Urban Market Cam 4423,13.004136,77.765762,Active,48211000000072964
Bengaluru Urban Bus Stand Cam 4424,13.003873,77.77242,Active,48211000000072964
Bengaluru Urban College Cam 4425,13.000934,77.764934,Active,48211000000072964
Bengaluru Urban College Cam 4426,12.910871,77.563197,Active,48211000000072966
Bengaluru Urban Highway Junction Cam 4427,12.912096,77.559888,Active,48211000000072966
Bengaluru Urban Bus Stand Cam 4428,12.908031,77.558382,Active,48211000000072966
Bengaluru Urban Police Station Cam 4429,12.909638,77.562621,Active,48211000000072966
Bengaluru Urban Commercial Street Cam 4430,12.90916,77.562818,Active,48211000000072966
Bengaluru Urban Commercial Street Cam 4431,12.913383,77.56133,Active,48211000000072966
Bengaluru Urban School Cam 4432,13.008818,77.41978,Active,48211000000072965
Bengaluru Urban Police Station Cam 4433,13.008383,77.420954,Active,48211000000072965
Bengaluru Urban Industrial Area Cam 4434,13.010873,77.426778,Active,48211000000072965
Bengaluru Urban Village Junction Cam 4435,13.006217,77.422368,Active,48211000000072965
Bengaluru Urban Highway Junction Cam 4436,13.011134,77.426361,Active,48211000000072965
Bengaluru Urban Major Town Center Cam 4437,13.120492,77.501266,Active,48211000000072962
Bengaluru Urban Industrial Area Cam 4438,13.118816,77.504607,Active,48211000000072962
Bengaluru Urban Highway Junction Cam 4439,13.123092,77.505177,Active,48211000000072962
Bengaluru Urban Bus Stand Cam 4440,13.117574,77.501155,Active,48211000000072962
Bengaluru Urban Village Junction Cam 4441,12.821287,77.542527,Active,48211000000072966
Bengaluru Urban Highway Junction Cam 4442,12.821667,77.544497,Active,48211000000072966
Bengaluru Urban Hospital Cam 4443,12.816778,77.545981,Active,48211000000072966
Bengaluru Urban Tourist Point Cam 4444,12.82042,77.545161,Active,48211000000072966
Bengaluru Urban Commercial Street Cam 4445,12.819218,77.544281,Active,48211000000072966
Bengaluru Urban Police Station Cam 4446,12.821986,77.540097,Active,48211000000072966
Bengaluru Urban Bus Stand Cam 4447,12.821209,77.539597,Active,48211000000072966
Bengaluru Urban Market Cam 4448,12.913595,77.720092,Active,48211000000072964
Bengaluru Urban College Cam 4449,12.91956,77.724661,Active,48211000000072964
Bengaluru Urban Residential Area Cam 4450,12.918641,77.720247,Active,48211000000072964
Bengaluru Urban College Cam 4451,12.919273,77.717763,Active,48211000000072964
Bengaluru Urban Police Station Cam 4452,12.873575,77.358424,Active,48211000000072965
Bengaluru Urban Residential Area Cam 4453,12.874828,77.359392,Active,48211000000072965
Bengaluru Urban School Cam 4454,12.875389,77.35812,Active,48211000000072965
Bengaluru Urban Major Town Center Cam 4455,12.873855,77.35866,Active,48211000000072965
Bengaluru Urban Police Station Cam 4456,12.871427,77.358291,Active,48211000000072965
Bengaluru Urban Market Cam 4457,12.87192,77.361374,Active,48211000000072965
Bengaluru Urban Major Town Center Cam 4458,12.870474,77.35815,Active,48211000000072965
Bengaluru Urban School Cam 4459,12.87042,77.362572,Active,48211000000072965
Bengaluru Urban Residential Area Cam 4460,12.783106,77.686499,Active,48211000000072963
Bengaluru Urban Village Junction Cam 4461,12.782177,77.685023,Active,48211000000072963
Bengaluru Urban Police Station Cam 4462,12.77932,77.690893,Active,48211000000072963
Bengaluru Urban Police Station Cam 4463,12.78472,77.685806,Active,48211000000072963
Bengaluru Urban Police Station Cam 4464,12.778479,77.68482,Active,48211000000072963
Bengaluru Urban Market Cam 4465,13.071531,77.679941,Active,48211000000072964
Bengaluru Urban Major Town Center Cam 4466,13.065966,77.674335,Active,48211000000072964
Bengaluru Urban Bus Stand Cam 4467,13.072675,77.673455,Active,48211000000072964
Bengaluru Urban Government Office Cam 4468,13.065707,77.677879,Active,48211000000072964
Bengaluru Urban Bus Stand Cam 4469,13.068285,77.674196,Active,48211000000072964
Bengaluru Urban School Cam 4470,13.070249,77.68056,Active,48211000000072964
Bengaluru Urban Industrial Area Cam 4471,13.06522,77.673421,Active,48211000000072964
Bengaluru Urban Industrial Area Cam 4472,13.184795,77.726237,Active,48211000000072964
Bengaluru Urban Highway Junction Cam 4473,13.18421,77.725233,Active,48211000000072964
Bengaluru Urban Hospital Cam 4474,13.187175,77.72812,Active,48211000000072964
Bengaluru Urban School Cam 4475,13.185591,77.728569,Active,48211000000072964
Bengaluru Urban Major Town Center Cam 4476,13.187389,77.72766,Active,48211000000072964
Bengaluru Urban School Cam 4477,12.952452,77.481152,Active,48211000000072966
Bengaluru Urban Major Town Center Cam 4478,12.949291,77.484535,Active,48211000000072966
Bengaluru Urban Market Cam 4479,12.953445,77.481338,Active,48211000000072966
Bengaluru Urban College Cam 4480,12.947081,77.485316,Active,48211000000072966
Bengaluru Urban Hospital Cam 4481,12.951789,77.485732,Active,48211000000072966
Bengaluru Urban Major Town Center Cam 4482,13.184662,77.570731,Active,48211000000072962
Bengaluru Urban School Cam 4483,13.182525,77.571013,Active,48211000000072962
Bengaluru Urban Major Town Center Cam 4484,13.183724,77.574414,Active,48211000000072962
Bengaluru Urban Major Town Center Cam 4485,13.183473,77.569988,Active,48211000000072962
Bengaluru Urban Bus Stand Cam 4486,13.18156,77.569906,Active,48211000000072962
Bengaluru Urban Hospital Cam 4487,12.838854,77.737841,Active,48211000000072963
Bengaluru Urban Police Station Cam 4488,12.842953,77.737766,Active,48211000000072963
Bengaluru Urban Bus Stand Cam 4489,12.84011,77.738635,Active,48211000000072963
Bengaluru Urban Village Junction Cam 4490,12.83977,77.735701,Active,48211000000072963
Bengaluru Urban Commercial Street Cam 4491,12.839159,77.738999,Active,48211000000072963
Bengaluru Urban Major Town Center Cam 4492,12.841758,77.733454,Active,48211000000072963
Bengaluru Urban Government Office Cam 4493,12.841908,77.733324,Active,48211000000072963
Bengaluru Urban Major Town Center Cam 4494,12.932199,77.411542,Active,48211000000072965
Bengaluru Urban Hospital Cam 4495,12.92873,77.405391,Active,48211000000072965
Bengaluru Urban Hospital Cam 4496,12.934205,77.408939,Active,48211000000072965
Bengaluru Urban Industrial Area Cam 4497,12.93119,77.409223,Active,48211000000072965
Bengaluru Urban Major Town Center Cam 4498,12.931279,77.412868,Active,48211000000072965
Bengaluru Urban Police Station Cam 4499,13.029696,77.597429,Active,48211000000072966
Bengaluru Urban Bus Stand Cam 4500,13.029717,77.602299,Active,48211000000072966
