"ROWID","CameraName","Latitude","Longitude","DistrictId","UnitId","Status"
"48211000000129576","Cubbon Park Court Complex Cam 1","12.973696","77.603163","48211000000048013","48211000000054017","Active"
"48211000000129577","Cubbon Park School Zone Cam 2","12.966647","77.615487","48211000000048013","48211000000054017","Active"
"48211000000129578","Cubbon Park Railway Junction Cam 3","12.976858","77.603435","48211000000048013","48211000000054017","Active"
"48211000000129579","Cubbon Park Railway Junction Cam 4","12.972579","77.600596","48211000000048013","48211000000054017","Active"
"48211000000129580","Cubbon Park Market Cam 5","12.963843","77.608268","48211000000048013","48211000000054017","Active"
"48211000000129581","Cubbon Park Hospital Cam 6","12.989463","77.594633","48211000000048013","48211000000054017","Active"
"48211000000129582","Cubbon Park Bus Stand Cam 7","12.977777","77.601579","48211000000048013","48211000000054017","Active"
"48211000000129583","Cubbon Park College Cam 8","12.977806","77.609187","48211000000048013","48211000000054017","Active"
"48211000000129584","Cubbon Park Government Office Cam 9","12.97791","77.602812","48211000000048013","48211000000054017","Active"
"48211000000129585","Cubbon Park Market Cam 10","12.963723","77.599543","48211000000048013","48211000000054017","Active"
"48211000000129586","Cubbon Park Church Cam 11","12.958694","77.617293","48211000000048013","48211000000054017","Active"
"48211000000129587","Cubbon Park Hospital Cam 12","12.967381","77.608584","48211000000048013","48211000000054017","Active"
"48211000000129588","Cubbon Park Government Office Cam 13","12.961792","77.598682","48211000000048013","48211000000054017","Active"
"48211000000129589","Cubbon Park Court Complex Cam 14","12.973156","77.58896","48211000000048013","48211000000054017","Active"
"48211000000129590","Cubbon Park Main Road Junction Cam 15","12.973453","77.608866","48211000000048013","48211000000054017","Active"
"48211000000129591","Cubbon Park Court Complex Cam 16","12.95747","77.606468","48211000000048013","48211000000054017","Active"
"48211000000129592","Cubbon Park Stadium Cam 17","12.97985","77.611782","48211000000048013","48211000000054017","Active"
"48211000000129593","Cubbon Park Stadium Cam 18","12.976223","77.598386","48211000000048013","48211000000054017","Active"
"48211000000129594","Cubbon Park Main Road Junction Cam 19","12.978675","77.605411","48211000000048013","48211000000054017","Active"
"48211000000129595","Cubbon Park Police HQ Gate Cam 20","12.983513","77.587751","48211000000048013","48211000000054017","Active"
"48211000000129596","Cubbon Park College Cam 21","12.993356","77.618179","48211000000048013","48211000000054017","Active"
"48211000000129597","Cubbon Park Hospital Cam 22","12.992091","77.614709","48211000000048013","48211000000054017","Active"
"48211000000129598","Whitefield College Cam 1","12.970769","77.74892","48211000000048013","48211000000054018","Active"
"48211000000129599","Whitefield Main Road Junction Cam 2","12.971197","77.769843","48211000000048013","48211000000054018","Active"
"48211000000129600","Whitefield Bus Stand Cam 3","12.953004","77.752023","48211000000048013","48211000000054018","Active"
"48211000000129601","Whitefield Main Road Junction Cam 4","12.969873","77.753655","48211000000048013","48211000000054018","Active"
"48211000000129602","Whitefield Railway Junction Cam 5","12.947972","77.751687","48211000000048013","48211000000054018","Active"
"48211000000129603","Whitefield Police HQ Gate Cam 6","12.964649","77.745568","48211000000048013","48211000000054018","Active"
"48211000000129604","Whitefield Mosque Cam 7","12.965594","77.732913","48211000000048013","48211000000054018","Active"
"48211000000129605","Whitefield School Zone Cam 8","12.970765","77.736193","48211000000048013","48211000000054018","Active"
"48211000000129606","Whitefield Police HQ Gate Cam 9","12.975184","77.750317","48211000000048013","48211000000054018","Active"
"48211000000129607","Whitefield Mosque Cam 10","12.954714","77.756818","48211000000048013","48211000000054018","Active"
"48211000000129608","Whitefield Railway Junction Cam 11","12.970247","77.747068","48211000000048013","48211000000054018","Active"
"48211000000129609","Whitefield Court Complex Cam 12","12.978925","77.732142","48211000000048013","48211000000054018","Active"
"48211000000129610","Whitefield Government Office Cam 13","12.97932","77.736731","48211000000048013","48211000000054018","Active"
"48211000000129611","Whitefield Court Complex Cam 14","12.975881","77.730166","48211000000048013","48211000000054018","Active"
"48211000000129612","Whitefield Police HQ Gate Cam 15","12.969643","77.749541","48211000000048013","48211000000054018","Active"
"48211000000129613","Whitefield School Zone Cam 16","12.975564","77.765253","48211000000048013","48211000000054018","Active"
"48211000000129614","Whitefield Government Office Cam 17","12.971391","77.750123","48211000000048013","48211000000054018","Active"
"48211000000129615","Whitefield Police HQ Gate Cam 18","12.968625","77.75281","48211000000048013","48211000000054018","Active"
"48211000000129616","Whitefield Court Complex Cam 19","12.953269","77.75641","48211000000048013","48211000000054018","Active"
"48211000000129617","Whitefield College Cam 20","12.974285","77.741164","48211000000048013","48211000000054018","Active"
"48211000000129618","Whitefield School Zone Cam 21","12.968294","77.765486","48211000000048013","48211000000054018","Active"
"48211000000129619","Mysuru City College Cam 1","12.298301","76.640409","48211000000048014","48211000000054019","Active"
"48211000000129620","Mysuru City Stadium Cam 2","12.298811","76.639404","48211000000048014","48211000000054019","Active"
"48211000000129621","Mysuru City Railway Junction Cam 3","12.294935","76.638775","48211000000048014","48211000000054019","Active"
"48211000000129622","Mysuru City Hospital Cam 4","12.28765","76.645357","48211000000048014","48211000000054019","Active"
"48211000000129623","Mysuru City Market Cam 5","12.297146","76.637478","48211000000048014","48211000000054019","Active"
"48211000000129624","Mysuru City Mosque Cam 6","12.306403","76.63836","48211000000048014","48211000000054019","Active"
"48211000000129625","Mysuru City Mosque Cam 7","12.294588","76.643913","48211000000048014","48211000000054019","Active"
"48211000000129626","Mysuru City Market Cam 8","12.297402","76.638905","48211000000048014","48211000000054019","Active"
"48211000000129627","Mysuru City Market Cam 9","12.296407","76.639138","48211000000048014","48211000000054019","Active"
"48211000000129628","Mysuru City Market Cam 10","12.293869","76.629421","48211000000048014","48211000000054019","Active"
"48211000000129629","Mysuru City School Zone Cam 11","12.299641","76.64796","48211000000048014","48211000000054019","Active"
"48211000000129630","Mysuru City Police HQ Gate Cam 12","12.294234","76.64357","48211000000048014","48211000000054019","Active"
"48211000000129631","Mysuru City Government Office Cam 13","12.296012","76.639783","48211000000048014","48211000000054019","Active"
"48211000000129632","Mysuru City Government Office Cam 14","12.299212","76.639163","48211000000048014","48211000000054019","Active"
"48211000000129633","Mysuru City Government Office Cam 15","12.297904","76.6414","48211000000048014","48211000000054019","Active"
"48211000000129634","Mysuru City Market Cam 16","12.291854","76.648853","48211000000048014","48211000000054019","Active"
"48211000000129635","Mysuru City Court Complex Cam 17","12.300584","76.649274","48211000000048014","48211000000054019","Active"
"48211000000129636","Mysuru City Stadium Cam 18","12.288933","76.646966","48211000000048014","48211000000054019","Active"
"48211000000129637","Mysuru City Main Road Junction Cam 19","12.294325","76.640277","48211000000048014","48211000000054019","Active"
"48211000000129638","Mysuru City Railway Junction Cam 20","12.290826","76.636512","48211000000048014","48211000000054019","Active"
"48211000000129639","Mysuru City School Zone Cam 21","12.303384","76.646305","48211000000048014","48211000000054019","Active"
"48211000000129640","Mysuru Main Road Junction Cam 1","12.303398","76.652817","48211000000048014","48211000000054020","Active"
"48211000000129641","Mysuru Temple Cam 2","12.304887","76.645768","48211000000048014","48211000000054020","Active"
"48211000000129642","Mysuru Temple Cam 3","12.305661","76.654294","48211000000048014","48211000000054020","Inactive"
"48211000000129643","Mysuru Temple Cam 4","12.298874","76.649643","48211000000048014","48211000000054020","Active"
"48211000000129644","Mysuru Market Cam 5","12.307818","76.649715","48211000000048014","48211000000054020","Active"
"48211000000129645","Mysuru Police HQ Gate Cam 6","12.300115","76.65826","48211000000048014","48211000000054020","Active"
"48211000000129646","Mysuru Stadium Cam 7","12.306487","76.654695","48211000000048014","48211000000054020","Active"
"48211000000129647","Mysuru Court Complex Cam 8","12.314614","76.657669","48211000000048014","48211000000054020","Active"
"48211000000129648","Mysuru Residential Cam 9","12.299588","76.661644","48211000000048014","48211000000054020","Active"
"48211000000129649","Mysuru Hospital Cam 10","12.315174","76.656053","48211000000048014","48211000000054020","Active"
"48211000000129650","Mysuru Main Road Junction Cam 11","12.306678","76.664835","48211000000048014","48211000000054020","Active"
"48211000000129651","Mysuru Mosque Cam 12","12.298661","76.661031","48211000000048014","48211000000054020","Active"
"48211000000129652","Mysuru Church Cam 13","12.310547","76.661979","48211000000048014","48211000000054020","Inactive"
"48211000000129653","Mysuru College Cam 14","12.303003","76.6562","48211000000048014","48211000000054020","Active"
"48211000000129654","Mysuru Residential Cam 15","12.303165","76.653879","48211000000048014","48211000000054020","Active"
"48211000000129655","Mysuru Government Office Cam 16","12.315478","76.653253","48211000000048014","48211000000054020","Active"
"48211000000129656","Mysuru Stadium Cam 17","12.305818","76.658809","48211000000048014","48211000000054020","Active"
"48211000000129657","Mysuru Market Cam 18","12.304552","76.66159","48211000000048014","48211000000054020","Active"
"48211000000129658","Mysuru Residential Cam 19","12.30156","76.656068","48211000000048014","48211000000054020","Active"
"48211000000129659","Mysuru Court Complex Cam 20","12.304462","76.656233","48211000000048014","48211000000054020","Active"
"48211000000129660","Mysuru Railway Junction Cam 21","12.305192","76.655217","48211000000048014","48211000000054020","Active"
"48211000000129661","Mysuru Government Office Cam 22","12.306876","76.658847","48211000000048014","48211000000054020","Active"
"48211000000129662","Mangaluru North Stadium Cam 1","12.921689","74.863823","48211000000048015","48211000000054021","Active"
"48211000000129663","Mangaluru North Main Road Junction Cam 2","12.923699","74.85089","48211000000048015","48211000000054021","Active"
"48211000000129664","Mangaluru North Residential Cam 3","12.911423","74.854374","48211000000048015","48211000000054021","Active"
"48211000000129665","Mangaluru North Railway Junction Cam 4","12.923574","74.852777","48211000000048015","48211000000054021","Active"
"48211000000129666","Mangaluru North Police HQ Gate Cam 5","12.916084","74.851682","48211000000048015","48211000000054021","Active"
"48211000000129667","Mangaluru North Court Complex Cam 6","12.91678","74.848769","48211000000048015","48211000000054021","Active"
"48211000000129668","Mangaluru North Government Office Cam 7","12.924544","74.853691","48211000000048015","48211000000054021","Active"
"48211000000129669","Mangaluru North Court Complex Cam 8","12.91365","74.857484","48211000000048015","48211000000054021","Active"
"48211000000129670","Mangaluru North Market Cam 9","12.924552","74.864067","48211000000048015","48211000000054021","Active"
"48211000000129671","Mangaluru North College Cam 10","12.904254","74.857179","48211000000048015","48211000000054021","Active"
"48211000000129672","Mangaluru North Residential Cam 11","12.904949","74.854108","48211000000048015","48211000000054021","Active"
"48211000000129673","Mangaluru North Stadium Cam 12","12.911888","74.855062","48211000000048015","48211000000054021","Active"
"48211000000129674","Mangaluru North Mosque Cam 13","12.926482","74.858519","48211000000048015","48211000000054021","Active"
"48211000000129675","Mangaluru North Stadium Cam 14","12.911441","74.848769","48211000000048015","48211000000054021","Active"
"48211000000129676","Mangaluru North Railway Junction Cam 15","12.914576","74.853836","48211000000048015","48211000000054021","Active"
"48211000000129677","Mangaluru North College Cam 16","12.908957","74.856174","48211000000048015","48211000000054021","Active"
"48211000000129678","Mangaluru North College Cam 17","12.910277","74.861918","48211000000048015","48211000000054021","Active"
"48211000000129679","Mangaluru South Government Office Cam 1","12.874002","74.842075","48211000000048015","48211000000054022","Active"
"48211000000129680","Mangaluru South College Cam 2","12.87764","74.842544","48211000000048015","48211000000054022","Active"
"48211000000129681","Mangaluru South Stadium Cam 3","12.873063","74.839997","48211000000048015","48211000000054022","Active"
"48211000000129682","Mangaluru South Hospital Cam 4","12.87144","74.840139","48211000000048015","48211000000054022","Active"
"48211000000129683","Mangaluru South College Cam 5","12.875677","74.838642","48211000000048015","48211000000054022","Active"
"48211000000129684","Mangaluru South Mosque Cam 6","12.878443","74.831354","48211000000048015","48211000000054022","Active"
"48211000000129685","Mangaluru South Residential Cam 7","12.855974","74.843394","48211000000048015","48211000000054022","Active"
"48211000000129686","Mangaluru South Stadium Cam 8","12.872887","74.838173","48211000000048015","48211000000054022","Active"
"48211000000129687","Mangaluru South Mosque Cam 9","12.861113","74.841137","48211000000048015","48211000000054022","Active"
"48211000000129688","Mangaluru South College Cam 10","12.877635","74.840834","48211000000048015","48211000000054022","Inactive"
"48211000000129689","Mangaluru South Main Road Junction Cam 11","12.859446","74.845314","48211000000048015","48211000000054022","Active"
"48211000000129690","Mangaluru South Railway Junction Cam 12","12.867998","74.857184","48211000000048015","48211000000054022","Inactive"
"48211000000129691","Mangaluru South School Zone Cam 13","12.8616","74.836882","48211000000048015","48211000000054022","Active"
"48211000000129692","Mangaluru South Temple Cam 14","12.882583","74.847997","48211000000048015","48211000000054022","Active"
"48211000000129693","Mangaluru South Stadium Cam 15","12.876087","74.838048","48211000000048015","48211000000054022","Active"
"48211000000129694","Mangaluru South Market Cam 16","12.871814","74.845653","48211000000048015","48211000000054022","Active"
"48211000000129695","Mangaluru South Government Office Cam 17","12.88292","74.832227","48211000000048015","48211000000054022","Active"
"48211000000129696","Mangaluru South Court Complex Cam 18","12.869926","74.842657","48211000000048015","48211000000054022","Active"
"48211000000129697","Mangaluru South College Cam 19","12.87985","74.842743","48211000000048015","48211000000054022","Active"
"48211000000129698","Belagavi Camp Bus Stand Cam 1","15.854724","74.497495","48211000000048016","48211000000054023","Active"
"48211000000129699","Belagavi Camp Mosque Cam 2","15.839486","74.495561","48211000000048016","48211000000054023","Active"
"48211000000129700","Belagavi Camp Temple Cam 3","15.849888","74.498899","48211000000048016","48211000000054023","Active"
"48211000000129701","Belagavi Camp School Zone Cam 4","15.845515","74.496728","48211000000048016","48211000000054023","Active"
"48211000000129702","Belagavi Camp Temple Cam 5","15.847218","74.496811","48211000000048016","48211000000054023","Active"
"48211000000129703","Belagavi Camp Police HQ Gate Cam 6","15.841356","74.500293","48211000000048016","48211000000054023","Active"
"48211000000129704","Belagavi Camp School Zone Cam 7","15.844808","74.49454","48211000000048016","48211000000054023","Active"
"48211000000129705","Belagavi Camp College Cam 8","15.849766","74.497575","48211000000048016","48211000000054023","Active"
"48211000000129706","Belagavi Camp Main Road Junction Cam 9","15.843652","74.50109","48211000000048016","48211000000054023","Active"
"48211000000129707","Belagavi Camp Temple Cam 10","15.847993","74.505753","48211000000048016","48211000000054023","Active"
"48211000000129708","Belagavi Camp Church Cam 11","15.851533","74.489206","48211000000048016","48211000000054023","Active"
"48211000000129709","Belagavi Camp Stadium Cam 12","15.853183","74.497803","48211000000048016","48211000000054023","Active"
"48211000000129710","Belagavi Camp Police HQ Gate Cam 13","15.85028","74.495027","48211000000048016","48211000000054023","Active"
"48211000000129711","Belagavi Camp Hospital Cam 14","15.84945","74.497891","48211000000048016","48211000000054023","Active"
"48211000000129712","Belagavi Camp Stadium Cam 15","15.856973","74.49288","48211000000048016","48211000000054023","Active"
"48211000000129713","Belagavi Camp Court Complex Cam 16","15.849073","74.491488","48211000000048016","48211000000054023","Active"
"48211000000129714","Belagavi Camp Main Road Junction Cam 17","15.844425","74.497982","48211000000048016","48211000000054023","Active"
"48211000000129715","Belagavi Camp Temple Cam 18","15.850224","74.502707","48211000000048016","48211000000054023","Active"
"48211000000129716","Belagavi Camp College Cam 19","15.848077","74.494701","48211000000048016","48211000000054023","Active"
"48211000000129717","Belagavi Camp Bus Stand Cam 20","15.845101","74.497578","48211000000048016","48211000000054023","Active"
"48211000000129718","Belagavi Camp School Zone Cam 21","15.852629","74.497673","48211000000048016","48211000000054023","Active"
"48211000000129719","Belagavi Camp Mosque Cam 22","15.849411","74.49639","48211000000048016","48211000000054023","Active"
"48211000000129720","Belagavi Camp Main Road Junction Cam 23","15.849932","74.49528","48211000000048016","48211000000054023","Active"
"48211000000129721","Belagavi Rural Temple Cam 1","15.851795","74.517101","48211000000048016","48211000000054024","Active"
"48211000000129722","Belagavi Rural Hospital Cam 2","15.860868","74.507571","48211000000048016","48211000000054024","Active"
"48211000000129723","Belagavi Rural Hospital Cam 3","15.857112","74.505874","48211000000048016","48211000000054024","Active"
"48211000000129724","Belagavi Rural Temple Cam 4","15.865728","74.510624","48211000000048016","48211000000054024","Active"
"48211000000129725","Belagavi Rural Temple Cam 5","15.864412","74.514509","48211000000048016","48211000000054024","Active"
"48211000000129726","Belagavi Rural College Cam 6","15.866338","74.510663","48211000000048016","48211000000054024","Active"
"48211000000129727","Belagavi Rural Mosque Cam 7","15.874676","74.5156","48211000000048016","48211000000054024","Active"
"48211000000129728","Belagavi Rural Railway Junction Cam 8","15.866981","74.508916","48211000000048016","48211000000054024","Active"
"48211000000129729","Belagavi Rural Mosque Cam 9","15.859053","74.501506","48211000000048016","48211000000054024","Active"
"48211000000129730","Belagavi Rural Police HQ Gate Cam 10","15.879685","74.50441","48211000000048016","48211000000054024","Active"
"48211000000129731","Belagavi Rural Main Road Junction Cam 11","15.869007","74.517808","48211000000048016","48211000000054024","Active"
"48211000000129732","Belagavi Rural School Zone Cam 12","15.875701","74.507931","48211000000048016","48211000000054024","Active"
"48211000000129733","Belagavi Rural Residential Cam 13","15.873051","74.514056","48211000000048016","48211000000054024","Active"
"48211000000129734","Belagavi Rural Temple Cam 14","15.867152","74.516656","48211000000048016","48211000000054024","Active"
"48211000000129735","Belagavi Rural Temple Cam 15","15.866748","74.509025","48211000000048016","48211000000054024","Active"
"48211000000129736","Belagavi Rural Court Complex Cam 16","15.856579","74.512204","48211000000048016","48211000000054024","Active"
"48211000000129737","Hubballi City Church Cam 1","15.36089","75.130092","48211000000048017","48211000000054025","Active"
"48211000000129738","Hubballi City Main Road Junction Cam 2","15.366378","75.123341","48211000000048017","48211000000054025","Active"
"48211000000129739","Hubballi City Temple Cam 3","15.365628","75.119171","48211000000048017","48211000000054025","Active"
"48211000000129740","Hubballi City School Zone Cam 4","15.364911","75.118393","48211000000048017","48211000000054025","Active"
"48211000000129741","Hubballi City Market Cam 5","15.359884","75.117452","48211000000048017","48211000000054025","Active"
"48211000000129742","Hubballi City Mosque Cam 6","15.365525","75.130527","48211000000048017","48211000000054025","Active"
"48211000000129743","Hubballi City Hospital Cam 7","15.358491","75.124532","48211000000048017","48211000000054025","Active"
"48211000000129744","Hubballi City Police HQ Gate Cam 8","15.369406","75.123127","48211000000048017","48211000000054025","Active"
"48211000000129745","Hubballi City Residential Cam 9","15.366662","75.113328","48211000000048017","48211000000054025","Active"
"48211000000129746","Hubballi City Main Road Junction Cam 10","15.372831","75.119378","48211000000048017","48211000000054025","Active"
"48211000000129747","Hubballi City College Cam 11","15.361977","75.115327","48211000000048017","48211000000054025","Active"
"48211000000129748","Hubballi City Residential Cam 12","15.364049","75.127561","48211000000048017","48211000000054025","Active"
"48211000000129749","Hubballi City Residential Cam 13","15.36282","75.116889","48211000000048017","48211000000054025","Inactive"
"48211000000129750","Hubballi City Government Office Cam 14","15.360792","75.124164","48211000000048017","48211000000054025","Active"
"48211000000129751","Hubballi City Stadium Cam 15","15.36403","75.121826","48211000000048017","48211000000054025","Active"
"48211000000129752","Hubballi City Police HQ Gate Cam 16","15.36448","75.125342","48211000000048017","48211000000054025","Active"
"48211000000129753","Hubballi City Residential Cam 17","15.364988","75.127471","48211000000048017","48211000000054025","Active"
"48211000000129754","Hubballi City Church Cam 18","15.368057","75.127827","48211000000048017","48211000000054025","Active"
"48211000000129755","Hubballi City Church Cam 19","15.370142","75.123163","48211000000048017","48211000000054025","Active"
"48211000000129756","Hubballi City Residential Cam 20","15.363866","75.121408","48211000000048017","48211000000054025","Active"
"48211000000129757","Hubballi City Church Cam 21","15.360922","75.128137","48211000000048017","48211000000054025","Active"
"48211000000129758","Hubballi City Temple Cam 22","15.361128","75.124895","48211000000048017","48211000000054025","Active"
"48211000000129759","Hubballi City Police HQ Gate Cam 23","15.358007","75.128252","48211000000048017","48211000000054025","Active"
"48211000000129760","Dharwad Bus Stand Cam 1","15.459374","75.002815","48211000000048017","48211000000054026","Active"
"48211000000129761","Dharwad Church Cam 2","15.45723","75.01166","48211000000048017","48211000000054026","Active"
"48211000000129762","Dharwad Mosque Cam 3","15.465049","75.008461","48211000000048017","48211000000054026","Active"
"48211000000129763","Dharwad Mosque Cam 4","15.451166","75.005481","48211000000048017","48211000000054026","Active"
"48211000000129764","Dharwad Market Cam 5","15.459211","74.996803","48211000000048017","48211000000054026","Active"
"48211000000129765","Dharwad Church Cam 6","15.461016","75.010808","48211000000048017","48211000000054026","Active"
"48211000000129766","Dharwad Hospital Cam 7","15.459848","75.017965","48211000000048017","48211000000054026","Active"
"48211000000129767","Dharwad Mosque Cam 8","15.46365","75.017499","48211000000048017","48211000000054026","Active"
"48211000000129768","Dharwad School Zone Cam 9","15.462946","75.00221","48211000000048017","48211000000054026","Active"
"48211000000129769","Dharwad Main Road Junction Cam 10","15.462653","75.006066","48211000000048017","48211000000054026","Active"
"48211000000129770","Dharwad School Zone Cam 11","15.461009","75.017337","48211000000048017","48211000000054026","Active"
"48211000000129771","Dharwad Residential Cam 12","15.448119","75.007573","48211000000048017","48211000000054026","Active"
"48211000000129772","Dharwad Hospital Cam 13","15.463392","75.014173","48211000000048017","48211000000054026","Active"
"48211000000129773","Dharwad Temple Cam 14","15.458424","75.007947","48211000000048017","48211000000054026","Active"
"48211000000129774","Dharwad Police HQ Gate Cam 15","15.458594","75.006198","48211000000048017","48211000000054026","Active"
"48211000000129775","Dharwad Church Cam 16","15.459775","75.009477","48211000000048017","48211000000054026","Active"
"48211000000129776","Dharwad Court Complex Cam 17","15.456215","75.002963","48211000000048017","48211000000054026","Active"
"48211000000129777","Dharwad Stadium Cam 18","15.454595","75.005227","48211000000048017","48211000000054026","Active"
"48211000000129778","Dharwad College Cam 19","15.465035","75.011954","48211000000048017","48211000000054026","Active"
"48211000000129779","Dharwad Main Road Junction Cam 20","15.458136","75.01106","48211000000048017","48211000000054026","Active"
"48211000000129780","Dharwad College Cam 21","15.460327","75.006127","48211000000048017","48211000000054026","Active"
"48211000000129781","Dharwad Main Road Junction Cam 22","15.4561","75.002081","48211000000048017","48211000000054026","Active"
"48211000000129782","Kalaburagi Town Government Office Cam 1","17.328506","76.831454","48211000000048018","48211000000054027","Active"
"48211000000129783","Kalaburagi Town Church Cam 2","17.31986","76.833987","48211000000048018","48211000000054027","Active"
"48211000000129784","Kalaburagi Town Mosque Cam 3","17.338021","76.835395","48211000000048018","48211000000054027","Active"
"48211000000129785","Kalaburagi Town Mosque Cam 4","17.331755","76.834292","48211000000048018","48211000000054027","Active"
"48211000000129786","Kalaburagi Town School Zone Cam 5","17.335275","76.839334","48211000000048018","48211000000054027","Active"
"48211000000129787","Kalaburagi Town Market Cam 6","17.329286","76.834407","48211000000048018","48211000000054027","Active"
"48211000000129788","Kalaburagi Town Main Road Junction Cam 7","17.330636","76.834015","48211000000048018","48211000000054027","Active"
"48211000000129789","Kalaburagi Town Bus Stand Cam 8","17.32935","76.832849","48211000000048018","48211000000054027","Active"
"48211000000129790","Kalaburagi Town Church Cam 9","17.338669","76.833888","48211000000048018","48211000000054027","Active"
"48211000000129791","Kalaburagi Town School Zone Cam 10","17.336549","76.829828","48211000000048018","48211000000054027","Active"
"48211000000129792","Kalaburagi Town Church Cam 11","17.329382","76.835859","48211000000048018","48211000000054027","Active"
"48211000000129793","Kalaburagi Town Bus Stand Cam 12","17.319852","76.837984","48211000000048018","48211000000054027","Active"
"48211000000129794","Kalaburagi Town College Cam 13","17.329666","76.834147","48211000000048018","48211000000054027","Active"
"48211000000129795","Kalaburagi Town Bus Stand Cam 14","17.324023","76.837209","48211000000048018","48211000000054027","Active"
"48211000000129796","Kalaburagi Town Railway Junction Cam 15","17.326221","76.830397","48211000000048018","48211000000054027","Active"
"48211000000129797","Kalaburagi Town Church Cam 16","17.330626","76.836612","48211000000048018","48211000000054027","Active"
"48211000000129798","Kalaburagi Town Market Cam 17","17.334397","76.839764","48211000000048018","48211000000054027","Active"
"48211000000129799","Kalaburagi Town Court Complex Cam 18","17.336877","76.842708","48211000000048018","48211000000054027","Active"
"48211000000129800","Kalaburagi Town Main Road Junction Cam 19","17.332744","76.831267","48211000000048018","48211000000054027","Active"
"48211000000129801","Kalaburagi Town Hospital Cam 20","17.325174","76.83407","48211000000048018","48211000000054027","Active"
"48211000000129802","Kalaburagi Town Residential Cam 21","17.329772","76.833181","48211000000048018","48211000000054027","Active"
"48211000000129803","Kalaburagi Town College Cam 22","17.329957","76.834045","48211000000048018","48211000000054027","Active"
"48211000000129804","Kalaburagi Town Government Office Cam 23","17.335106","76.842161","48211000000048018","48211000000054027","Active"
"48211000000129805","Kalaburagi Town Court Complex Cam 24","17.332016","76.831042","48211000000048018","48211000000054027","Active"
"48211000000129806","Kalaburagi Town Government Office Cam 25","17.330663","76.834545","48211000000048018","48211000000054027","Active"
"48211000000129807","Kalaburagi Town Hospital Cam 26","17.330173","76.834013","48211000000048018","48211000000054027","Active"
"48211000000129808","Kalaburagi Police HQ Gate Cam 1","17.342003","76.847142","48211000000048018","48211000000054028","Active"
"48211000000129809","Kalaburagi Stadium Cam 2","17.347841","76.858233","48211000000048018","48211000000054028","Active"
"48211000000129810","Kalaburagi Hospital Cam 3","17.352322","76.861974","48211000000048018","48211000000054028","Active"
"48211000000129811","Kalaburagi Hospital Cam 4","17.344116","76.856832","48211000000048018","48211000000054028","Inactive"
"48211000000129812","Kalaburagi Temple Cam 5","17.34563","76.862636","48211000000048018","48211000000054028","Inactive"
"48211000000129813","Kalaburagi College Cam 6","17.339315","76.855838","48211000000048018","48211000000054028","Active"
"48211000000129814","Kalaburagi Railway Junction Cam 7","17.348511","76.860501","48211000000048018","48211000000054028","Active"
"48211000000129815","Kalaburagi Church Cam 8","17.344541","76.856102","48211000000048018","48211000000054028","Active"
"48211000000129816","Kalaburagi Market Cam 9","17.34389","76.861056","48211000000048018","48211000000054028","Active"
"48211000000129817","Kalaburagi Main Road Junction Cam 10","17.347892","76.859759","48211000000048018","48211000000054028","Active"
"48211000000129818","Kalaburagi Hospital Cam 11","17.353741","76.851542","48211000000048018","48211000000054028","Active"
"48211000000129819","Kalaburagi Main Road Junction Cam 12","17.341551","76.849922","48211000000048018","48211000000054028","Active"
"48211000000129820","Kalaburagi Police HQ Gate Cam 13","17.346645","76.850243","48211000000048018","48211000000054028","Active"
"48211000000129821","Kalaburagi Mosque Cam 14","17.33751","76.850368","48211000000048018","48211000000054028","Active"
"48211000000129822","Kalaburagi Residential Cam 15","17.341994","76.859716","48211000000048018","48211000000054028","Active"
"48211000000129823","Kalaburagi Bus Stand Cam 16","17.340725","76.855423","48211000000048018","48211000000054028","Active"
"48211000000129824","Kalaburagi Stadium Cam 17","17.348313","76.858435","48211000000048018","48211000000054028","Active"
"48211000000129825","Kalaburagi School Zone Cam 18","17.349971","76.86385","48211000000048018","48211000000054028","Active"
"48211000000129826","Kalaburagi Police HQ Gate Cam 19","17.341956","76.847377","48211000000048018","48211000000054028","Active"
"48211000000129827","Kalaburagi Bus Stand Cam 20","17.347476","76.858686","48211000000048018","48211000000054028","Active"
"48211000000129828","Kalaburagi Temple Cam 21","17.33577","76.854222","48211000000048018","48211000000054028","Active"
"48211000000129829","Bagalkote Government Office Cam 1","16.07633","75.580018","48211000000054381","48211000000072933","Active"
"48211000000129830","Bagalkote School Zone Cam 2","16.065249","75.572212","48211000000054381","48211000000072933","Active"
"48211000000129831","Bagalkote Railway Junction Cam 3","16.068794","75.574311","48211000000054381","48211000000072933","Active"
"48211000000129832","Bagalkote Market Cam 4","16.059441","75.571291","48211000000054381","48211000000072933","Active"
"48211000000129833","Bagalkote Hospital Cam 5","16.080584","75.576224","48211000000054381","48211000000072933","Active"
"48211000000129834","Bagalkote Hospital Cam 6","16.079247","75.568534","48211000000054381","48211000000072933","Active"
"48211000000129835","Bagalkote Main Road Junction Cam 7","16.071728","75.587805","48211000000054381","48211000000072933","Active"
"48211000000129836","Bagalkote Residential Cam 8","16.066931","75.576235","48211000000054381","48211000000072933","Active"
"48211000000129837","Bagalkote Bus Stand Cam 9","16.069578","75.576752","48211000000054381","48211000000072933","Active"
"48211000000129838","Bagalkote Hospital Cam 10","16.060745","75.585233","48211000000054381","48211000000072933","Active"
"48211000000129839","Bagalkote College Cam 11","16.06761","75.578487","48211000000054381","48211000000072933","Active"
"48211000000129840","Bagalkote Court Complex Cam 12","16.072269","75.568964","48211000000054381","48211000000072933","Active"
"48211000000129841","Bagalkote Government Office Cam 13","16.070806","75.582223","48211000000054381","48211000000072933","Active"
"48211000000129842","Jamkhandi Police HQ Gate Cam 1","16.003691","76.293569","48211000000054381","48211000000072934","Inactive"
"48211000000129843","Jamkhandi Hospital Cam 2","16.009653","76.296114","48211000000054381","48211000000072934","Active"
"48211000000129844","Jamkhandi Main Road Junction Cam 3","16.003424","76.30209","48211000000054381","48211000000072934","Active"
"48211000000129845","Jamkhandi Railway Junction Cam 4","15.994862","76.291854","48211000000054381","48211000000072934","Active"
"48211000000129846","Badami School Zone Cam 1","16.371175","75.068986","48211000000054381","48211000000072936","Active"
"48211000000129847","Badami Government Office Cam 2","16.374181","75.070586","48211000000054381","48211000000072936","Active"
"48211000000129848","Bilagi College Cam 1","16.264289","76.017419","48211000000054381","48211000000072937","Active"
"48211000000129849","Bilagi Court Complex Cam 2","16.263895","76.01476","48211000000054381","48211000000072937","Active"
"48211000000129850","Bilagi Temple Cam 3","16.272728","76.003854","48211000000054381","48211000000072937","Active"
"48211000000129851","Bilagi Railway Junction Cam 4","16.272071","76.017448","48211000000054381","48211000000072937","Active"
"48211000000129852","Hunagunda Government Office Cam 1","16.41716","75.665809","48211000000054381","48211000000072938","Active"
"48211000000129853","Hunagunda Hospital Cam 2","16.421525","75.657757","48211000000054381","48211000000072938","Active"
"48211000000129854","Hunagunda Government Office Cam 3","16.4187","75.659534","48211000000054381","48211000000072938","Active"
"48211000000129855","Hunagunda Stadium Cam 4","16.424612","75.640917","48211000000054381","48211000000072938","Active"
"48211000000129856","Ilkal Bus Stand Cam 1","15.871124","75.967042","48211000000054381","48211000000072939","Active"
"48211000000129857","Ilkal Mosque Cam 2","15.864683","75.952153","48211000000054381","48211000000072939","Active"
"48211000000129858","Ilkal College Cam 3","15.876007","75.966961","48211000000054381","48211000000072939","Active"
"48211000000129859","Ilkal Government Office Cam 4","15.880525","75.957606","48211000000054381","48211000000072939","Active"
"48211000000129860","Ilkal College Cam 5","15.871829","75.945213","48211000000054381","48211000000072939","Active"
"48211000000129861","Ilkal Government Office Cam 6","15.863022","75.963465","48211000000054381","48211000000072939","Active"
"48211000000129862","Rabkavi Banhatti Mosque Cam 1","16.171205","75.28277","48211000000054381","48211000000072940","Active"
"48211000000129863","Rabkavi Banhatti Government Office Cam 2","16.175789","75.32403","48211000000054381","48211000000072940","Active"
"48211000000129864","Rabkavi Banhatti Railway Junction Cam 3","16.163704","75.320719","48211000000054381","48211000000072940","Active"
"48211000000129865","Guledgudda Government Office Cam 1","16.484392","75.389918","48211000000054381","48211000000072941","Active"
"48211000000129866","Guledgudda School Zone Cam 2","16.498881","75.402443","48211000000054381","48211000000072941","Active"
"48211000000129867","Guledgudda Government Office Cam 3","16.486702","75.387428","48211000000054381","48211000000072941","Active"
"48211000000129868","Guledgudda Police HQ Gate Cam 4","16.510046","75.378265","48211000000054381","48211000000072941","Active"
"48211000000129869","Ballari Residential Cam 1","14.753136","76.602976","48211000000054382","48211000000072942","Active"
"48211000000129870","Ballari Mosque Cam 2","14.771526","76.604429","48211000000054382","48211000000072942","Active"
"48211000000129871","Ballari Main Road Junction Cam 3","14.758457","76.613488","48211000000054382","48211000000072942","Active"
"48211000000129872","Ballari Railway Junction Cam 4","14.766684","76.607387","48211000000054382","48211000000072942","Active"
"48211000000129873","Ballari Bus Stand Cam 5","14.766501","76.613076","48211000000054382","48211000000072942","Active"
"48211000000129874","Ballari Hospital Cam 6","14.768013","76.611358","48211000000054382","48211000000072942","Active"
"48211000000129875","Ballari Main Road Junction Cam 7","14.765978","76.599889","48211000000054382","48211000000072942","Active"
"48211000000129876","Ballari Police HQ Gate Cam 8","14.76049","76.616056","48211000000054382","48211000000072942","Active"
"48211000000129877","Ballari Main Road Junction Cam 9","14.770283","76.609227","48211000000054382","48211000000072942","Active"
"48211000000129878","Ballari Bus Stand Cam 10","14.771184","76.61978","48211000000054382","48211000000072942","Active"
"48211000000129879","Ballari Mosque Cam 11","14.757946","76.595649","48211000000054382","48211000000072942","Active"
"48211000000129880","Ballari Mosque Cam 12","14.7718","76.608405","48211000000054382","48211000000072942","Active"
"48211000000129881","Ballari College Cam 13","14.766068","76.61397","48211000000054382","48211000000072942","Active"
"48211000000129882","Ballari Residential Cam 14","14.767783","76.595091","48211000000054382","48211000000072942","Active"
"48211000000129883","Ballari Temple Cam 15","14.777941","76.616807","48211000000054382","48211000000072942","Inactive"
"48211000000129884","Ballari School Zone Cam 16","14.763251","76.594332","48211000000054382","48211000000072942","Active"
"48211000000129885","Kurugodu College Cam 1","15.804822","77.013539","48211000000054382","48211000000072943","Active"
"48211000000129886","Kurugodu Stadium Cam 2","15.813423","77.028801","48211000000054382","48211000000072943","Active"
"48211000000129887","Kurugodu Residential Cam 3","15.794795","77.031252","48211000000054382","48211000000072943","Inactive"
"48211000000129888","Kurugodu School Zone Cam 4","15.808748","77.005882","48211000000054382","48211000000072943","Active"
"48211000000129889","Kampli Mosque Cam 1","14.889329","75.700488","48211000000054382","48211000000072944","Active"
"48211000000129890","Kampli Main Road Junction Cam 2","14.89895","75.7152","48211000000054382","48211000000072944","Active"
"48211000000129891","Sanduru Court Complex Cam 1","15.188894","77.154196","48211000000054382","48211000000072945","Active"
"48211000000129892","Sanduru Residential Cam 2","15.17308","77.116201","48211000000054382","48211000000072945","Active"
"48211000000129893","Siraguppa Mosque Cam 1","15.363045","76.564593","48211000000054382","48211000000072946","Active"
"48211000000129894","Siraguppa Police HQ Gate Cam 2","15.361124","76.567713","48211000000054382","48211000000072946","Active"
"48211000000129895","Belagavi Temple Cam 1","15.876289","75.171872","48211000000048016","48211000000072947","Active"
"48211000000129896","Belagavi Hospital Cam 2","15.882975","75.168404","48211000000048016","48211000000072947","Active"
"48211000000129897","Belagavi Railway Junction Cam 3","15.891952","75.168124","48211000000048016","48211000000072947","Active"
"48211000000129898","Belagavi College Cam 4","15.89114","75.16656","48211000000048016","48211000000072947","Inactive"
"48211000000129899","Belagavi Market Cam 5","15.901337","75.173396","48211000000048016","48211000000072947","Active"
"48211000000129900","Belagavi Government Office Cam 6","15.879873","75.173154","48211000000048016","48211000000072947","Active"
"48211000000129901","Belagavi Market Cam 7","15.895787","75.167633","48211000000048016","48211000000072947","Active"
"48211000000129902","Belagavi Mosque Cam 8","15.89719","75.179996","48211000000048016","48211000000072947","Active"
"48211000000129903","Belagavi School Zone Cam 9","15.875943","75.17779","48211000000048016","48211000000072947","Active"
"48211000000129904","Belagavi Mosque Cam 10","15.886004","75.173962","48211000000048016","48211000000072947","Active"
"48211000000129905","Belagavi Residential Cam 11","15.89019","75.171815","48211000000048016","48211000000072947","Active"
"48211000000129906","Belagavi Government Office Cam 12","15.887183","75.181547","48211000000048016","48211000000072947","Active"
"48211000000129907","Belagavi Government Office Cam 13","15.889569","75.187661","48211000000048016","48211000000072947","Active"
"48211000000129908","Belagavi Residential Cam 14","15.890434","75.161342","48211000000048016","48211000000072947","Active"
"48211000000129909","Belagavi Main Road Junction Cam 15","15.890502","75.175986","48211000000048016","48211000000072947","Active"
"48211000000129910","Belagavi Residential Cam 16","15.887578","75.17768","48211000000048016","48211000000072947","Active"
"48211000000129911","Belagavi Temple Cam 17","15.900053","75.180876","48211000000048016","48211000000072947","Active"
"48211000000129912","Belagavi College Cam 18","15.890533","75.172212","48211000000048016","48211000000072947","Active"
"48211000000129913","Belagavi College Cam 19","15.886365","75.171139","48211000000048016","48211000000072947","Inactive"
"48211000000129914","Belagavi Government Office Cam 20","15.889395","75.164263","48211000000048016","48211000000072947","Active"
"48211000000129915","Athani Main Road Junction Cam 1","16.525661","74.270171","48211000000048016","48211000000072948","Active"
"48211000000129916","Athani Mosque Cam 2","16.524401","74.277065","48211000000048016","48211000000072948","Active"
"48211000000129917","Athani Bus Stand Cam 3","16.524922","74.279963","48211000000048016","48211000000072948","Active"
"48211000000129918","Athani College Cam 4","16.527012","74.280115","48211000000048016","48211000000072948","Active"
"48211000000129919","Athani Hospital Cam 5","16.531057","74.288918","48211000000048016","48211000000072948","Active"
"48211000000129920","Athani School Zone Cam 6","16.533379","74.278357","48211000000048016","48211000000072948","Inactive"
"48211000000129921","Athani Railway Junction Cam 7","16.53374","74.270791","48211000000048016","48211000000072948","Active"
"48211000000129922","Athani Police HQ Gate Cam 8","16.541878","74.283333","48211000000048016","48211000000072948","Active"
"48211000000129923","Athani School Zone Cam 9","16.529808","74.282775","48211000000048016","48211000000072948","Active"
"48211000000129924","Bailhongal Bus Stand Cam 1","16.929518","75.325777","48211000000048016","48211000000072949","Active"
"48211000000129925","Bailhongal Temple Cam 2","16.954184","75.31346","48211000000048016","48211000000072949","Active"
"48211000000129926","Bailhongal Court Complex Cam 3","16.945191","75.314067","48211000000048016","48211000000072949","Active"
"48211000000129927","Bailhongal College Cam 4","16.95997","75.318261","48211000000048016","48211000000072949","Inactive"
"48211000000129928","Bailhongal Railway Junction Cam 5","16.944814","75.303517","48211000000048016","48211000000072949","Active"
"48211000000129929","Bailhongal Main Road Junction Cam 6","16.943077","75.315467","48211000000048016","48211000000072949","Active"
"48211000000129930","Bailhongal Police HQ Gate Cam 7","16.947178","75.308561","48211000000048016","48211000000072949","Active"
"48211000000129931","Bailhongal Government Office Cam 8","16.946666","75.302326","48211000000048016","48211000000072949","Active"
"48211000000129932","Bailhongal Government Office Cam 9","16.922776","75.320616","48211000000048016","48211000000072949","Active"
"48211000000129933","Bailhongal Market Cam 10","16.937009","75.325333","48211000000048016","48211000000072949","Active"
"48211000000129934","Chikkodi Court Complex Cam 1","15.526614","74.316371","48211000000048016","48211000000072950","Active"
"48211000000129935","Chikkodi Temple Cam 2","15.511464","74.324759","48211000000048016","48211000000072950","Active"
"48211000000129936","Chikkodi Police HQ Gate Cam 3","15.523696","74.308363","48211000000048016","48211000000072950","Active"
"48211000000129937","Chikkodi Police HQ Gate Cam 4","15.520194","74.30034","48211000000048016","48211000000072950","Active"
"48211000000129938","Chikkodi Bus Stand Cam 5","15.519945","74.324816","48211000000048016","48211000000072950","Active"
"48211000000129939","Khanapura Police HQ Gate Cam 1","15.941204","74.601786","48211000000048016","48211000000072952","Active"
"48211000000129940","Khanapura Government Office Cam 2","15.950643","74.586903","48211000000048016","48211000000072952","Inactive"
"48211000000129941","Khanapura Temple Cam 3","15.932438","74.59443","48211000000048016","48211000000072952","Active"
"48211000000129942","Khanapura Market Cam 4","15.944964","74.608704","48211000000048016","48211000000072952","Active"
"48211000000129943","Mudalgi Church Cam 1","15.514867","74.750931","48211000000048016","48211000000072953","Active"
"48211000000129944","Mudalgi Bus Stand Cam 2","15.524939","74.761531","48211000000048016","48211000000072953","Active"
"48211000000129945","Mudalgi Temple Cam 3","15.510356","74.738711","48211000000048016","48211000000072953","Active"
"48211000000129946","Mudalgi Residential Cam 4","15.510964","74.745439","48211000000048016","48211000000072953","Active"
"48211000000129947","Mudalgi Hospital Cam 5","15.504665","74.749851","48211000000048016","48211000000072953","Active"
"48211000000129948","Nippani Railway Junction Cam 1","16.802431","74.956664","48211000000048016","48211000000072954","Active"
"48211000000129949","Nippani Residential Cam 2","16.808249","74.984494","48211000000048016","48211000000072954","Active"
"48211000000129950","Nippani Market Cam 3","16.806111","74.971567","48211000000048016","48211000000072954","Active"
"48211000000129951","Nippani College Cam 4","16.785859","74.962868","48211000000048016","48211000000072954","Active"
"48211000000129952","Nippani Stadium Cam 5","16.810267","74.956533","48211000000048016","48211000000072954","Active"
"48211000000129953","Rayabaga Railway Junction Cam 1","16.113096","75.405495","48211000000048016","48211000000072955","Active"
"48211000000129954","Rayabaga College Cam 2","16.117031","75.399376","48211000000048016","48211000000072955","Active"
"48211000000129955","Rayabaga Police HQ Gate Cam 3","16.099776","75.390657","48211000000048016","48211000000072955","Active"
"48211000000129956","Rayabaga Bus Stand Cam 4","16.104253","75.407059","48211000000048016","48211000000072955","Active"
"48211000000129957","Rayabaga Railway Junction Cam 5","16.128914","75.410057","48211000000048016","48211000000072955","Active"
"48211000000129958","Rayabaga Bus Stand Cam 6","16.113548","75.405181","48211000000048016","48211000000072955","Active"
"48211000000129959","Savadatti Stadium Cam 1","16.38867","74.588691","48211000000048016","48211000000072956","Active"
"48211000000129960","Savadatti Church Cam 2","16.367273","74.568443","48211000000048016","48211000000072956","Active"
"48211000000129961","Savadatti College Cam 3","16.372491","74.563418","48211000000048016","48211000000072956","Active"
"48211000000129962","Savadatti Bus Stand Cam 4","16.374304","74.586392","48211000000048016","48211000000072956","Active"
"48211000000129963","Savadatti Main Road Junction Cam 5","16.360605","74.579272","48211000000048016","48211000000072956","Active"
"48211000000129964","Savadatti Government Office Cam 6","16.373283","74.574687","48211000000048016","48211000000072956","Active"
"48211000000129965","Savadatti Police HQ Gate Cam 7","16.360388","74.572881","48211000000048016","48211000000072956","Active"
"48211000000129966","Savadatti Church Cam 8","16.363507","74.564524","48211000000048016","48211000000072956","Active"
"48211000000129967","Kagawada Residential Cam 1","15.778292","74.87251","48211000000048016","48211000000072958","Active"
"48211000000129968","Kagawada Stadium Cam 2","15.767607","74.878173","48211000000048016","48211000000072958","Active"
"48211000000129969","Kagawada Railway Junction Cam 3","15.774875","74.860268","48211000000048016","48211000000072958","Active"
"48211000000129970","Kagawada Hospital Cam 4","15.787635","74.871877","48211000000048016","48211000000072958","Active"
"48211000000129971","Hukkeri Government Office Cam 1","16.537401","75.160849","48211000000048016","48211000000072959","Active"
"48211000000129972","Hukkeri Court Complex Cam 2","16.561496","75.155237","48211000000048016","48211000000072959","Active"
"48211000000129973","Hukkeri Temple Cam 3","16.547792","75.155358","48211000000048016","48211000000072959","Active"
"48211000000129974","Hukkeri College Cam 4","16.549723","75.133972","48211000000048016","48211000000072959","Active"
"48211000000129975","Hukkeri Railway Junction Cam 5","16.545763","75.144097","48211000000048016","48211000000072959","Active"
"48211000000129976","Hukkeri Mosque Cam 6","16.543464","75.168602","48211000000048016","48211000000072959","Active"
"48211000000129977","Kitturu Government Office Cam 1","16.677316","74.721537","48211000000048016","48211000000072960","Active"
"48211000000129978","Kitturu Temple Cam 2","16.673881","74.722254","48211000000048016","48211000000072960","Active"
"48211000000129979","Kitturu Police HQ Gate Cam 3","16.67608","74.717475","48211000000048016","48211000000072960","Active"
"48211000000129980","Kitturu Government Office Cam 4","16.67521","74.704436","48211000000048016","48211000000072960","Active"
"48211000000129981","Kitturu School Zone Cam 5","16.669021","74.717908","48211000000048016","48211000000072960","Active"
"48211000000129982","Kitturu Stadium Cam 6","16.678098","74.719771","48211000000048016","48211000000072960","Active"
"48211000000129983","Kitturu College Cam 7","16.663564","74.73576","48211000000048016","48211000000072960","Active"
"48211000000129984","Kitturu Stadium Cam 8","16.672394","74.715292","48211000000048016","48211000000072960","Active"
"48211000000129985","Kitturu Main Road Junction Cam 9","16.675301","74.706716","48211000000048016","48211000000072960","Active"
"48211000000129986","Yargatti Stadium Cam 1","15.791827","74.3003","48211000000048016","48211000000072961","Active"
"48211000000129987","Yargatti Main Road Junction Cam 2","15.816193","74.302369","48211000000048016","48211000000072961","Active"
"48211000000129988","Yargatti Police HQ Gate Cam 3","15.800998","74.315671","48211000000048016","48211000000072961","Active"
"48211000000129989","Yargatti Railway Junction Cam 4","15.79941","74.301829","48211000000048016","48211000000072961","Active"
"48211000000129990","Yargatti Court Complex Cam 5","15.803674","74.275664","48211000000048016","48211000000072961","Active"
"48211000000129991","Bengaluru Main Road Junction Cam 1","13.16664","77.472399","48211000000048013","48211000000072962","Active"
"48211000000129992","Bengaluru Mosque Cam 2","13.170858","77.467669","48211000000048013","48211000000072962","Active"
"48211000000129993","Bengaluru Church Cam 3","13.167788","77.49104","48211000000048013","48211000000072962","Active"
"48211000000129994","Bengaluru Hospital Cam 4","13.174927","77.47896","48211000000048013","48211000000072962","Active"
"48211000000129995","Bengaluru Temple Cam 5","13.181403","77.479728","48211000000048013","48211000000072962","Active"
"48211000000129996","Bengaluru Temple Cam 6","13.172675","77.491696","48211000000048013","48211000000072962","Active"
"48211000000129997","Bengaluru Main Road Junction Cam 7","13.176004","77.479554","48211000000048013","48211000000072962","Active"
"48211000000129998","Bengaluru Government Office Cam 8","13.182521","77.483827","48211000000048013","48211000000072962","Active"
"48211000000129999","Bengaluru Temple Cam 9","13.167589","77.472263","48211000000048013","48211000000072962","Active"
"48211000000130000","Bengaluru Hospital Cam 10","13.1788","77.4821","48211000000048013","48211000000072962","Active"
"48211000000130001","Bengaluru Stadium Cam 11","13.170371","77.477812","48211000000048013","48211000000072962","Active"
"48211000000130002","Bengaluru Mosque Cam 12","13.164591","77.485771","48211000000048013","48211000000072962","Active"
"48211000000130003","Bengaluru College Cam 13","13.183123","77.492322","48211000000048013","48211000000072962","Active"
"48211000000130004","Bengaluru Market Cam 14","13.175659","77.478466","48211000000048013","48211000000072962","Active"
"48211000000130005","Bengaluru Hospital Cam 15","13.175408","77.476384","48211000000048013","48211000000072962","Active"
"48211000000130006","Bengaluru Main Road Junction Cam 16","13.169667","77.476541","48211000000048013","48211000000072962","Active"
"48211000000130007","Bengaluru Market Cam 17","13.181052","77.465561","48211000000048013","48211000000072962","Active"
"48211000000130008","Bengaluru Railway Junction Cam 18","13.173523","77.473294","48211000000048013","48211000000072962","Active"
"48211000000130009","Bengaluru Church Cam 19","13.183289","77.4701","48211000000048013","48211000000072962","Inactive"
"48211000000130010","Bengaluru Bus Stand Cam 20","13.178789","77.488906","48211000000048013","48211000000072962","Active"
"48211000000130011","Bengaluru School Zone Cam 21","13.169715","77.49484","48211000000048013","48211000000072962","Active"
"48211000000130012","Bengaluru Mosque Cam 22","13.176435","77.479218","48211000000048013","48211000000072962","Active"
"48211000000130013","Bengaluru Residential Cam 23","13.163567","77.469747","48211000000048013","48211000000072962","Active"
"48211000000130014","Bengaluru Residential Cam 24","13.172537","77.486142","48211000000048013","48211000000072962","Active"
"48211000000130015","Kengeri Hospital Cam 1","12.698878","77.711239","48211000000048013","48211000000072963","Active"
"48211000000130016","Kengeri Court Complex Cam 2","12.675054","77.718242","48211000000048013","48211000000072963","Active"
"48211000000130017","Kengeri Main Road Junction Cam 3","12.691927","77.697953","48211000000048013","48211000000072963","Active"
"48211000000130018","Kengeri College Cam 4","12.695323","77.721051","48211000000048013","48211000000072963","Active"
"48211000000130019","Kengeri Mosque Cam 5","12.683852","77.723016","48211000000048013","48211000000072963","Active"
"48211000000130020","Kengeri Stadium Cam 6","12.677456","77.72091","48211000000048013","48211000000072963","Active"
"48211000000130021","Kengeri Market Cam 7","12.689599","77.723769","48211000000048013","48211000000072963","Active"
"48211000000130022","Kengeri College Cam 8","12.688363","77.725369","48211000000048013","48211000000072963","Active"
"48211000000130023","Kengeri Hospital Cam 9","12.670087","77.722775","48211000000048013","48211000000072963","Active"
"48211000000130024","Kengeri Police HQ Gate Cam 10","12.684205","77.724613","48211000000048013","48211000000072963","Active"
"48211000000130025","Kengeri Court Complex Cam 11","12.671032","77.727365","48211000000048013","48211000000072963","Active"
"48211000000130026","Kengeri Residential Cam 12","12.683895","77.697382","48211000000048013","48211000000072963","Active"
"48211000000130027","Kengeri Main Road Junction Cam 13","12.680021","77.709157","48211000000048013","48211000000072963","Active"
"48211000000130028","Kengeri Market Cam 14","12.681595","77.705221","48211000000048013","48211000000072963","Active"
"48211000000130029","Krishnarajapura Main Road Junction Cam 1","13.004427","77.751914","48211000000048013","48211000000072964","Active"
"48211000000130030","Krishnarajapura Railway Junction Cam 2","13.011921","77.763419","48211000000048013","48211000000072964","Active"
"48211000000130031","Krishnarajapura Mosque Cam 3","12.999208","77.75879","48211000000048013","48211000000072964","Active"
"48211000000130032","Krishnarajapura Railway Junction Cam 4","13.003195","77.773356","48211000000048013","48211000000072964","Active"
"48211000000130033","Krishnarajapura Government Office Cam 5","13.010978","77.762244","48211000000048013","48211000000072964","Active"
"48211000000130034","Krishnarajapura Main Road Junction Cam 6","13.016213","77.77699","48211000000048013","48211000000072964","Active"
"48211000000130035","Krishnarajapura Police HQ Gate Cam 7","13.000377","77.757758","48211000000048013","48211000000072964","Inactive"
"48211000000130036","Krishnarajapura Main Road Junction Cam 8","13.001515","77.760941","48211000000048013","48211000000072964","Active"
"48211000000130037","Krishnarajapura Bus Stand Cam 9","12.997847","77.76818","48211000000048013","48211000000072964","Active"
"48211000000130038","Krishnarajapura Main Road Junction Cam 10","13.010177","77.762423","48211000000048013","48211000000072964","Active"
"48211000000130039","Krishnarajapura Main Road Junction Cam 11","12.986337","77.753539","48211000000048013","48211000000072964","Active"
"48211000000130040","Krishnarajapura Residential Cam 12","12.993467","77.762658","48211000000048013","48211000000072964","Active"
"48211000000130041","Krishnarajapura Railway Junction Cam 13","13.013812","77.760018","48211000000048013","48211000000072964","Active"
"48211000000130042","Krishnarajapura College Cam 14","13.005482","77.762885","48211000000048013","48211000000072964","Active"
"48211000000130043","Krishnarajapura Residential Cam 15","13.020691","77.746085","48211000000048013","48211000000072964","Inactive"
"48211000000130044","Krishnarajapura Railway Junction Cam 16","13.00744","77.777667","48211000000048013","48211000000072964","Active"
"48211000000130045","Krishnarajapura Court Complex Cam 17","13.021309","77.755958","48211000000048013","48211000000072964","Active"
"48211000000130046","Krishnarajapura Railway Junction Cam 18","13.01857","77.760974","48211000000048013","48211000000072964","Active"
"48211000000130047","Krishnarajapura Main Road Junction Cam 19","13.000523","77.763208","48211000000048013","48211000000072964","Active"
"48211000000130048","Krishnarajapura Bus Stand Cam 20","12.995423","77.75947","48211000000048013","48211000000072964","Active"
"48211000000130049","Krishnarajapura Railway Junction Cam 21","13.000257","77.770405","48211000000048013","48211000000072964","Active"
"48211000000130050","Krishnarajapura School Zone Cam 22","12.995741","77.767051","48211000000048013","48211000000072964","Active"
"48211000000130051","Anekal Court Complex Cam 1","12.877173","77.363069","48211000000048013","48211000000072965","Active"
"48211000000130052","Anekal Bus Stand Cam 2","12.884927","77.357625","48211000000048013","48211000000072965","Active"
"48211000000130053","Anekal College Cam 3","12.874896","77.346378","48211000000048013","48211000000072965","Active"
"48211000000130054","Anekal Market Cam 4","12.884887","77.357691","48211000000048013","48211000000072965","Inactive"
"48211000000130055","Anekal Railway Junction Cam 5","12.896681","77.355007","48211000000048013","48211000000072965","Active"
"48211000000130056","Anekal School Zone Cam 6","12.875183","77.373548","48211000000048013","48211000000072965","Active"
"48211000000130057","Anekal Railway Junction Cam 7","12.888067","77.359063","48211000000048013","48211000000072965","Active"
"48211000000130058","Anekal Bus Stand Cam 8","12.888567","77.352911","48211000000048013","48211000000072965","Active"
"48211000000130059","Anekal Court Complex Cam 9","12.884154","77.370865","48211000000048013","48211000000072965","Active"
"48211000000130060","Anekal Mosque Cam 10","12.873485","77.367333","48211000000048013","48211000000072965","Inactive"
"48211000000130061","Anekal Market Cam 11","12.882157","77.349549","48211000000048013","48211000000072965","Active"
"48211000000130062","Anekal Government Office Cam 12","12.883396","77.358913","48211000000048013","48211000000072965","Active"
"48211000000130063","Yelahanka Court Complex Cam 1","12.89988","77.583398","48211000000048013","48211000000072966","Active"
"48211000000130064","Yelahanka School Zone Cam 2","12.912771","77.575854","48211000000048013","48211000000072966","Active"
"48211000000130065","Yelahanka Market Cam 3","12.901813","77.546186","48211000000048013","48211000000072966","Active"
"48211000000130066","Yelahanka Hospital Cam 4","12.910023","77.56543","48211000000048013","48211000000072966","Active"
"48211000000130067","Yelahanka Police HQ Gate Cam 5","12.929608","77.558794","48211000000048013","48211000000072966","Active"
"48211000000130068","Yelahanka Residential Cam 6","12.905838","77.550195","48211000000048013","48211000000072966","Active"
"48211000000130069","Yelahanka School Zone Cam 7","12.893157","77.558536","48211000000048013","48211000000072966","Active"
"48211000000130070","Yelahanka Church Cam 8","12.910148","77.564189","48211000000048013","48211000000072966","Active"
"48211000000130071","Yelahanka Residential Cam 9","12.904836","77.582393","48211000000048013","48211000000072966","Active"
"48211000000130072","Yelahanka College Cam 10","12.910343","77.565234","48211000000048013","48211000000072966","Active"
"48211000000130073","Yelahanka Hospital Cam 11","12.918467","77.556273","48211000000048013","48211000000072966","Active"
"48211000000130074","Yelahanka Temple Cam 12","12.901205","77.566553","48211000000048013","48211000000072966","Active"
"48211000000130075","Yelahanka Main Road Junction Cam 13","12.911206","77.566407","48211000000048013","48211000000072966","Active"
"48211000000130077","Nelamangala Temple Cam 1","13.4443","77.47756","48211000000054383","48211000000072967","Active"
"48211000000130078","Nelamangala Residential Cam 2","13.441082","77.472571","48211000000054383","48211000000072967","Active"
"48211000000130079","Nelamangala School Zone Cam 3","13.446857","77.480005","48211000000054383","48211000000072967","Active"
"48211000000130080","Nelamangala Church Cam 4","13.426751","77.473518","48211000000054383","48211000000072967","Active"
"48211000000130081","Doddaballapura Court Complex Cam 1","12.868974","77.839554","48211000000054383","48211000000072968","Active"
"48211000000130082","Doddaballapura Temple Cam 2","12.888442","77.862814","48211000000054383","48211000000072968","Active"
"48211000000130083","Devanahalli College Cam 1","13.003503","77.337462","48211000000054383","48211000000072969","Active"
"48211000000130084","Devanahalli Government Office Cam 2","13.004514","77.346424","48211000000054383","48211000000072969","Active"
"48211000000130085","Devanahalli Temple Cam 3","13.001588","77.349836","48211000000054383","48211000000072969","Inactive"
"48211000000130086","Hosakote College Cam 1","13.229147","77.95727","48211000000054383","48211000000072970","Active"
"48211000000130087","Hosakote Bus Stand Cam 2","13.252225","77.966361","48211000000054383","48211000000072970","Active"
"48211000000130088","Hosakote Residential Cam 3","13.245356","77.956441","48211000000054383","48211000000072970","Active"
"48211000000130089","Hosakote Police HQ Gate Cam 4","13.223394","77.940163","48211000000054383","48211000000072970","Active"
"48211000000130090","Hosakote Residential Cam 5","13.227923","77.955104","48211000000054383","48211000000072970","Active"
"48211000000130091","Hosakote Hospital Cam 6","13.235586","77.956196","48211000000054383","48211000000072970","Active"
"48211000000130092","Basavakalyana Church Cam 1","17.687796","76.706935","48211000000054384","48211000000072972","Active"
"48211000000130093","Basavakalyana Temple Cam 2","17.703936","76.715676","48211000000054384","48211000000072972","Active"
"48211000000130094","Basavakalyana Residential Cam 3","17.69392","76.702245","48211000000054384","48211000000072972","Active"
"48211000000130095","Basavakalyana Railway Junction Cam 4","17.698607","76.696273","48211000000054384","48211000000072972","Active"
"48211000000130096","Basavakalyana Bus Stand Cam 5","17.680462","76.708725","48211000000054384","48211000000072972","Active"
"48211000000130097","Basavakalyana School Zone Cam 6","17.685456","76.717528","48211000000054384","48211000000072972","Active"
"48211000000130098","Basavakalyana Police HQ Gate Cam 7","17.705257","76.713357","48211000000054384","48211000000072972","Inactive"
"48211000000130099","Bhalki Mosque Cam 1","17.627437","77.311115","48211000000054384","48211000000072973","Active"
"48211000000130100","Bhalki Main Road Junction Cam 2","17.610648","77.322729","48211000000054384","48211000000072973","Active"
"48211000000130101","Bhalki Bus Stand Cam 3","17.623694","77.325262","48211000000054384","48211000000072973","Active"
"48211000000130102","Bhalki Market Cam 4","17.621085","77.331848","48211000000054384","48211000000072973","Active"
"48211000000130103","Bhalki School Zone Cam 5","17.60623","77.331867","48211000000054384","48211000000072973","Active"
"48211000000130104","Bidar Court Complex Cam 1","18.030194","76.943204","48211000000054384","48211000000072974","Active"
"48211000000130105","Bidar Main Road Junction Cam 2","18.031718","76.9408","48211000000054384","48211000000072974","Active"
"48211000000130106","Bidar School Zone Cam 3","18.024268","76.950206","48211000000054384","48211000000072974","Inactive"
"48211000000130107","Bidar Hospital Cam 4","18.019367","76.943431","48211000000054384","48211000000072974","Active"
"48211000000130108","Bidar Bus Stand Cam 5","18.026112","76.93998","48211000000054384","48211000000072974","Active"
"48211000000130109","Bidar Hospital Cam 6","18.030905","76.945044","48211000000054384","48211000000072974","Active"
"48211000000130110","Bidar Police HQ Gate Cam 7","18.030071","76.955561","48211000000054384","48211000000072974","Active"
"48211000000130111","Bidar Main Road Junction Cam 8","18.034968","76.940581","48211000000054384","48211000000072974","Active"
"48211000000130112","Bidar School Zone Cam 9","18.017414","76.952943","48211000000054384","48211000000072974","Active"
"48211000000130113","Bidar College Cam 10","18.031486","76.94685","48211000000054384","48211000000072974","Active"
"48211000000130114","Bidar Police HQ Gate Cam 11","18.02223","76.94254","48211000000054384","48211000000072974","Active"
"48211000000130115","Bidar Church Cam 12","18.036566","76.942537","48211000000054384","48211000000072974","Active"
"48211000000130116","Bidar Temple Cam 13","18.016098","76.944526","48211000000054384","48211000000072974","Active"
"48211000000130117","Bidar School Zone Cam 14","18.029818","76.949278","48211000000054384","48211000000072974","Active"
"48211000000130118","Bidar Railway Junction Cam 15","18.02601","76.947229","48211000000054384","48211000000072974","Active"
"48211000000130119","Bidar Hospital Cam 16","18.030285","76.946564","48211000000054384","48211000000072974","Active"
"48211000000130120","Bidar Hospital Cam 17","18.019896","76.941082","48211000000054384","48211000000072974","Active"
"48211000000130121","Chitgoppa Market Cam 1","18.420282","77.283831","48211000000054384","48211000000072975","Active"
"48211000000130122","Chitgoppa Residential Cam 2","18.428407","77.294836","48211000000054384","48211000000072975","Active"
"48211000000130123","Chitgoppa College Cam 3","18.426084","77.277903","48211000000054384","48211000000072975","Active"
"48211000000130124","Hulsuru Court Complex Cam 1","18.262948","77.588481","48211000000054384","48211000000072976","Active"
"48211000000130125","Hulsuru Mosque Cam 2","18.280072","77.583385","48211000000054384","48211000000072976","Active"
"48211000000130126","Humnabad Railway Junction Cam 1","17.896431","77.568116","48211000000054384","48211000000072977","Active"
"48211000000130127","Humnabad Mosque Cam 2","17.871416","77.570183","48211000000054384","48211000000072977","Active"
"48211000000130128","Kamalanagara Mosque Cam 1","17.697801","77.022078","48211000000054384","48211000000072978","Active"
"48211000000130129","Kamalanagara Church Cam 2","17.708069","77.014738","48211000000054384","48211000000072978","Active"
"48211000000130130","Kamalanagara Mosque Cam 3","17.717232","77.022413","48211000000054384","48211000000072978","Active"
"48211000000130131","Kamalanagara Residential Cam 4","17.687436","77.005247","48211000000054384","48211000000072978","Active"
"48211000000130132","Kamalanagara Mosque Cam 5","17.683535","77.028122","48211000000054384","48211000000072978","Inactive"
"48211000000130133","Chamarajanagara Bus Stand Cam 1","12.142017","76.855064","48211000000054385","48211000000072979","Active"
"48211000000130134","Chamarajanagara Church Cam 2","12.14778","76.859067","48211000000054385","48211000000072979","Active"
"48211000000130135","Chamarajanagara Residential Cam 3","12.140918","76.85959","48211000000054385","48211000000072979","Active"
"48211000000130136","Chamarajanagara Church Cam 4","12.153176","76.869637","48211000000054385","48211000000072979","Active"
"48211000000130137","Chamarajanagara Mosque Cam 5","12.132955","76.865175","48211000000054385","48211000000072979","Active"
"48211000000130138","Chamarajanagara Temple Cam 6","12.139405","76.852412","48211000000054385","48211000000072979","Active"
"48211000000130139","Chamarajanagara Stadium Cam 7","12.13766","76.854582","48211000000054385","48211000000072979","Active"
"48211000000130140","Chamarajanagara Stadium Cam 8","12.151346","76.85808","48211000000054385","48211000000072979","Active"
"48211000000130141","Chamarajanagara Market Cam 9","12.156744","76.852232","48211000000054385","48211000000072979","Active"
"48211000000130142","Chamarajanagara Government Office Cam 10","12.146176","76.847875","48211000000054385","48211000000072979","Active"
"48211000000130143","Gundlupete Court Complex Cam 1","12.11754","77.759683","48211000000054385","48211000000072980","Active"
"48211000000130144","Gundlupete Police HQ Gate Cam 2","12.131333","77.754223","48211000000054385","48211000000072980","Active"
"48211000000130145","Gundlupete Mosque Cam 3","12.104485","77.778508","48211000000054385","48211000000072980","Inactive"
"48211000000130146","Kollegala Hospital Cam 1","11.709488","76.445619","48211000000054385","48211000000072981","Active"
"48211000000130147","Kollegala Main Road Junction Cam 2","11.719436","76.424775","48211000000054385","48211000000072981","Active"
"48211000000130148","Kollegala Stadium Cam 3","11.704821","76.450173","48211000000054385","48211000000072981","Active"
"48211000000130149","Yelanduru Market Cam 1","11.799801","77.301213","48211000000054385","48211000000072982","Active"
"48211000000130150","Yelanduru Residential Cam 2","11.795506","77.310834","48211000000054385","48211000000072982","Active"
"48211000000130151","Yelanduru Hospital Cam 3","11.811852","77.31026","48211000000054385","48211000000072982","Active"
"48211000000130152","Hanuru Church Cam 1","12.279116","77.323255","48211000000054385","48211000000072983","Active"
"48211000000130153","Chikkaballapura School Zone Cam 1","13.498117","77.584801","48211000000054386","48211000000072984","Active"
"48211000000130154","Bagepalli Church Cam 1","13.842802","78.106934","48211000000054386","48211000000072985","Active"
"48211000000130155","Gauribidanuru Main Road Junction Cam 1","13.810197","77.75153","48211000000054386","48211000000072987","Active"
"48211000000130156","Gauribidanuru College Cam 2","13.79101","77.749643","48211000000054386","48211000000072987","Active"
"48211000000130157","Gauribidanuru School Zone Cam 3","13.820377","77.778804","48211000000054386","48211000000072987","Active"
"48211000000130158","Gauribidanuru Mosque Cam 4","13.808215","77.758187","48211000000054386","48211000000072987","Active"
"48211000000130159","Gudibanda Police HQ Gate Cam 1","13.542283","77.891411","48211000000054386","48211000000072988","Active"
"48211000000130160","Sidlaghatta Court Complex Cam 1","13.268344","77.822954","48211000000054386","48211000000072989","Active"
"48211000000130161","Sidlaghatta Mosque Cam 2","13.256998","77.829827","48211000000054386","48211000000072989","Active"
"48211000000130162","Cheluru Railway Junction Cam 1","13.596913","78.14387","48211000000054386","48211000000072990","Active"
"48211000000130163","Manchenahalli Police HQ Gate Cam 1","13.614543","77.378064","48211000000054386","48211000000072991","Active"
"48211000000130164","Manchenahalli Mosque Cam 2","13.601491","77.377366","48211000000054386","48211000000072991","Active"
"48211000000130165","Chikkamagaluru Stadium Cam 1","13.478392","76.087853","48211000000054387","48211000000072992","Active"
"48211000000130166","Chikkamagaluru Railway Junction Cam 2","13.472236","76.081966","48211000000054387","48211000000072992","Active"
"48211000000130167","Chikkamagaluru Railway Junction Cam 3","13.483808","76.097972","48211000000054387","48211000000072992","Active"
"48211000000130168","Chikkamagaluru Railway Junction Cam 4","13.482358","76.086103","48211000000054387","48211000000072992","Active"
"48211000000130169","Chikkamagaluru Government Office Cam 5","13.483687","76.080886","48211000000054387","48211000000072992","Active"
"48211000000130170","Chikkamagaluru Main Road Junction Cam 6","13.482631","76.098195","48211000000054387","48211000000072992","Active"
"48211000000130171","Mudigere Government Office Cam 1","13.734067","75.53262","48211000000054387","48211000000072995","Active"
"48211000000130172","Mudigere Main Road Junction Cam 2","13.726796","75.51854","48211000000054387","48211000000072995","Inactive"
"48211000000130173","Mudigere Mosque Cam 3","13.726301","75.497399","48211000000054387","48211000000072995","Active"
"48211000000130174","Tarikere Stadium Cam 1","13.563451","75.790597","48211000000054387","48211000000072998","Inactive"
"48211000000130175","Tarikere Main Road Junction Cam 2","13.554691","75.783878","48211000000054387","48211000000072998","Active"
"48211000000130176","Kalasa Hospital Cam 1","13.283188","75.851337","48211000000054387","48211000000073000","Active"
"48211000000130177","Kalasa Government Office Cam 2","13.273415","75.864613","48211000000054387","48211000000073000","Active"
"48211000000130178","Chitradurga Market Cam 1","14.475703","76.486888","48211000000054388","48211000000074001","Active"
"48211000000130179","Chitradurga Hospital Cam 2","14.472899","76.492207","48211000000054388","48211000000074001","Active"
"48211000000130180","Chitradurga Main Road Junction Cam 3","14.47112","76.494799","48211000000054388","48211000000074001","Active"
"48211000000130181","Chitradurga Main Road Junction Cam 4","14.478356","76.4822","48211000000054388","48211000000074001","Active"
"48211000000130182","Chitradurga Government Office Cam 5","14.482054","76.493863","48211000000054388","48211000000074001","Active"
"48211000000130183","Chitradurga Market Cam 6","14.475377","76.483141","48211000000054388","48211000000074001","Active"
"48211000000130184","Chitradurga Mosque Cam 7","14.465129","76.496645","48211000000054388","48211000000074001","Active"
"48211000000130185","Chitradurga Bus Stand Cam 8","14.476111","76.485467","48211000000054388","48211000000074001","Active"
"48211000000130186","Chitradurga Court Complex Cam 9","14.463041","76.486001","48211000000054388","48211000000074001","Active"
"48211000000130187","Chitradurga Mosque Cam 10","14.475516","76.503136","48211000000054388","48211000000074001","Active"
"48211000000130188","Chitradurga Market Cam 11","14.488061","76.487251","48211000000054388","48211000000074001","Active"
"48211000000130189","Chitradurga Church Cam 12","14.478841","76.484639","48211000000054388","48211000000074001","Active"
"48211000000130190","Chitradurga Government Office Cam 13","14.475877","76.502787","48211000000054388","48211000000074001","Active"
"48211000000130191","Chitradurga Court Complex Cam 14","14.475421","76.48515","48211000000054388","48211000000074001","Active"
"48211000000130192","Chitradurga Temple Cam 15","14.488036","76.497055","48211000000054388","48211000000074001","Active"
"48211000000130193","Chitradurga Main Road Junction Cam 16","14.473933","76.471949","48211000000054388","48211000000074001","Active"
"48211000000130194","Chitradurga School Zone Cam 17","14.483771","76.500915","48211000000054388","48211000000074001","Active"
"48211000000130195","Chitradurga Police HQ Gate Cam 18","14.481759","76.499103","48211000000054388","48211000000074001","Active"
"48211000000130196","Chitradurga Bus Stand Cam 19","14.479565","76.486587","48211000000054388","48211000000074001","Active"
"48211000000130197","Chitradurga Bus Stand Cam 20","14.46442","76.485782","48211000000054388","48211000000074001","Active"
"48211000000130198","Hiriyur College Cam 1","14.071111","76.903507","48211000000054388","48211000000074003","Active"
"48211000000130199","Hiriyur Mosque Cam 2","14.071712","76.899751","48211000000054388","48211000000074003","Active"
"48211000000130200","Hiriyur School Zone Cam 3","14.061253","76.907973","48211000000054388","48211000000074003","Active"
"48211000000130201","Hiriyur Market Cam 4","14.052013","76.895228","48211000000054388","48211000000074003","Active"
"48211000000130202","Hiriyur Bus Stand Cam 5","14.066357","76.900682","48211000000054388","48211000000074003","Active"
"48211000000130203","Hiriyur Hospital Cam 6","14.084819","76.900511","48211000000054388","48211000000074003","Inactive"
"48211000000130204","Holalkere College Cam 1","14.970281","76.81579","48211000000054388","48211000000074004","Active"
"48211000000130205","Holalkere Mosque Cam 2","14.954466","76.818396","48211000000054388","48211000000074004","Active"
"48211000000130206","Holalkere Government Office Cam 3","14.956042","76.812028","48211000000054388","48211000000074004","Active"
"48211000000130207","Holalkere Stadium Cam 4","14.952457","76.814095","48211000000054388","48211000000074004","Active"
"48211000000130208","Holalkere Government Office Cam 5","14.974691","76.823269","48211000000054388","48211000000074004","Active"
"48211000000130209","Holalkere Mosque Cam 6","14.951736","76.817005","48211000000054388","48211000000074004","Active"
"48211000000130210","Hosadurga Church Cam 1","14.089083","76.122961","48211000000054388","48211000000074005","Active"
"48211000000130211","Hosadurga Hospital Cam 2","14.090171","76.12617","48211000000054388","48211000000074005","Active"
"48211000000130212","Molakalmuru Police HQ Gate Cam 1","14.478329","76.92299","48211000000054388","48211000000074006","Active"
"48211000000130213","Molakalmuru Railway Junction Cam 2","14.477522","76.897085","48211000000054388","48211000000074006","Active"
"48211000000130214","Molakalmuru Court Complex Cam 3","14.478816","76.907161","48211000000054388","48211000000074006","Active"
"48211000000130215","Molakalmuru Railway Junction Cam 4","14.473823","76.908717","48211000000054388","48211000000074006","Active"
"48211000000130216","Molakalmuru Railway Junction Cam 5","14.487663","76.891411","48211000000054388","48211000000074006","Active"
"48211000000130217","Mangaluru Market Cam 1","12.77815","75.552021","48211000000048015","48211000000074007","Active"
"48211000000130218","Mangaluru Temple Cam 2","12.772537","75.552887","48211000000048015","48211000000074007","Inactive"
"48211000000130219","Mangaluru Court Complex Cam 3","12.76444","75.553636","48211000000048015","48211000000074007","Active"
"48211000000130220","Mangaluru Railway Junction Cam 4","12.776991","75.552935","48211000000048015","48211000000074007","Active"
"48211000000130221","Mangaluru Police HQ Gate Cam 5","12.768987","75.564733","48211000000048015","48211000000074007","Active"
"48211000000130222","Mangaluru Church Cam 6","12.768105","75.555843","48211000000048015","48211000000074007","Active"
"48211000000130223","Mangaluru Main Road Junction Cam 7","12.763962","75.556113","48211000000048015","48211000000074007","Active"
"48211000000130224","Mangaluru Police HQ Gate Cam 8","12.772542","75.552562","48211000000048015","48211000000074007","Active"
"48211000000130225","Mangaluru Mosque Cam 9","12.759825","75.560877","48211000000048015","48211000000074007","Active"
"48211000000130226","Mangaluru Market Cam 10","12.780825","75.55677","48211000000048015","48211000000074007","Active"
"48211000000130227","Mangaluru College Cam 11","12.774196","75.562632","48211000000048015","48211000000074007","Inactive"
"48211000000130228","Mangaluru Main Road Junction Cam 12","12.775366","75.554991","48211000000048015","48211000000074007","Active"
"48211000000130229","Mangaluru Main Road Junction Cam 13","12.773751","75.553299","48211000000048015","48211000000074007","Active"
"48211000000130230","Mangaluru School Zone Cam 14","12.762438","75.561723","48211000000048015","48211000000074007","Active"
"48211000000130231","Mangaluru Bus Stand Cam 15","12.781109","75.547664","48211000000048015","48211000000074007","Active"
"48211000000130232","Mangaluru Government Office Cam 16","12.777566","75.541474","48211000000048015","48211000000074007","Active"
"48211000000130233","Mangaluru Railway Junction Cam 17","12.768018","75.551304","48211000000048015","48211000000074007","Active"
"48211000000130234","Mangaluru Police HQ Gate Cam 18","12.78556","75.554896","48211000000048015","48211000000074007","Active"
"48211000000130235","Mangaluru Hospital Cam 19","12.768369","75.550783","48211000000048015","48211000000074007","Active"
"48211000000130236","Mangaluru Residential Cam 20","12.768104","75.567669","48211000000048015","48211000000074007","Active"
"48211000000130237","Mulki Police HQ Gate Cam 1","12.805381","74.905943","48211000000048015","48211000000074009","Active"
"48211000000130238","Mulki Court Complex Cam 2","12.780787","74.901784","48211000000048015","48211000000074009","Active"
"48211000000130239","Mulki School Zone Cam 3","12.781458","74.904793","48211000000048015","48211000000074009","Active"
"48211000000130240","Mulki Market Cam 4","12.798051","74.893237","48211000000048015","48211000000074009","Active"
"48211000000130241","Mulki Mosque Cam 5","12.796556","74.89243","48211000000048015","48211000000074009","Active"
"48211000000130242","Mulki Residential Cam 6","12.784363","74.90085","48211000000048015","48211000000074009","Active"
"48211000000130243","Mulki Railway Junction Cam 7","12.79162","74.893641","48211000000048015","48211000000074009","Active"
"48211000000130244","Mulki Mosque Cam 8","12.775586","74.885811","48211000000048015","48211000000074009","Active"
"48211000000130245","Mulki Market Cam 9","12.77427","74.90505","48211000000048015","48211000000074009","Active"
"48211000000130246","Mulki Bus Stand Cam 10","12.78755","74.906651","48211000000048015","48211000000074009","Active"
"48211000000130247","Moodbidri School Zone Cam 1","13.115883","75.248478","48211000000048015","48211000000074010","Active"
"48211000000130248","Moodbidri Residential Cam 2","13.103941","75.232507","48211000000048015","48211000000074010","Active"
"48211000000130249","Moodbidri Market Cam 3","13.128738","75.22547","48211000000048015","48211000000074010","Active"
"48211000000130250","Moodbidri Railway Junction Cam 4","13.135085","75.21936","48211000000048015","48211000000074010","Active"
"48211000000130251","Bantwala Residential Cam 1","12.612544","75.225979","48211000000048015","48211000000074011","Active"
"48211000000130252","Bantwala Residential Cam 2","12.611401","75.218051","48211000000048015","48211000000074011","Active"
"48211000000130253","Bantwala Market Cam 3","12.621596","75.224632","48211000000048015","48211000000074011","Active"
"48211000000130254","Bantwala Church Cam 4","12.611984","75.226187","48211000000048015","48211000000074011","Active"
"48211000000130255","Bantwala Temple Cam 5","12.60224","75.228908","48211000000048015","48211000000074011","Active"
"48211000000130256","Bantwala Residential Cam 6","12.615072","75.214161","48211000000048015","48211000000074011","Active"
"48211000000130257","Putturu Market Cam 1","12.489533","75.476238","48211000000048015","48211000000074013","Active"
"48211000000130258","Putturu Railway Junction Cam 2","12.486077","75.475746","48211000000048015","48211000000074013","Active"
"48211000000130259","Putturu Residential Cam 3","12.486388","75.481713","48211000000048015","48211000000074013","Active"
"48211000000130260","Putturu Stadium Cam 4","12.464402","75.468265","48211000000048015","48211000000074013","Active"
"48211000000130261","Putturu Stadium Cam 5","12.489578","75.486507","48211000000048015","48211000000074013","Active"
"48211000000130262","Putturu Mosque Cam 6","12.477851","75.486235","48211000000048015","48211000000074013","Active"
"48211000000130263","Sulya Hospital Cam 1","13.037549","75.50264","48211000000048015","48211000000074014","Active"
"48211000000130264","Sulya Government Office Cam 2","13.042047","75.4902","48211000000048015","48211000000074014","Active"
"48211000000130265","Sulya Bus Stand Cam 3","13.038858","75.489959","48211000000048015","48211000000074014","Active"
"48211000000130266","Sulya Railway Junction Cam 4","13.040051","75.490899","48211000000048015","48211000000074014","Active"
"48211000000130267","Sulya Market Cam 5","13.03491","75.503209","48211000000048015","48211000000074014","Active"
"48211000000130268","Sulya School Zone Cam 6","13.027758","75.495472","48211000000048015","48211000000074014","Active"
"48211000000130269","Sulya School Zone Cam 7","13.034396","75.481415","48211000000048015","48211000000074014","Active"
"48211000000130270","Sulya Church Cam 8","13.023614","75.496799","48211000000048015","48211000000074014","Active"
"48211000000130271","Sulya Government Office Cam 9","13.060425","75.490985","48211000000048015","48211000000074014","Active"
"48211000000130272","Sulya Residential Cam 10","13.050137","75.497921","48211000000048015","48211000000074014","Active"
"48211000000130273","Kadaba Bus Stand Cam 1","12.859946","75.178014","48211000000048015","48211000000074015","Active"
"48211000000130274","Kadaba Stadium Cam 2","12.85249","75.192466","48211000000048015","48211000000074015","Active"
"48211000000130275","Kadaba Temple Cam 3","12.877901","75.171146","48211000000048015","48211000000074015","Active"
"48211000000130276","Kadaba Temple Cam 4","12.882198","75.180427","48211000000048015","48211000000074015","Active"
"48211000000130277","Kadaba Main Road Junction Cam 5","12.876238","75.169624","48211000000048015","48211000000074015","Active"
"48211000000130278","Kadaba Stadium Cam 6","12.861225","75.175399","48211000000048015","48211000000074015","Active"
"48211000000130279","Kadaba Church Cam 7","12.84783","75.189109","48211000000048015","48211000000074015","Inactive"
"48211000000130280","Davanagere Hospital Cam 1","14.676027","76.08154","48211000000054389","48211000000074016","Active"
"48211000000130281","Davanagere Court Complex Cam 2","14.678822","76.101247","48211000000054389","48211000000074016","Active"
"48211000000130282","Davanagere College Cam 3","14.689815","76.086795","48211000000054389","48211000000074016","Inactive"
"48211000000130283","Davanagere Church Cam 4","14.68754","76.084977","48211000000054389","48211000000074016","Active"
"48211000000130284","Davanagere Market Cam 5","14.683477","76.094335","48211000000054389","48211000000074016","Active"
"48211000000130285","Davanagere Church Cam 6","14.684896","76.091126","48211000000054389","48211000000074016","Active"
"48211000000130286","Davanagere Stadium Cam 7","14.681098","76.089782","48211000000054389","48211000000074016","Active"
"48211000000130287","Davanagere Hospital Cam 8","14.679266","76.083135","48211000000054389","48211000000074016","Active"
"48211000000130288","Davanagere Government Office Cam 9","14.665134","76.078115","48211000000054389","48211000000074016","Active"
"48211000000130289","Davanagere Mosque Cam 10","14.677077","76.09356","48211000000054389","48211000000074016","Active"
"48211000000130290","Davanagere Hospital Cam 11","14.681923","76.092106","48211000000054389","48211000000074016","Active"
"48211000000130291","Davanagere Temple Cam 12","14.673959","76.083835","48211000000054389","48211000000074016","Active"
"48211000000130292","Davanagere Church Cam 13","14.673516","76.090406","48211000000054389","48211000000074016","Active"
"48211000000130293","Harihara Residential Cam 1","14.096157","75.466315","48211000000054389","48211000000074017","Active"
"48211000000130294","Harihara Church Cam 2","14.099959","75.453021","48211000000054389","48211000000074017","Active"
"48211000000130295","Harihara Temple Cam 3","14.10055","75.447596","48211000000054389","48211000000074017","Active"
"48211000000130296","Harihara Government Office Cam 4","14.109671","75.460715","48211000000054389","48211000000074017","Active"
"48211000000130297","Channagiri Court Complex Cam 1","13.862296","76.00762","48211000000054389","48211000000074018","Active"
"48211000000130298","Channagiri Mosque Cam 2","13.860715","76.027563","48211000000054389","48211000000074018","Active"
"48211000000130299","Channagiri Main Road Junction Cam 3","13.866271","76.013981","48211000000054389","48211000000074018","Inactive"
"48211000000130300","Channagiri Residential Cam 4","13.902188","76.01907","48211000000054389","48211000000074018","Active"
"48211000000130301","Channagiri Church Cam 5","13.879329","76.033958","48211000000054389","48211000000074018","Active"
"48211000000130302","Channagiri College Cam 6","13.867956","76.010161","48211000000054389","48211000000074018","Active"
"48211000000130303","Channagiri Church Cam 7","13.870328","76.027081","48211000000054389","48211000000074018","Active"
"48211000000130304","Honnali Main Road Junction Cam 1","14.280346","75.875133","48211000000054389","48211000000074019","Active"
"48211000000130305","Honnali Government Office Cam 2","14.278352","75.893529","48211000000054389","48211000000074019","Active"
"48211000000130306","Nyamathi Bus Stand Cam 1","14.537455","76.49782","48211000000054389","48211000000074020","Active"
"48211000000130307","Nyamathi Market Cam 2","14.550679","76.498375","48211000000054389","48211000000074020","Active"
"48211000000130308","Nyamathi College Cam 3","14.534649","76.480602","48211000000054389","48211000000074020","Active"
"48211000000130309","Nyamathi Railway Junction Cam 4","14.541189","76.489231","48211000000054389","48211000000074020","Active"
"48211000000130310","Jagaluru Residential Cam 1","14.864661","75.819624","48211000000054389","48211000000074021","Active"
"48211000000130311","Jagaluru Hospital Cam 2","14.859263","75.820806","48211000000054389","48211000000074021","Active"
"48211000000130312","Jagaluru Bus Stand Cam 3","14.861089","75.826364","48211000000054389","48211000000074021","Active"
"48211000000130313","Kalghatgi Mosque Cam 1","15.629594","75.147025","48211000000048017","48211000000074022","Active"
"48211000000130314","Kalghatgi Residential Cam 2","15.615823","75.135545","48211000000048017","48211000000074022","Active"
"48211000000130315","Kalghatgi Court Complex Cam 3","15.616671","75.147026","48211000000048017","48211000000074022","Active"
"48211000000130316","Kalghatgi Railway Junction Cam 4","15.594572","75.13921","48211000000048017","48211000000074022","Active"
"48211000000130317","Kalghatgi Main Road Junction Cam 5","15.628758","75.138421","48211000000048017","48211000000074022","Active"
"48211000000130318","Dharwad School Zone Cam 1","15.114798","75.412201","48211000000048017","48211000000074023","Active"
"48211000000130319","Dharwad Railway Junction Cam 2","15.109999","75.394972","48211000000048017","48211000000074023","Active"
"48211000000130320","Dharwad Hospital Cam 3","15.095152","75.412342","48211000000048017","48211000000074023","Active"
"48211000000130321","Dharwad Stadium Cam 4","15.111652","75.419418","48211000000048017","48211000000074023","Active"
"48211000000130322","Dharwad Hospital Cam 5","15.104584","75.416327","48211000000048017","48211000000074023","Active"
"48211000000130323","Dharwad Bus Stand Cam 6","15.115757","75.42296","48211000000048017","48211000000074023","Active"
"48211000000130324","Dharwad Mosque Cam 7","15.097637","75.41069","48211000000048017","48211000000074023","Active"
"48211000000130325","Hubballi Rural Market Cam 1","15.112455","74.854785","48211000000048017","48211000000074024","Inactive"
"48211000000130326","Hubballi Rural Railway Junction Cam 2","15.125898","74.856007","48211000000048017","48211000000074024","Active"
"48211000000130327","Hubballi Rural Market Cam 3","15.118214","74.859762","48211000000048017","48211000000074024","Active"
"48211000000130328","Hubballi Rural Police HQ Gate Cam 4","15.131937","74.859725","48211000000048017","48211000000074024","Active"
"48211000000130329","Hubballi Rural Main Road Junction Cam 5","15.129529","74.872148","48211000000048017","48211000000074024","Active"
"48211000000130330","Hubballi Rural Court Complex Cam 6","15.122424","74.862622","48211000000048017","48211000000074024","Active"
"48211000000130331","Hubballi Rural Bus Stand Cam 7","15.119012","74.874886","48211000000048017","48211000000074024","Active"
"48211000000130332","Hubballi Rural Stadium Cam 8","15.120504","74.858546","48211000000048017","48211000000074024","Active"
"48211000000130333","Hubballi Rural Government Office Cam 9","15.121371","74.86667","48211000000048017","48211000000074024","Active"
"48211000000130334","Hubballi Rural Hospital Cam 10","15.10945","74.854283","48211000000048017","48211000000074024","Active"
"48211000000130335","Hubballi Rural Stadium Cam 11","15.120079","74.860909","48211000000048017","48211000000074024","Active"
"48211000000130336","Hubballi Rural Temple Cam 12","15.120226","74.868712","48211000000048017","48211000000074024","Active"
"48211000000130337","Hubballi Urban Bus Stand Cam 1","15.470289","74.746953","48211000000048017","48211000000074025","Active"
"48211000000130338","Hubballi Urban Church Cam 2","15.48092","74.744644","48211000000048017","48211000000074025","Active"
"48211000000130339","Hubballi Urban Government Office Cam 3","15.477935","74.741148","48211000000048017","48211000000074025","Active"
"48211000000130340","Hubballi Urban Temple Cam 4","15.475162","74.750715","48211000000048017","48211000000074025","Active"
"48211000000130341","Hubballi Urban School Zone Cam 5","15.481219","74.738778","48211000000048017","48211000000074025","Active"
"48211000000130342","Hubballi Urban Church Cam 6","15.479789","74.738781","48211000000048017","48211000000074025","Active"
"48211000000130343","Hubballi Urban School Zone Cam 7","15.471143","74.743192","48211000000048017","48211000000074025","Active"
"48211000000130344","Hubballi Urban School Zone Cam 8","15.469054","74.747229","48211000000048017","48211000000074025","Active"
"48211000000130345","Hubballi Urban College Cam 9","15.475665","74.736163","48211000000048017","48211000000074025","Active"
"48211000000130346","Hubballi Urban Church Cam 10","15.472431","74.734391","48211000000048017","48211000000074025","Active"
"48211000000130347","Hubballi Urban Stadium Cam 11","15.478245","74.735674","48211000000048017","48211000000074025","Active"
"48211000000130348","Hubballi Urban Market Cam 12","15.477289","74.740678","48211000000048017","48211000000074025","Active"
"48211000000130349","Hubballi Urban Police HQ Gate Cam 13","15.474012","74.733447","48211000000048017","48211000000074025","Active"
"48211000000130350","Hubballi Urban Police HQ Gate Cam 14","15.472661","74.738874","48211000000048017","48211000000074025","Active"
"48211000000130351","Hubballi Urban Government Office Cam 15","15.473392","74.738288","48211000000048017","48211000000074025","Active"
"48211000000130352","Hubballi Urban Market Cam 16","15.471573","74.733485","48211000000048017","48211000000074025","Active"
"48211000000130353","Hubballi Urban College Cam 17","15.478903","74.735512","48211000000048017","48211000000074025","Active"
"48211000000130354","Hubballi Urban Bus Stand Cam 18","15.485192","74.737458","48211000000048017","48211000000074025","Active"
"48211000000130355","Hubballi Urban Residential Cam 19","15.476145","74.735675","48211000000048017","48211000000074025","Active"
"48211000000130356","Hubballi Urban Police HQ Gate Cam 20","15.478148","74.740247","48211000000048017","48211000000074025","Active"
"48211000000130357","Hubballi Urban College Cam 21","15.481135","74.744761","48211000000048017","48211000000074025","Active"
"48211000000130358","Hubballi Urban Railway Junction Cam 22","15.478436","74.740096","48211000000048017","48211000000074025","Active"
"48211000000130359","Kundagolu Railway Junction Cam 1","15.564566","75.518854","48211000000048017","48211000000074026","Active"
"48211000000130360","Kundagolu Market Cam 2","15.589913","75.492842","48211000000048017","48211000000074026","Active"
"48211000000130361","Kundagolu Police HQ Gate Cam 3","15.566279","75.508209","48211000000048017","48211000000074026","Active"
"48211000000130362","Kundagolu School Zone Cam 4","15.576115","75.499242","48211000000048017","48211000000074026","Active"
"48211000000130363","Kundagolu Government Office Cam 5","15.57375","75.50733","48211000000048017","48211000000074026","Active"
"48211000000130364","Kundagolu School Zone Cam 6","15.582494","75.49837","48211000000048017","48211000000074026","Inactive"
"48211000000130365","Kundagolu Main Road Junction Cam 7","15.563731","75.512384","48211000000048017","48211000000074026","Active"
"48211000000130366","Kundagolu School Zone Cam 8","15.579111","75.509343","48211000000048017","48211000000074026","Active"
"48211000000130367","Navalgunda School Zone Cam 1","15.290491","75.138335","48211000000048017","48211000000074027","Active"
"48211000000130368","Navalgunda Police HQ Gate Cam 2","15.289912","75.153417","48211000000048017","48211000000074027","Active"
"48211000000130369","Navalgunda Railway Junction Cam 3","15.302226","75.133073","48211000000048017","48211000000074027","Active"
"48211000000130370","Navalgunda Railway Junction Cam 4","15.307612","75.142106","48211000000048017","48211000000074027","Active"
"48211000000130371","Navalgunda Stadium Cam 5","15.30714","75.130854","48211000000048017","48211000000074027","Active"
"48211000000130372","Navalgunda School Zone Cam 6","15.304122","75.143731","48211000000048017","48211000000074027","Active"
"48211000000130373","Navalgunda Stadium Cam 7","15.319994","75.13594","48211000000048017","48211000000074027","Active"
"48211000000130374","Navalgunda Temple Cam 8","15.287143","75.143776","48211000000048017","48211000000074027","Active"
"48211000000130375","Navalgunda Hospital Cam 9","15.314091","75.120441","48211000000048017","48211000000074027","Active"
"48211000000130376","Navalgunda Temple Cam 10","15.291944","75.141954","48211000000048017","48211000000074027","Active"
"48211000000130377","Alnavara Court Complex Cam 1","15.364621","75.371438","48211000000048017","48211000000074028","Active"
"48211000000130378","Alnavara Stadium Cam 2","15.355272","75.381211","48211000000048017","48211000000074028","Active"
"48211000000130379","Alnavara Railway Junction Cam 3","15.389845","75.397663","48211000000048017","48211000000074028","Active"
"48211000000130380","Alnavara Railway Junction Cam 4","15.35414","75.388805","48211000000048017","48211000000074028","Active"
"48211000000130381","Alnavara Government Office Cam 5","15.349534","75.382223","48211000000048017","48211000000074028","Active"
"48211000000130382","Alnavara Mosque Cam 6","15.364829","75.391516","48211000000048017","48211000000074028","Inactive"
"48211000000130383","Alnavara Government Office Cam 7","15.370553","75.388043","48211000000048017","48211000000074028","Inactive"
"48211000000130384","Alnavara Temple Cam 8","15.384421","75.396985","48211000000048017","48211000000074028","Active"
"48211000000130385","Alnavara Temple Cam 9","15.352499","75.380533","48211000000048017","48211000000074028","Active"
"48211000000130386","Gadag Main Road Junction Cam 1","15.799323","75.721813","48211000000054390","48211000000074030","Active"
"48211000000130387","Gadag Court Complex Cam 2","15.796027","75.709051","48211000000054390","48211000000074030","Active"
"48211000000130388","Gadag Residential Cam 3","15.803817","75.73182","48211000000054390","48211000000074030","Active"
"48211000000130389","Gadag Main Road Junction Cam 4","15.805743","75.736003","48211000000054390","48211000000074030","Active"
"48211000000130390","Gadag College Cam 5","15.789718","75.730012","48211000000054390","48211000000074030","Active"
"48211000000130391","Gadag Mosque Cam 6","15.791405","75.713525","48211000000054390","48211000000074030","Active"
"48211000000130392","Gadag Court Complex Cam 7","15.797402","75.720127","48211000000054390","48211000000074030","Active"
"48211000000130393","Gadag Hospital Cam 8","15.807741","75.735439","48211000000054390","48211000000074030","Active"
"48211000000130394","Gadag Railway Junction Cam 9","15.803205","75.714921","48211000000054390","48211000000074030","Active"
"48211000000130395","Naragunda Stadium Cam 1","14.990511","75.555646","48211000000054390","48211000000074031","Active"
"48211000000130396","Naragunda Mosque Cam 2","14.978525","75.538012","48211000000054390","48211000000074031","Active"
"48211000000130397","Mundaragi Bus Stand Cam 1","15.712865","75.291869","48211000000054390","48211000000074032","Active"
"48211000000130398","Mundaragi Railway Junction Cam 2","15.714577","75.314017","48211000000054390","48211000000074032","Active"
"48211000000130399","Gajendragada Court Complex Cam 1","15.407839","75.514003","48211000000054390","48211000000074034","Active"
"48211000000130400","Gajendragada Mosque Cam 2","15.413769","75.515277","48211000000054390","48211000000074034","Active"
"48211000000130401","Gajendragada Government Office Cam 3","15.385719","75.524016","48211000000054390","48211000000074034","Inactive"
"48211000000130402","Lakshmeshwara Market Cam 1","15.745496","76.031307","48211000000054390","48211000000074035","Active"
"48211000000130403","Lakshmeshwara School Zone Cam 2","15.716592","76.033028","48211000000054390","48211000000074035","Active"
"48211000000130404","Lakshmeshwara Railway Junction Cam 3","15.727343","76.04721","48211000000054390","48211000000074035","Active"
"48211000000130405","Lakshmeshwara College Cam 4","15.724187","76.018458","48211000000054390","48211000000074035","Inactive"
"48211000000130406","Hassan Mosque Cam 1","13.006079","76.049562","48211000000054391","48211000000074037","Active"
"48211000000130407","Hassan Government Office Cam 2","13.015181","76.050978","48211000000054391","48211000000074037","Active"
"48211000000130408","Hassan Church Cam 3","13.018348","76.052264","48211000000054391","48211000000074037","Active"
"48211000000130409","Hassan Main Road Junction Cam 4","13.001447","76.058432","48211000000054391","48211000000074037","Active"
"48211000000130410","Hassan School Zone Cam 5","13.011808","76.044679","48211000000054391","48211000000074037","Active"
"48211000000130411","Hassan Police HQ Gate Cam 6","13.000725","76.036085","48211000000054391","48211000000074037","Active"
"48211000000130412","Hassan Residential Cam 7","13.00732","76.041966","48211000000054391","48211000000074037","Active"
"48211000000130413","Hassan Market Cam 8","13.009596","76.053205","48211000000054391","48211000000074037","Active"
"48211000000130414","Hassan Market Cam 9","13.004296","76.048406","48211000000054391","48211000000074037","Active"
"48211000000130415","Hassan Temple Cam 10","13.005218","76.04248","48211000000054391","48211000000074037","Active"
"48211000000130416","Hassan Stadium Cam 11","13.014965","76.046447","48211000000054391","48211000000074037","Active"
"48211000000130417","Hassan Hospital Cam 12","13.007887","76.06186","48211000000054391","48211000000074037","Active"
"48211000000130418","Hassan Church Cam 13","12.993731","76.052033","48211000000054391","48211000000074037","Active"
"48211000000130419","Hassan Stadium Cam 14","13.003225","76.047375","48211000000054391","48211000000074037","Active"
"48211000000130420","Hassan Railway Junction Cam 15","13.003432","76.054332","48211000000054391","48211000000074037","Active"
"48211000000130421","Hassan Police HQ Gate Cam 16","13.005385","76.050483","48211000000054391","48211000000074037","Active"
"48211000000130422","Hassan Main Road Junction Cam 17","13.01978","76.043123","48211000000054391","48211000000074037","Active"
"48211000000130423","Hassan Church Cam 18","13.003403","76.051355","48211000000054391","48211000000074037","Active"
"48211000000130424","Hassan Temple Cam 19","13.003322","76.04616","48211000000054391","48211000000074037","Active"
"48211000000130425","Hassan Market Cam 20","13.000857","76.038249","48211000000054391","48211000000074037","Active"
"48211000000130426","Arasikere Temple Cam 1","13.510579","76.361894","48211000000054391","48211000000074038","Active"
"48211000000130427","Arasikere Hospital Cam 2","13.521618","76.357205","48211000000054391","48211000000074038","Active"
"48211000000130428","Arasikere Stadium Cam 3","13.510494","76.361","48211000000054391","48211000000074038","Active"
"48211000000130429","Arasikere Temple Cam 4","13.505255","76.354922","48211000000054391","48211000000074038","Active"
"48211000000130430","Arasikere Bus Stand Cam 5","13.521613","76.354062","48211000000054391","48211000000074038","Active"
"48211000000130431","Arasikere Court Complex Cam 6","13.51214","76.362697","48211000000054391","48211000000074038","Active"
"48211000000130432","Channarayapattana Stadium Cam 1","12.955537","76.603795","48211000000054391","48211000000074039","Active"
"48211000000130433","Channarayapattana Railway Junction Cam 2","12.966139","76.601294","48211000000054391","48211000000074039","Active"
"48211000000130434","Channarayapattana Church Cam 3","12.947092","76.611771","48211000000054391","48211000000074039","Active"
"48211000000130435","Channarayapattana Government Office Cam 4","12.954144","76.603657","48211000000054391","48211000000074039","Active"
"48211000000130436","Holenarsipura Police HQ Gate Cam 1","12.69912","75.665408","48211000000054391","48211000000074040","Active"
"48211000000130437","Holenarsipura Temple Cam 2","12.713352","75.664598","48211000000054391","48211000000074040","Active"
"48211000000130438","Holenarsipura Bus Stand Cam 3","12.701758","75.661533","48211000000054391","48211000000074040","Active"
"48211000000130439","Holenarsipura College Cam 4","12.728227","75.655502","48211000000054391","48211000000074040","Active"
"48211000000130440","Holenarsipura Government Office Cam 5","12.712136","75.650655","48211000000054391","48211000000074040","Active"
"48211000000130441","Holenarsipura Hospital Cam 6","12.696865","75.66053","48211000000054391","48211000000074040","Active"
"48211000000130442","Sakleshpura Main Road Junction Cam 1","12.635231","76.32099","48211000000054391","48211000000074041","Active"
"48211000000130443","Sakleshpura Court Complex Cam 2","12.637313","76.306149","48211000000054391","48211000000074041","Active"
"48211000000130444","Sakleshpura Railway Junction Cam 3","12.633625","76.303437","48211000000054391","48211000000074041","Active"
"48211000000130445","Sakleshpura Stadium Cam 4","12.633909","76.313874","48211000000054391","48211000000074041","Inactive"
"48211000000130446","Sakleshpura Railway Junction Cam 5","12.631228","76.303938","48211000000054391","48211000000074041","Active"
"48211000000130447","Sakleshpura Railway Junction Cam 6","12.656958","76.304471","48211000000054391","48211000000074041","Active"
"48211000000130448","Aluru School Zone Cam 1","13.191294","75.772711","48211000000054391","48211000000074042","Active"
"48211000000130449","Aluru Residential Cam 2","13.220783","75.765615","48211000000054391","48211000000074042","Active"
"48211000000130450","Aluru Police HQ Gate Cam 3","13.200422","75.75061","48211000000054391","48211000000074042","Inactive"
"48211000000130451","Aluru Railway Junction Cam 4","13.209022","75.763078","48211000000054391","48211000000074042","Active"
"48211000000130452","Arakalagudu School Zone Cam 1","13.344675","76.066941","48211000000054391","48211000000074043","Active"
"48211000000130453","Arakalagudu College Cam 2","13.33471","76.065162","48211000000054391","48211000000074043","Active"
"48211000000130454","Arakalagudu Church Cam 3","13.356688","76.071232","48211000000054391","48211000000074043","Active"
"48211000000130455","Ranibennur Stadium Cam 1","14.761946","75.07476","48211000000054392","48211000000074045","Active"
"48211000000130456","Hangala Police HQ Gate Cam 1","14.999257","75.487741","48211000000054392","48211000000074047","Active"
"48211000000130457","Hangala Police HQ Gate Cam 2","15.032738","75.510473","48211000000054392","48211000000074047","Active"
"48211000000130458","Hangala Police HQ Gate Cam 3","15.00851","75.507795","48211000000054392","48211000000074047","Active"
"48211000000130459","Hangala Government Office Cam 4","15.028684","75.513811","48211000000054392","48211000000074047","Active"
"48211000000130460","Haveri Police HQ Gate Cam 1","14.443779","75.381536","48211000000054392","48211000000074048","Active"
"48211000000130461","Haveri Market Cam 2","14.453519","75.375666","48211000000054392","48211000000074048","Active"
"48211000000130462","Haveri Police HQ Gate Cam 3","14.439151","75.376695","48211000000054392","48211000000074048","Active"
"48211000000130463","Haveri Stadium Cam 4","14.44041","75.35917","48211000000054392","48211000000074048","Active"
"48211000000130464","Haveri Government Office Cam 5","14.455733","75.381895","48211000000054392","48211000000074048","Active"
"48211000000130465","Haveri Mosque Cam 6","14.449056","75.380425","48211000000054392","48211000000074048","Active"
"48211000000130466","Haveri Market Cam 7","14.455148","75.365395","48211000000054392","48211000000074048","Active"
"48211000000130467","Haveri Mosque Cam 8","14.445468","75.372635","48211000000054392","48211000000074048","Active"
"48211000000130468","Haveri Mosque Cam 9","14.439452","75.370862","48211000000054392","48211000000074048","Active"
"48211000000130469","Haveri College Cam 10","14.450172","75.372486","48211000000054392","48211000000074048","Active"
"48211000000130470","Haveri Residential Cam 11","14.445779","75.374786","48211000000054392","48211000000074048","Active"
"48211000000130471","Savanuru Court Complex Cam 1","15.107054","75.114429","48211000000054392","48211000000074049","Active"
"48211000000130472","Hirekeruru Temple Cam 1","14.733877","75.439386","48211000000054392","48211000000074050","Active"
"48211000000130473","Hirekeruru Government Office Cam 2","14.730559","75.437882","48211000000054392","48211000000074050","Active"
"48211000000130474","Shiggavi Railway Junction Cam 1","14.301633","75.55932","48211000000054392","48211000000074051","Active"
"48211000000130475","Shiggavi Residential Cam 2","14.280862","75.56904","48211000000054392","48211000000074051","Active"
"48211000000130476","Shiggavi Mosque Cam 3","14.296382","75.567358","48211000000054392","48211000000074051","Active"
"48211000000130477","Shiggavi Mosque Cam 4","14.293603","75.56468","48211000000054392","48211000000074051","Active"
"48211000000130478","Rattihalli Mosque Cam 1","14.875899","75.713605","48211000000054392","48211000000074052","Active"
"48211000000130479","Rattihalli School Zone Cam 2","14.876247","75.710681","48211000000054392","48211000000074052","Active"
"48211000000130480","Kalaburagi Residential Cam 1","17.226127","77.259686","48211000000048018","48211000000074053","Active"
"48211000000130481","Kalaburagi Main Road Junction Cam 2","17.224512","77.248032","48211000000048018","48211000000074053","Active"
"48211000000130482","Kalaburagi Government Office Cam 3","17.211955","77.265223","48211000000048018","48211000000074053","Active"
"48211000000130483","Kalaburagi Mosque Cam 4","17.223095","77.256474","48211000000048018","48211000000074053","Active"
"48211000000130484","Kalaburagi Railway Junction Cam 5","17.225503","77.257903","48211000000048018","48211000000074053","Active"
"48211000000130485","Kalaburagi Court Complex Cam 6","17.226439","77.261169","48211000000048018","48211000000074053","Active"
"48211000000130486","Kalaburagi Residential Cam 7","17.227212","77.258126","48211000000048018","48211000000074053","Active"
"48211000000130487","Kalaburagi Market Cam 8","17.232079","77.26048","48211000000048018","48211000000074053","Active"
"48211000000130488","Kalaburagi Main Road Junction Cam 9","17.221252","77.243511","48211000000048018","48211000000074053","Active"
"48211000000130489","Kalaburagi Temple Cam 10","17.224531","77.264119","48211000000048018","48211000000074053","Active"
"48211000000130490","Kalaburagi Market Cam 11","17.230007","77.252008","48211000000048018","48211000000074053","Active"
"48211000000130491","Kalaburagi Railway Junction Cam 12","17.222866","77.250347","48211000000048018","48211000000074053","Active"
"48211000000130492","Kalaburagi Stadium Cam 13","17.222324","77.271496","48211000000048018","48211000000074053","Active"
"48211000000130493","Kalaburagi Residential Cam 14","17.227249","77.25439","48211000000048018","48211000000074053","Active"
"48211000000130494","Kalaburagi College Cam 15","17.22286","77.270846","48211000000048018","48211000000074053","Active"
"48211000000130495","Kalaburagi Temple Cam 16","17.227402","77.243824","48211000000048018","48211000000074053","Active"
"48211000000130496","Kalaburagi Main Road Junction Cam 17","17.23839","77.260843","48211000000048018","48211000000074053","Active"
"48211000000130497","Afzalpura Church Cam 1","17.317909","76.092987","48211000000048018","48211000000074054","Active"
"48211000000130498","Afzalpura Church Cam 2","17.31534","76.079812","48211000000048018","48211000000074054","Active"
"48211000000130499","Afzalpura Bus Stand Cam 3","17.320278","76.059089","48211000000048018","48211000000074054","Active"
"48211000000130500","Afzalpura Government Office Cam 4","17.315222","76.086825","48211000000048018","48211000000074054","Active"
"48211000000130501","Afzalpura Main Road Junction Cam 5","17.32788","76.084485","48211000000048018","48211000000074054","Active"
"48211000000130502","Afzalpura Court Complex Cam 6","17.321653","76.082251","48211000000048018","48211000000074054","Active"
"48211000000130503","Alanda Government Office Cam 1","16.784204","76.615148","48211000000048018","48211000000074055","Active"
"48211000000130504","Alanda Market Cam 2","16.778491","76.595292","48211000000048018","48211000000074055","Active"
"48211000000130505","Alanda Stadium Cam 3","16.783598","76.598079","48211000000048018","48211000000074055","Active"
"48211000000130506","Alanda Stadium Cam 4","16.781844","76.624154","48211000000048018","48211000000074055","Active"
"48211000000130507","Chincholi Residential Cam 1","17.650547","76.678967","48211000000048018","48211000000074056","Active"
"48211000000130508","Chincholi Church Cam 2","17.651613","76.681517","48211000000048018","48211000000074056","Active"
"48211000000130509","Chincholi Railway Junction Cam 3","17.658079","76.689819","48211000000048018","48211000000074056","Active"
"48211000000130510","Chincholi Police HQ Gate Cam 4","17.65127","76.682027","48211000000048018","48211000000074056","Active"
"48211000000130511","Chincholi Railway Junction Cam 5","17.664788","76.681076","48211000000048018","48211000000074056","Active"
"48211000000130512","Chincholi Bus Stand Cam 6","17.644088","76.673514","48211000000048018","48211000000074056","Active"
"48211000000130513","Chincholi Bus Stand Cam 7","17.646496","76.680442","48211000000048018","48211000000074056","Active"
"48211000000130514","Chincholi Hospital Cam 8","17.656709","76.684777","48211000000048018","48211000000074056","Active"
"48211000000130515","Chitapura Residential Cam 1","17.528327","77.609408","48211000000048018","48211000000074057","Active"
"48211000000130516","Chitapura Hospital Cam 2","17.521437","77.612172","48211000000048018","48211000000074057","Active"
"48211000000130517","Chitapura Stadium Cam 3","17.522281","77.604669","48211000000048018","48211000000074057","Active"
"48211000000130518","Chitapura College Cam 4","17.533287","77.603778","48211000000048018","48211000000074057","Active"
"48211000000130519","Chitapura School Zone Cam 5","17.527981","77.628212","48211000000048018","48211000000074057","Active"
"48211000000130520","Chitapura Church Cam 6","17.527122","77.608703","48211000000048018","48211000000074057","Active"
"48211000000130521","Chitapura Bus Stand Cam 7","17.53901","77.607761","48211000000048018","48211000000074057","Active"
"48211000000130522","Chitapura Bus Stand Cam 8","17.526352","77.601929","48211000000048018","48211000000074057","Active"
"48211000000130523","Chitapura Government Office Cam 9","17.520215","77.604665","48211000000048018","48211000000074057","Active"
"48211000000130524","Jevargi College Cam 1","17.190493","76.781778","48211000000048018","48211000000074058","Active"
"48211000000130525","Jevargi Hospital Cam 2","17.204971","76.76582","48211000000048018","48211000000074058","Active"
"48211000000130526","Jevargi Government Office Cam 3","17.217368","76.769976","48211000000048018","48211000000074058","Active"
"48211000000130527","Jevargi Hospital Cam 4","17.210137","76.797952","48211000000048018","48211000000074058","Active"
"48211000000130528","Jevargi Temple Cam 5","17.208748","76.777995","48211000000048018","48211000000074058","Active"
"48211000000130529","Jevargi Church Cam 6","17.203924","76.773899","48211000000048018","48211000000074058","Active"
"48211000000130530","Jevargi Hospital Cam 7","17.205456","76.768227","48211000000048018","48211000000074058","Active"
"48211000000130531","Jevargi Temple Cam 8","17.204654","76.780199","48211000000048018","48211000000074058","Active"
"48211000000130532","Jevargi School Zone Cam 9","17.204709","76.775953","48211000000048018","48211000000074058","Active"
"48211000000130533","Sedam School Zone Cam 1","17.665683","77.107805","48211000000048018","48211000000074059","Active"
"48211000000130534","Sedam Stadium Cam 2","17.665399","77.123755","48211000000048018","48211000000074059","Active"
"48211000000130535","Sedam Government Office Cam 3","17.673733","77.124575","48211000000048018","48211000000074059","Active"
"48211000000130536","Sedam Government Office Cam 4","17.671662","77.145323","48211000000048018","48211000000074059","Active"
"48211000000130537","Kamalapura Temple Cam 1","16.875181","76.978144","48211000000048018","48211000000074060","Active"
"48211000000130538","Kamalapura Hospital Cam 2","16.860056","76.992974","48211000000048018","48211000000074060","Active"
"48211000000130539","Kamalapura Police HQ Gate Cam 3","16.870009","76.990587","48211000000048018","48211000000074060","Active"
"48211000000130540","Kamalapura Bus Stand Cam 4","16.894124","76.994838","48211000000048018","48211000000074060","Active"
"48211000000130541","Kamalapura Bus Stand Cam 5","16.887195","76.982659","48211000000048018","48211000000074060","Active"
"48211000000130542","Kamalapura Church Cam 6","16.880724","77.007494","48211000000048018","48211000000074060","Active"
"48211000000130543","Kamalapura Market Cam 7","16.88221","76.992407","48211000000048018","48211000000074060","Active"
"48211000000130544","Shahabad Mosque Cam 1","17.087741","76.398383","48211000000048018","48211000000074061","Active"
"48211000000130545","Shahabad Court Complex Cam 2","17.089102","76.379761","48211000000048018","48211000000074061","Active"
"48211000000130546","Shahabad Main Road Junction Cam 3","17.1043","76.397687","48211000000048018","48211000000074061","Active"
"48211000000130547","Shahabad School Zone Cam 4","17.112796","76.401267","48211000000048018","48211000000074061","Active"
"48211000000130548","Shahabad Police HQ Gate Cam 5","17.083389","76.401439","48211000000048018","48211000000074061","Active"
"48211000000130549","Shahabad Mosque Cam 6","17.08805","76.397383","48211000000048018","48211000000074061","Active"
"48211000000130550","Shahabad Temple Cam 7","17.11197","76.405967","48211000000048018","48211000000074061","Active"
"48211000000130551","Kalgi Bus Stand Cam 1","17.477653","76.380372","48211000000048018","48211000000074062","Inactive"
"48211000000130552","Kalgi School Zone Cam 2","17.479888","76.419567","48211000000048018","48211000000074062","Active"
"48211000000130553","Kalgi Court Complex Cam 3","17.460919","76.39447","48211000000048018","48211000000074062","Active"
"48211000000130554","Kalgi Temple Cam 4","17.486174","76.390528","48211000000048018","48211000000074062","Active"
"48211000000130555","Kalgi Mosque Cam 5","17.481945","76.373937","48211000000048018","48211000000074062","Inactive"
"48211000000130556","Kalgi Market Cam 6","17.471176","76.415897","48211000000048018","48211000000074062","Active"
"48211000000130557","Yedrami Temple Cam 1","16.962056","77.444483","48211000000048018","48211000000074063","Active"
"48211000000130558","Yedrami Court Complex Cam 2","16.96182","77.44142","48211000000048018","48211000000074063","Active"
"48211000000130559","Yedrami Court Complex Cam 3","16.964358","77.44691","48211000000048018","48211000000074063","Active"
"48211000000130560","Yedrami College Cam 4","16.963233","77.453287","48211000000048018","48211000000074063","Active"
"48211000000130561","Yedrami Main Road Junction Cam 5","16.982253","77.453067","48211000000048018","48211000000074063","Inactive"
"48211000000130562","Yedrami Government Office Cam 6","16.976279","77.440838","48211000000048018","48211000000074063","Active"
"48211000000130563","Yedrami Court Complex Cam 7","16.949444","77.454781","48211000000048018","48211000000074063","Active"
"48211000000130564","Madikeri Police HQ Gate Cam 1","12.433717","75.581516","48211000000054393","48211000000074064","Active"
"48211000000130565","Madikeri Mosque Cam 2","12.434096","75.581619","48211000000054393","48211000000074064","Active"
"48211000000130566","Virajapete Police HQ Gate Cam 1","12.78543","75.937989","48211000000054393","48211000000074066","Active"
"48211000000130567","Kushalnagara Hospital Cam 1","12.100465","75.678162","48211000000054393","48211000000074068","Active"
"48211000000130568","Kolar Mosque Cam 1","13.200207","78.330553","48211000000054394","48211000000074069","Active"
"48211000000130569","Kolar Main Road Junction Cam 2","13.213224","78.329745","48211000000054394","48211000000074069","Active"
"48211000000130570","Kolar Temple Cam 3","13.215995","78.322532","48211000000054394","48211000000074069","Active"
"48211000000130571","Kolar Bus Stand Cam 4","13.21582","78.331227","48211000000054394","48211000000074069","Active"
"48211000000130572","Kolar Stadium Cam 5","13.209089","78.332244","48211000000054394","48211000000074069","Active"
"48211000000130573","Kolar Temple Cam 6","13.213907","78.330646","48211000000054394","48211000000074069","Active"
"48211000000130574","Kolar Government Office Cam 7","13.21301","78.336116","48211000000054394","48211000000074069","Active"
"48211000000130575","Kolar Bus Stand Cam 8","13.203199","78.319263","48211000000054394","48211000000074069","Active"
"48211000000130576","Kolar Railway Junction Cam 9","13.214998","78.334925","48211000000054394","48211000000074069","Active"
"48211000000130578","Kolar Railway Junction Cam 10","13.213114","78.321272","48211000000054394","48211000000074069","Active"
"48211000000130579","Bangarapete School Zone Cam 1","12.904002","77.870852","48211000000054394","48211000000074070","Inactive"
"48211000000130580","Bangarapete School Zone Cam 2","12.905149","77.877426","48211000000054394","48211000000074070","Active"
"48211000000130581","Mulabagilu Main Road Junction Cam 1","12.807856","78.219725","48211000000054394","48211000000074072","Active"
"48211000000130582","Mulabagilu School Zone Cam 2","12.805153","78.228067","48211000000054394","48211000000074072","Inactive"
"48211000000130583","Mulabagilu Church Cam 3","12.803827","78.248361","48211000000054394","48211000000074072","Active"
"48211000000130584","Kolar Gold Fields Church Cam 1","13.04226","78.114877","48211000000054394","48211000000074074","Active"
"48211000000130585","Kolar Gold Fields Market Cam 2","13.063211","78.103959","48211000000054394","48211000000074074","Active"
"48211000000130586","Kolar Gold Fields Railway Junction Cam 3","13.051155","78.105595","48211000000054394","48211000000074074","Active"
"48211000000130587","Kolar Gold Fields Railway Junction Cam 4","13.057926","78.108605","48211000000054394","48211000000074074","Active"
"48211000000130588","Kolar Gold Fields Main Road Junction Cam 5","13.059066","78.109817","48211000000054394","48211000000074074","Active"
"48211000000130589","Kolar Gold Fields Government Office Cam 6","13.04417","78.094012","48211000000054394","48211000000074074","Active"
"48211000000130590","Kolar Gold Fields Hospital Cam 7","13.062325","78.112656","48211000000054394","48211000000074074","Active"
"48211000000130591","Kolar Gold Fields Police HQ Gate Cam 8","13.054508","78.108384","48211000000054394","48211000000074074","Active"
"48211000000130592","Kolar Gold Fields Bus Stand Cam 9","13.045391","78.091034","48211000000054394","48211000000074074","Active"
"48211000000130593","Kolar Gold Fields Main Road Junction Cam 10","13.055155","78.09379","48211000000054394","48211000000074074","Active"
"48211000000130594","Koppala Railway Junction Cam 1","15.597721","76.117743","48211000000054395","48211000000074075","Active"
"48211000000130595","Koppala Residential Cam 2","15.593187","76.11845","48211000000054395","48211000000074075","Inactive"
"48211000000130596","Koppala Railway Junction Cam 3","15.582445","76.110599","48211000000054395","48211000000074075","Active"
"48211000000130597","Koppala Court Complex Cam 4","15.591457","76.124352","48211000000054395","48211000000074075","Active"
"48211000000130598","Koppala Church Cam 5","15.587107","76.136416","48211000000054395","48211000000074075","Active"
"48211000000130599","Koppala Police HQ Gate Cam 6","15.587906","76.116469","48211000000054395","48211000000074075","Active"
"48211000000130600","Koppala Temple Cam 7","15.597671","76.128553","48211000000054395","48211000000074075","Active"
"48211000000130601","Koppala Temple Cam 8","15.595516","76.124077","48211000000054395","48211000000074075","Active"
"48211000000130602","Koppala School Zone Cam 9","15.600503","76.126188","48211000000054395","48211000000074075","Active"
"48211000000130603","Koppala Main Road Junction Cam 10","15.588975","76.125575","48211000000054395","48211000000074075","Active"
"48211000000130604","Gangavathi Residential Cam 1","15.536384","76.797975","48211000000054395","48211000000074076","Active"
"48211000000130605","Gangavathi Stadium Cam 2","15.555082","76.786763","48211000000054395","48211000000074076","Active"
"48211000000130606","Kushtagi Stadium Cam 1","15.135717","75.969508","48211000000054395","48211000000074077","Inactive"
"48211000000130607","Kushtagi Market Cam 2","15.157482","75.956289","48211000000054395","48211000000074077","Active"
"48211000000130608","Kanakagiri Residential Cam 1","15.874942","76.40906","48211000000054395","48211000000074079","Active"
"48211000000130609","Karatagi Hospital Cam 1","15.362768","76.457523","48211000000054395","48211000000074080","Active"
"48211000000130610","Karatagi Railway Junction Cam 2","15.361531","76.454911","48211000000054395","48211000000074080","Active"
"48211000000130611","Kukanuru Hospital Cam 1","15.500706","75.840676","48211000000054395","48211000000074081","Active"
"48211000000130612","Kukanuru Court Complex Cam 2","15.478993","75.821756","48211000000054395","48211000000074081","Active"
"48211000000130613","Kukanuru Mosque Cam 3","15.490386","75.833508","48211000000054395","48211000000074081","Active"
"48211000000130614","Mandya Bus Stand Cam 1","12.277148","77.017357","48211000000054396","48211000000074082","Active"
"48211000000130615","Mandya Mosque Cam 2","12.271576","77.015754","48211000000054396","48211000000074082","Active"
"48211000000130616","Mandya College Cam 3","12.275587","77.029163","48211000000054396","48211000000074082","Active"
"48211000000130617","Mandya Court Complex Cam 4","12.275543","77.019265","48211000000054396","48211000000074082","Active"
"48211000000130618","Mandya School Zone Cam 5","12.266391","77.026523","48211000000054396","48211000000074082","Active"
"48211000000130619","Mandya Church Cam 6","12.269368","77.033064","48211000000054396","48211000000074082","Active"
"48211000000130620","Mandya School Zone Cam 7","12.275996","77.018877","48211000000054396","48211000000074082","Active"
"48211000000130621","Mandya Railway Junction Cam 8","12.276562","77.019052","48211000000054396","48211000000074082","Active"
"48211000000130622","Mandya College Cam 9","12.284678","77.018483","48211000000054396","48211000000074082","Active"
"48211000000130623","Mandya Residential Cam 10","12.266388","77.013288","48211000000054396","48211000000074082","Active"
"48211000000130624","Mandya Temple Cam 11","12.276823","77.019302","48211000000054396","48211000000074082","Active"
"48211000000130625","Mandya Market Cam 12","12.277166","77.014562","48211000000054396","48211000000074082","Active"
"48211000000130626","Mandya Government Office Cam 13","12.27268","77.02165","48211000000054396","48211000000074082","Active"
"48211000000130627","Malavalli Railway Junction Cam 1","12.79036","76.964616","48211000000054396","48211000000074084","Active"
"48211000000130628","Malavalli Police HQ Gate Cam 2","12.793421","76.934982","48211000000054396","48211000000074084","Active"
"48211000000130629","Malavalli Railway Junction Cam 3","12.790534","76.960254","48211000000054396","48211000000074084","Active"
"48211000000130630","Malavalli Temple Cam 4","12.791042","76.956572","48211000000054396","48211000000074084","Active"
"48211000000130631","Malavalli Government Office Cam 5","12.793393","76.972839","48211000000054396","48211000000074084","Active"
"48211000000130632","Malavalli Railway Junction Cam 6","12.791291","76.962741","48211000000054396","48211000000074084","Active"
"48211000000130633","Malavalli Stadium Cam 7","12.781729","76.966214","48211000000054396","48211000000074084","Active"
"48211000000130634","Srirangapattana Residential Cam 1","12.408356","76.572248","48211000000054396","48211000000074085","Active"
"48211000000130635","Srirangapattana Government Office Cam 2","12.401964","76.558395","48211000000054396","48211000000074085","Active"
"48211000000130636","Srirangapattana Police HQ Gate Cam 3","12.411772","76.56134","48211000000054396","48211000000074085","Active"
"48211000000130637","Srirangapattana Railway Junction Cam 4","12.422097","76.56506","48211000000054396","48211000000074085","Active"
"48211000000130638","Krishnarajapete Hospital Cam 1","12.98558","76.658706","48211000000054396","48211000000074086","Active"
"48211000000130639","Krishnarajapete Stadium Cam 2","12.979575","76.635015","48211000000054396","48211000000074086","Active"
"48211000000130640","Krishnarajapete Hospital Cam 3","12.965003","76.640114","48211000000054396","48211000000074086","Active"
"48211000000130641","Krishnarajapete Hospital Cam 4","12.959077","76.651689","48211000000054396","48211000000074086","Active"
"48211000000130642","Krishnarajapete Stadium Cam 5","12.954561","76.655667","48211000000054396","48211000000074086","Active"
"48211000000130643","Krishnarajapete Church Cam 6","12.96403","76.653846","48211000000054396","48211000000074086","Active"
"48211000000130644","Nagamangala Mosque Cam 1","12.379845","77.299805","48211000000054396","48211000000074087","Active"
"48211000000130645","Nagamangala Court Complex Cam 2","12.375181","77.293208","48211000000054396","48211000000074087","Active"
"48211000000130646","Nagamangala Main Road Junction Cam 3","12.389613","77.288778","48211000000054396","48211000000074087","Active"
"48211000000130647","Pandavapura Hospital Cam 1","12.512532","76.838459","48211000000054396","48211000000074088","Active"
"48211000000130648","Pandavapura Court Complex Cam 2","12.530201","76.850477","48211000000054396","48211000000074088","Inactive"
"48211000000130649","Pandavapura Court Complex Cam 3","12.51464","76.865154","48211000000054396","48211000000074088","Active"
"48211000000130650","Pandavapura Stadium Cam 4","12.527946","76.860835","48211000000054396","48211000000074088","Active"
"48211000000130651","Pandavapura Bus Stand Cam 5","12.522289","76.824874","48211000000054396","48211000000074088","Active"
"48211000000130652","Pandavapura Police HQ Gate Cam 6","12.511557","76.846457","48211000000054396","48211000000074088","Active"
"48211000000130653","Mysuru Police HQ Gate Cam 1","12.10161","76.450273","48211000000048014","48211000000074089","Active"
"48211000000130654","Mysuru Market Cam 2","12.094023","76.441184","48211000000048014","48211000000074089","Active"
"48211000000130655","Mysuru Stadium Cam 3","12.098847","76.449659","48211000000048014","48211000000074089","Active"
"48211000000130656","Mysuru Market Cam 4","12.10311","76.453083","48211000000048014","48211000000074089","Active"
"48211000000130657","Mysuru Court Complex Cam 5","12.101105","76.456549","48211000000048014","48211000000074089","Active"
"48211000000130658","Mysuru Temple Cam 6","12.089812","76.446382","48211000000048014","48211000000074089","Active"
"48211000000130659","Mysuru Main Road Junction Cam 7","12.101669","76.448473","48211000000048014","48211000000074089","Active"
"48211000000130660","Mysuru School Zone Cam 8","12.098023","76.439538","48211000000048014","48211000000074089","Active"
"48211000000130661","Mysuru Stadium Cam 9","12.102504","76.441646","48211000000048014","48211000000074089","Active"
"48211000000130662","Mysuru Market Cam 10","12.109702","76.441305","48211000000048014","48211000000074089","Active"
"48211000000130663","Mysuru Stadium Cam 11","12.095141","76.456004","48211000000048014","48211000000074089","Active"
"48211000000130664","Mysuru Main Road Junction Cam 12","12.099771","76.44101","48211000000048014","48211000000074089","Active"
"48211000000130665","Mysuru Government Office Cam 13","12.102571","76.443798","48211000000048014","48211000000074089","Active"
"48211000000130666","Mysuru Railway Junction Cam 14","12.092646","76.44251","48211000000048014","48211000000074089","Active"
"48211000000130667","Mysuru Mosque Cam 15","12.108181","76.439614","48211000000048014","48211000000074089","Active"
"48211000000130668","Mysuru Hospital Cam 16","12.096267","76.43916","48211000000048014","48211000000074089","Active"
"48211000000130669","Mysuru Residential Cam 17","12.101176","76.443508","48211000000048014","48211000000074089","Active"
"48211000000130670","Hunasuru Court Complex Cam 1","12.201312","77.100181","48211000000048014","48211000000074090","Inactive"
"48211000000130671","Hunasuru College Cam 2","12.199368","77.098065","48211000000048014","48211000000074090","Active"
"48211000000130672","Hunasuru Court Complex Cam 3","12.199926","77.084348","48211000000048014","48211000000074090","Active"
"48211000000130673","Hunasuru Police HQ Gate Cam 4","12.203014","77.08858","48211000000048014","48211000000074090","Active"
"48211000000130674","Hunasuru Government Office Cam 5","12.218924","77.094774","48211000000048014","48211000000074090","Active"
"48211000000130675","Nanjanagodu Market Cam 1","12.527266","76.428638","48211000000048014","48211000000074092","Active"
"48211000000130676","Nanjanagodu Market Cam 2","12.517819","76.429759","48211000000048014","48211000000074092","Active"
"48211000000130677","Nanjanagodu Government Office Cam 3","12.524592","76.42292","48211000000048014","48211000000074092","Active"
"48211000000130678","Nanjanagodu College Cam 4","12.516135","76.411509","48211000000048014","48211000000074092","Active"
"48211000000130679","Nanjanagodu Temple Cam 5","12.53263","76.441633","48211000000048014","48211000000074092","Active"
"48211000000130680","Nanjanagodu Church Cam 6","12.502595","76.424721","48211000000048014","48211000000074092","Active"
"48211000000130681","Nanjanagodu Church Cam 7","12.5284","76.431541","48211000000048014","48211000000074092","Active"
"48211000000130682","Nanjanagodu Court Complex Cam 8","12.530067","76.4261","48211000000048014","48211000000074092","Active"
"48211000000130683","Nanjanagodu Railway Junction Cam 9","12.519378","76.436789","48211000000048014","48211000000074092","Active"
"48211000000130684","Heggadadevanakote Temple Cam 1","11.903004","76.160942","48211000000048014","48211000000074093","Active"
"48211000000130685","Heggadadevanakote Police HQ Gate Cam 2","11.902155","76.134203","48211000000048014","48211000000074093","Active"
"48211000000130686","Heggadadevanakote Main Road Junction Cam 3","11.905128","76.12539","48211000000048014","48211000000074093","Active"
"48211000000130687","Heggadadevanakote Court Complex Cam 4","11.892666","76.153373","48211000000048014","48211000000074093","Active"
"48211000000130688","Heggadadevanakote Government Office Cam 5","11.90482","76.139562","48211000000048014","48211000000074093","Active"
"48211000000130689","Heggadadevanakote Residential Cam 6","11.9047","76.15793","48211000000048014","48211000000074093","Inactive"
"48211000000130690","Heggadadevanakote Market Cam 7","11.895217","76.131149","48211000000048014","48211000000074093","Active"
"48211000000130691","Heggadadevanakote Temple Cam 8","11.907184","76.144858","48211000000048014","48211000000074093","Active"
"48211000000130692","Piriyapattana Main Road Junction Cam 1","12.280463","76.745848","48211000000048014","48211000000074094","Active"
"48211000000130693","Piriyapattana Church Cam 2","12.285084","76.76104","48211000000048014","48211000000074094","Active"
"48211000000130694","Piriyapattana Government Office Cam 3","12.24776","76.76061","48211000000048014","48211000000074094","Active"
"48211000000130695","Piriyapattana Railway Junction Cam 4","12.258629","76.765689","48211000000048014","48211000000074094","Active"
"48211000000130696","Tirumakudalu Narasipura Railway Junction Cam 1","11.768803","76.418909","48211000000048014","48211000000074095","Active"
"48211000000130697","Tirumakudalu Narasipura Police HQ Gate Cam 2","11.763066","76.411557","48211000000048014","48211000000074095","Active"
"48211000000130698","Tirumakudalu Narasipura Church Cam 3","11.762801","76.399774","48211000000048014","48211000000074095","Inactive"
"48211000000130699","Tirumakudalu Narasipura Police HQ Gate Cam 4","11.7498","76.406779","48211000000048014","48211000000074095","Active"
"48211000000130700","Tirumakudalu Narasipura Mosque Cam 5","11.751521","76.407902","48211000000048014","48211000000074095","Active"
"48211000000130701","Tirumakudalu Narasipura School Zone Cam 6","11.777441","76.396674","48211000000048014","48211000000074095","Active"
"48211000000130702","Tirumakudalu Narasipura Temple Cam 7","11.754251","76.402966","48211000000048014","48211000000074095","Active"
"48211000000130703","Saraguru Stadium Cam 1","12.206378","76.175884","48211000000048014","48211000000074096","Active"
"48211000000130704","Saraguru Railway Junction Cam 2","12.223849","76.17217","48211000000048014","48211000000074096","Active"
"48211000000130705","Saraguru Railway Junction Cam 3","12.203111","76.170398","48211000000048014","48211000000074096","Active"
"48211000000130706","Saraguru Church Cam 4","12.22146","76.175029","48211000000048014","48211000000074096","Active"
"48211000000130707","Saraguru Main Road Junction Cam 5","12.235075","76.183221","48211000000048014","48211000000074096","Inactive"
"48211000000130708","Saraguru Market Cam 6","12.221538","76.156457","48211000000048014","48211000000074096","Active"
"48211000000130709","Saligrama Stadium Cam 1","12.061617","76.848376","48211000000048014","48211000000074097","Inactive"
"48211000000130710","Saligrama Market Cam 2","12.027359","76.857918","48211000000048014","48211000000074097","Active"
"48211000000130711","Saligrama Court Complex Cam 3","12.058542","76.862083","48211000000048014","48211000000074097","Active"
"48211000000130712","Saligrama Government Office Cam 4","12.032743","76.86016","48211000000048014","48211000000074097","Active"
"48211000000130713","Saligrama Police HQ Gate Cam 5","12.046945","76.86114","48211000000048014","48211000000074097","Active"
"48211000000130714","Saligrama Bus Stand Cam 6","12.048367","76.855607","48211000000048014","48211000000074097","Active"
"48211000000130715","Saligrama Temple Cam 7","12.055989","76.864687","48211000000048014","48211000000074097","Active"
"48211000000130716","Saligrama Market Cam 8","12.048424","76.870233","48211000000048014","48211000000074097","Active"
"48211000000130717","Raichuru Residential Cam 1","16.135837","77.252197","48211000000054397","48211000000074098","Active"
"48211000000130718","Raichuru Main Road Junction Cam 2","16.12213","77.236311","48211000000054397","48211000000074098","Active"
"48211000000130719","Raichuru Court Complex Cam 3","16.137645","77.243678","48211000000054397","48211000000074098","Active"
"48211000000130720","Raichuru Mosque Cam 4","16.132039","77.247819","48211000000054397","48211000000074098","Active"
"48211000000130721","Raichuru Main Road Junction Cam 5","16.131207","77.247153","48211000000054397","48211000000074098","Active"
"48211000000130722","Raichuru Mosque Cam 6","16.128667","77.24342","48211000000054397","48211000000074098","Active"
"48211000000130723","Raichuru Stadium Cam 7","16.144697","77.25655","48211000000054397","48211000000074098","Active"
"48211000000130724","Raichuru Government Office Cam 8","16.126591","77.244586","48211000000054397","48211000000074098","Active"
"48211000000130725","Raichuru College Cam 9","16.134022","77.25416","48211000000054397","48211000000074098","Active"
"48211000000130726","Raichuru Mosque Cam 10","16.139205","77.250363","48211000000054397","48211000000074098","Active"
"48211000000130727","Raichuru Church Cam 11","16.133877","77.248363","48211000000054397","48211000000074098","Active"
"48211000000130728","Raichuru Mosque Cam 12","16.128368","77.243398","48211000000054397","48211000000074098","Active"
"48211000000130729","Raichuru Police HQ Gate Cam 13","16.135996","77.240856","48211000000054397","48211000000074098","Active"
"48211000000130730","Sindhanuru Main Road Junction Cam 1","16.11006","76.263866","48211000000054397","48211000000074099","Active"
"48211000000130731","Sindhanuru Main Road Junction Cam 2","16.119314","76.256185","48211000000054397","48211000000074099","Active"
"48211000000130732","Sindhanuru Church Cam 3","16.092446","76.259355","48211000000054397","48211000000074099","Active"
"48211000000130733","Sindhanuru School Zone Cam 4","16.120571","76.257091","48211000000054397","48211000000074099","Active"
"48211000000130734","Sindhanuru Police HQ Gate Cam 5","16.112494","76.257472","48211000000054397","48211000000074099","Active"
"48211000000130735","Manvi Market Cam 1","15.665786","76.803109","48211000000054397","48211000000074100","Active"
"48211000000130736","Manvi Government Office Cam 2","15.660199","76.824841","48211000000054397","48211000000074100","Active"
"48211000000130737","Manvi Temple Cam 3","15.675946","76.793014","48211000000054397","48211000000074100","Active"
"48211000000130738","Manvi Stadium Cam 4","15.681295","76.81068","48211000000054397","48211000000074100","Active"
"48211000000130739","Manvi Stadium Cam 5","15.655445","76.799845","48211000000054397","48211000000074100","Active"
"48211000000130740","Devadurga Police HQ Gate Cam 1","16.40286","76.748552","48211000000054397","48211000000074101","Active"
"48211000000130741","Devadurga Market Cam 2","16.398672","76.780682","48211000000054397","48211000000074101","Active"
"48211000000130742","Devadurga Railway Junction Cam 3","16.414053","76.791458","48211000000054397","48211000000074101","Active"
"48211000000130743","Devadurga Market Cam 4","16.416358","76.768215","48211000000054397","48211000000074101","Active"
"48211000000130744","Lingasaguru Residential Cam 1","16.050469","76.619163","48211000000054397","48211000000074102","Active"
"48211000000130745","Lingasaguru Residential Cam 2","16.051444","76.637231","48211000000054397","48211000000074102","Active"
"48211000000130746","Lingasaguru Church Cam 3","16.057142","76.644158","48211000000054397","48211000000074102","Active"
"48211000000130747","Lingasaguru Hospital Cam 4","16.041334","76.632857","48211000000054397","48211000000074102","Active"
"48211000000130748","Mudgal Residential Cam 1","16.3024","77.573721","48211000000054397","48211000000074103","Active"
"48211000000130749","Mudgal College Cam 2","16.289234","77.55936","48211000000054397","48211000000074103","Active"
"48211000000130750","Mudgal Court Complex Cam 3","16.316125","77.560553","48211000000054397","48211000000074103","Active"
"48211000000130751","Sirawara Residential Cam 1","16.47609","77.08922","48211000000054397","48211000000074105","Active"
"48211000000130752","Sirawara Police HQ Gate Cam 2","16.475021","77.103319","48211000000054397","48211000000074105","Active"
"48211000000130753","Sirawara Main Road Junction Cam 3","16.476443","77.09214","48211000000054397","48211000000074105","Active"
"48211000000130754","Sirawara Mosque Cam 4","16.473879","77.11776","48211000000054397","48211000000074105","Active"
"48211000000130755","Sirawara School Zone Cam 5","16.475024","77.096195","48211000000054397","48211000000074105","Active"
"48211000000130756","Sirawara School Zone Cam 6","16.472036","77.111664","48211000000054397","48211000000074105","Active"
"48211000000130757","Sirawara Market Cam 7","16.492755","77.087607","48211000000054397","48211000000074105","Active"
"48211000000130758","Ramanagara College Cam 1","13.116826","77.152955","48211000000054398","48211000000074106","Active"
"48211000000130759","Ramanagara Mosque Cam 2","13.115756","77.167533","48211000000054398","48211000000074106","Active"
"48211000000130760","Ramanagara Main Road Junction Cam 3","13.117163","77.161257","48211000000054398","48211000000074106","Active"
"48211000000130761","Ramanagara Police HQ Gate Cam 4","13.114364","77.157755","48211000000054398","48211000000074106","Active"
"48211000000130762","Ramanagara Main Road Junction Cam 5","13.127709","77.157903","48211000000054398","48211000000074106","Active"
"48211000000130763","Ramanagara School Zone Cam 6","13.123052","77.166379","48211000000054398","48211000000074106","Active"
"48211000000130764","Kanakapura School Zone Cam 1","12.609194","77.147473","48211000000054398","48211000000074108","Active"
"48211000000130765","Kanakapura Bus Stand Cam 2","12.593468","77.118539","48211000000054398","48211000000074108","Active"
"48211000000130766","Channapattana Church Cam 1","12.751061","77.593419","48211000000054398","48211000000074109","Inactive"
"48211000000130767","Harohalli College Cam 1","12.864679","77.321311","48211000000054398","48211000000074110","Active"
"48211000000130768","Harohalli College Cam 2","12.864646","77.310436","48211000000054398","48211000000074110","Active"
"48211000000130769","Harohalli Bus Stand Cam 3","12.842619","77.308612","48211000000054398","48211000000074110","Inactive"
"48211000000130770","Harohalli Hospital Cam 4","12.858677","77.322108","48211000000054398","48211000000074110","Active"
"48211000000130771","Shivamogga Stadium Cam 1","14.339892","74.987028","48211000000054399","48211000000074111","Active"
"48211000000130772","Shivamogga Temple Cam 2","14.349421","74.970656","48211000000054399","48211000000074111","Active"
"48211000000130773","Shivamogga College Cam 3","14.342275","74.979652","48211000000054399","48211000000074111","Active"
"48211000000130774","Shivamogga Market Cam 4","14.32813","74.972884","48211000000054399","48211000000074111","Active"
"48211000000130775","Shivamogga Residential Cam 5","14.33955","74.989742","48211000000054399","48211000000074111","Active"
"48211000000130776","Shivamogga Temple Cam 6","14.354342","74.972163","48211000000054399","48211000000074111","Active"
"48211000000130777","Shivamogga Mosque Cam 7","14.349064","74.970985","48211000000054399","48211000000074111","Active"
"48211000000130778","Shivamogga Court Complex Cam 8","14.33606","74.969044","48211000000054399","48211000000074111","Active"
"48211000000130779","Shivamogga Market Cam 9","14.342697","74.984706","48211000000054399","48211000000074111","Active"
"48211000000130780","Shivamogga Government Office Cam 10","14.341305","74.972677","48211000000054399","48211000000074111","Active"
"48211000000130781","Shivamogga Market Cam 11","14.354119","74.97933","48211000000054399","48211000000074111","Inactive"
"48211000000130782","Shivamogga Stadium Cam 12","14.341845","74.978684","48211000000054399","48211000000074111","Active"
"48211000000130783","Shivamogga School Zone Cam 13","14.332369","74.976693","48211000000054399","48211000000074111","Active"
"48211000000130784","Shivamogga Stadium Cam 14","14.340607","74.978268","48211000000054399","48211000000074111","Active"
"48211000000130785","Shivamogga Temple Cam 15","14.328669","74.974452","48211000000054399","48211000000074111","Active"
"48211000000130786","Shivamogga Stadium Cam 16","14.330737","74.969394","48211000000054399","48211000000074111","Active"
"48211000000130787","Sagara Hospital Cam 1","13.889967","75.807793","48211000000054399","48211000000074112","Active"
"48211000000130788","Sagara Bus Stand Cam 2","13.886194","75.802384","48211000000054399","48211000000074112","Active"
"48211000000130789","Sagara College Cam 3","13.89587","75.813701","48211000000054399","48211000000074112","Active"
"48211000000130790","Sagara College Cam 4","13.886818","75.821895","48211000000054399","48211000000074112","Active"
"48211000000130791","Sagara Government Office Cam 5","13.891412","75.81926","48211000000054399","48211000000074112","Active"
"48211000000130792","Sagara School Zone Cam 6","13.884177","75.828964","48211000000054399","48211000000074112","Active"
"48211000000130793","Sagara College Cam 7","13.876498","75.833648","48211000000054399","48211000000074112","Active"
"48211000000130794","Shikaripura Police HQ Gate Cam 1","13.925981","74.72588","48211000000054399","48211000000074115","Inactive"
"48211000000130795","Shikaripura Main Road Junction Cam 2","13.940988","74.703332","48211000000054399","48211000000074115","Active"
"48211000000130796","Shikaripura Main Road Junction Cam 3","13.935127","74.724997","48211000000054399","48211000000074115","Active"
"48211000000130797","Soraba Government Office Cam 1","13.950825","75.23245","48211000000054399","48211000000074116","Active"
"48211000000130798","Soraba School Zone Cam 2","13.930865","75.260351","48211000000054399","48211000000074116","Active"
"48211000000130799","Soraba Mosque Cam 3","13.934962","75.24436","48211000000054399","48211000000074116","Active"
"48211000000130800","Soraba Residential Cam 4","13.935481","75.250141","48211000000054399","48211000000074116","Active"
"48211000000130801","Soraba Government Office Cam 5","13.925016","75.259017","48211000000054399","48211000000074116","Active"
"48211000000130802","Soraba Main Road Junction Cam 6","13.933092","75.244844","48211000000054399","48211000000074116","Active"
"48211000000130803","Tirthahalli Residential Cam 1","14.546894","75.254376","48211000000054399","48211000000074117","Active"
"48211000000130804","Tirthahalli Church Cam 2","14.52454","75.23773","48211000000054399","48211000000074117","Active"
"48211000000130805","Tirthahalli Mosque Cam 3","14.524799","75.253509","48211000000054399","48211000000074117","Active"
"48211000000130806","Tirthahalli Government Office Cam 4","14.522019","75.253665","48211000000054399","48211000000074117","Active"
"48211000000130807","Tirthahalli Stadium Cam 5","14.522907","75.249656","48211000000054399","48211000000074117","Active"
"48211000000130808","Tirthahalli Stadium Cam 6","14.525827","75.263993","48211000000054399","48211000000074117","Active"
"48211000000130809","Tirthahalli Market Cam 7","14.520114","75.249346","48211000000054399","48211000000074117","Active"
"48211000000130810","Tumakuru Police HQ Gate Cam 1","14.1745","77.206387","48211000000054400","48211000000074118","Active"
"48211000000130811","Tumakuru School Zone Cam 2","14.165916","77.195586","48211000000054400","48211000000074118","Active"
"48211000000130812","Tumakuru Residential Cam 3","14.163492","77.196383","48211000000054400","48211000000074118","Active"
"48211000000130813","Tumakuru Police HQ Gate Cam 4","14.166066","77.200506","48211000000054400","48211000000074118","Active"
"48211000000130814","Tumakuru Mosque Cam 5","14.153792","77.198888","48211000000054400","48211000000074118","Inactive"
"48211000000130815","Tumakuru Hospital Cam 6","14.170604","77.199218","48211000000054400","48211000000074118","Active"
"48211000000130816","Tumakuru College Cam 7","14.163143","77.18415","48211000000054400","48211000000074118","Active"
"48211000000130817","Tumakuru Church Cam 8","14.167249","77.195697","48211000000054400","48211000000074118","Active"
"48211000000130818","Tumakuru College Cam 9","14.168098","77.208089","48211000000054400","48211000000074118","Active"
"48211000000130819","Tumakuru Government Office Cam 10","14.168407","77.197688","48211000000054400","48211000000074118","Active"
"48211000000130820","Tumakuru Mosque Cam 11","14.160546","77.197603","48211000000054400","48211000000074118","Active"
"48211000000130821","Tumakuru Railway Junction Cam 12","14.164287","77.192945","48211000000054400","48211000000074118","Active"
"48211000000130822","Tumakuru Market Cam 13","14.157125","77.183091","48211000000054400","48211000000074118","Active"
"48211000000130823","Tumakuru Church Cam 14","14.172075","77.203856","48211000000054400","48211000000074118","Active"
"48211000000130824","Tumakuru Court Complex Cam 15","14.164452","77.188597","48211000000054400","48211000000074118","Active"
"48211000000130825","Tumakuru Church Cam 16","14.156096","77.183161","48211000000054400","48211000000074118","Active"
"48211000000130826","Chikkanayakanahalli Temple Cam 1","12.752402","77.073808","48211000000054400","48211000000074119","Inactive"
"48211000000130827","Chikkanayakanahalli Stadium Cam 2","12.750535","77.076123","48211000000054400","48211000000074119","Active"
"48211000000130828","Chikkanayakanahalli Market Cam 3","12.765331","77.086666","48211000000054400","48211000000074119","Active"
"48211000000130829","Chikkanayakanahalli Police HQ Gate Cam 4","12.771732","77.083361","48211000000054400","48211000000074119","Active"
"48211000000130830","Chikkanayakanahalli Stadium Cam 5","12.766038","77.083343","48211000000054400","48211000000074119","Active"
"48211000000130831","Kunigal Court Complex Cam 1","13.574736","76.389935","48211000000054400","48211000000074120","Active"
"48211000000130832","Kunigal Main Road Junction Cam 2","13.5761","76.367435","48211000000054400","48211000000074120","Active"
"48211000000130833","Kunigal Court Complex Cam 3","13.573048","76.383272","48211000000054400","48211000000074120","Active"
"48211000000130834","Kunigal Court Complex Cam 4","13.583549","76.364869","48211000000054400","48211000000074120","Active"
"48211000000130835","Kunigal Hospital Cam 5","13.562813","76.387838","48211000000054400","48211000000074120","Active"
"48211000000130836","Madhugiri Court Complex Cam 1","13.449914","77.24039","48211000000054400","48211000000074121","Active"
"48211000000130837","Madhugiri Main Road Junction Cam 2","13.450971","77.252001","48211000000054400","48211000000074121","Active"
"48211000000130838","Madhugiri College Cam 3","13.445238","77.250621","48211000000054400","48211000000074121","Active"
"48211000000130839","Madhugiri Hospital Cam 4","13.45246","77.247311","48211000000054400","48211000000074121","Active"
"48211000000130840","Madhugiri Police HQ Gate Cam 5","13.43571","77.267029","48211000000054400","48211000000074121","Active"
"48211000000130841","Tipturu College Cam 1","13.914825","76.773415","48211000000054400","48211000000074123","Active"
"48211000000130842","Tipturu Church Cam 2","13.895979","76.768926","48211000000054400","48211000000074123","Active"
"48211000000130843","Tipturu Stadium Cam 3","13.90547","76.770967","48211000000054400","48211000000074123","Active"
"48211000000130844","Tipturu Residential Cam 4","13.883557","76.786242","48211000000054400","48211000000074123","Active"
"48211000000130845","Tipturu Railway Junction Cam 5","13.873631","76.766845","48211000000054400","48211000000074123","Inactive"
"48211000000130846","Gubbi Court Complex Cam 1","13.471735","76.789925","48211000000054400","48211000000074124","Active"
"48211000000130847","Gubbi Court Complex Cam 2","13.474933","76.794734","48211000000054400","48211000000074124","Active"
"48211000000130848","Gubbi Market Cam 3","13.466254","76.813639","48211000000054400","48211000000074124","Active"
"48211000000130849","Gubbi Police HQ Gate Cam 4","13.467212","76.804477","48211000000054400","48211000000074124","Active"
"48211000000130850","Gubbi Hospital Cam 5","13.471254","76.786073","48211000000054400","48211000000074124","Active"
"48211000000130851","Gubbi Government Office Cam 6","13.463281","76.811065","48211000000054400","48211000000074124","Active"
"48211000000130852","Gubbi Residential Cam 7","13.466268","76.80808","48211000000054400","48211000000074124","Active"
"48211000000130853","Koratagere Police HQ Gate Cam 1","13.80307","77.416901","48211000000054400","48211000000074125","Active"
"48211000000130854","Koratagere Stadium Cam 2","13.802192","77.43408","48211000000054400","48211000000074125","Active"
"48211000000130855","Koratagere Bus Stand Cam 3","13.78734","77.428205","48211000000054400","48211000000074125","Active"
"48211000000130856","Koratagere Market Cam 4","13.795414","77.409454","48211000000054400","48211000000074125","Active"
"48211000000130857","Pavagada Court Complex Cam 1","13.146406","77.036113","48211000000054400","48211000000074126","Active"
"48211000000130858","Pavagada College Cam 2","13.151384","77.040677","48211000000054400","48211000000074126","Active"
"48211000000130859","Pavagada Mosque Cam 3","13.129101","77.030622","48211000000054400","48211000000074126","Active"
"48211000000130860","Pavagada Railway Junction Cam 4","13.143549","77.042444","48211000000054400","48211000000074126","Active"
"48211000000130861","Pavagada College Cam 5","13.148746","77.035626","48211000000054400","48211000000074126","Active"
"48211000000130862","Pavagada Railway Junction Cam 6","13.151349","77.017654","48211000000054400","48211000000074126","Active"
"48211000000130863","Pavagada Bus Stand Cam 7","13.153887","77.016641","48211000000054400","48211000000074126","Active"
"48211000000130864","Turuvekere Hospital Cam 1","13.73195","77.111625","48211000000054400","48211000000074127","Active"
"48211000000130865","Turuvekere Main Road Junction Cam 2","13.733133","77.112779","48211000000054400","48211000000074127","Active"
"48211000000130866","Turuvekere Government Office Cam 3","13.728149","77.093075","48211000000054400","48211000000074127","Inactive"
"48211000000130867","Turuvekere Hospital Cam 4","13.725082","77.091468","48211000000054400","48211000000074127","Active"
"48211000000130868","Turuvekere Temple Cam 5","13.722816","77.106867","48211000000054400","48211000000074127","Active"
"48211000000130869","Udupi Bus Stand Cam 1","13.800772","74.619063","48211000000054401","48211000000074128","Active"
"48211000000130870","Udupi College Cam 2","13.792086","74.635411","48211000000054401","48211000000074128","Active"
"48211000000130871","Udupi Temple Cam 3","13.807041","74.619665","48211000000054401","48211000000074128","Active"
"48211000000130872","Udupi College Cam 4","13.805216","74.63272","48211000000054401","48211000000074128","Active"
"48211000000130873","Udupi Bus Stand Cam 5","13.806093","74.64519","48211000000054401","48211000000074128","Active"
"48211000000130874","Udupi Railway Junction Cam 6","13.810933","74.638392","48211000000054401","48211000000074128","Active"
"48211000000130875","Udupi Government Office Cam 7","13.789694","74.627975","48211000000054401","48211000000074128","Active"
"48211000000130876","Udupi Bus Stand Cam 8","13.803423","74.63674","48211000000054401","48211000000074128","Active"
"48211000000130877","Udupi Railway Junction Cam 9","13.806307","74.634639","48211000000054401","48211000000074128","Active"
"48211000000130878","Udupi College Cam 10","13.815146","74.642669","48211000000054401","48211000000074128","Active"
"48211000000130879","Udupi Market Cam 11","13.808419","74.639338","48211000000054401","48211000000074128","Active"
"48211000000130880","Udupi Stadium Cam 12","13.798421","74.645049","48211000000054401","48211000000074128","Active"
"48211000000130881","Udupi Railway Junction Cam 13","13.797939","74.617376","48211000000054401","48211000000074128","Active"
"48211000000130882","Udupi Mosque Cam 14","13.809882","74.63094","48211000000054401","48211000000074128","Active"
"48211000000130883","Udupi Main Road Junction Cam 15","13.792143","74.636313","48211000000054401","48211000000074128","Active"
"48211000000130884","Kapu Hospital Cam 1","12.997127","75.026932","48211000000054401","48211000000074129","Active"
"48211000000130885","Kapu Church Cam 2","13.010819","75.007435","48211000000054401","48211000000074129","Active"
"48211000000130886","Kundapura Mosque Cam 1","13.756084","74.92383","48211000000054401","48211000000074132","Active"
"48211000000130887","Kundapura Government Office Cam 2","13.766185","74.922579","48211000000054401","48211000000074132","Active"
"48211000000130888","Kundapura College Cam 3","13.781246","74.903616","48211000000054401","48211000000074132","Active"
"48211000000130889","Kundapura Government Office Cam 4","13.771686","74.93258","48211000000054401","48211000000074132","Active"
"48211000000130890","Kundapura Residential Cam 5","13.774793","74.90653","48211000000054401","48211000000074132","Active"
"48211000000130891","Kundapura College Cam 6","13.774969","74.918591","48211000000054401","48211000000074132","Active"
"48211000000130892","Hebri College Cam 1","13.225023","75.141646","48211000000054401","48211000000074133","Active"
"48211000000130893","Hebri Church Cam 2","13.225001","75.141981","48211000000054401","48211000000074133","Active"
"48211000000130894","Hebri Church Cam 3","13.219632","75.155355","48211000000054401","48211000000074133","Active"
"48211000000130895","Hebri Mosque Cam 4","13.216207","75.157928","48211000000054401","48211000000074133","Active"
"48211000000130896","Hebri Residential Cam 5","13.211853","75.164582","48211000000054401","48211000000074133","Active"
"48211000000130897","Brahmavara Temple Cam 1","13.257113","74.92865","48211000000054401","48211000000074134","Active"
"48211000000130898","Brahmavara Police HQ Gate Cam 2","13.278565","74.920261","48211000000054401","48211000000074134","Active"
"48211000000130899","Brahmavara Mosque Cam 3","13.277464","74.9291","48211000000054401","48211000000074134","Inactive"
"48211000000130900","Karwara Temple Cam 1","14.526892","74.539924","48211000000054402","48211000000074135","Active"
"48211000000130901","Karwara Market Cam 2","14.513187","74.528427","48211000000054402","48211000000074135","Active"
"48211000000130902","Karwara Police HQ Gate Cam 3","14.52727","74.552657","48211000000054402","48211000000074135","Active"
"48211000000130903","Sirsi College Cam 1","15.487303","74.281399","48211000000054402","48211000000074136","Active"
"48211000000130904","Sirsi Market Cam 2","15.493032","74.294545","48211000000054402","48211000000074136","Active"
"48211000000130905","Sirsi College Cam 3","15.511798","74.303733","48211000000054402","48211000000074136","Active"
"48211000000130906","Joida Bus Stand Cam 1","15.054331","75.061884","48211000000054402","48211000000074137","Inactive"
"48211000000130907","Joida Railway Junction Cam 2","15.055828","75.078782","48211000000054402","48211000000074137","Active"
"48211000000130908","Joida Mosque Cam 3","15.062784","75.070947","48211000000054402","48211000000074137","Active"
"48211000000130909","Dandeli Bus Stand Cam 1","14.897157","74.107569","48211000000054402","48211000000074138","Active"
"48211000000130910","Dandeli Hospital Cam 2","14.909165","74.114676","48211000000054402","48211000000074138","Active"
"48211000000130911","Bhatkal School Zone Cam 1","13.956192","74.629568","48211000000054402","48211000000074139","Active"
"48211000000130912","Bhatkal Stadium Cam 2","13.964879","74.624815","48211000000054402","48211000000074139","Active"
"48211000000130913","Bhatkal Main Road Junction Cam 3","13.941737","74.6183","48211000000054402","48211000000074139","Active"
"48211000000130914","Kumta College Cam 1","15.063583","74.595787","48211000000054402","48211000000074140","Active"
"48211000000130915","Haliyal Hospital Cam 1","15.368546","74.818507","48211000000054402","48211000000074142","Active"
"48211000000130916","Haliyal Hospital Cam 2","15.382115","74.819284","48211000000054402","48211000000074142","Active"
"48211000000130917","Haliyal Court Complex Cam 3","15.385244","74.800829","48211000000054402","48211000000074142","Active"
"48211000000130918","Haliyal School Zone Cam 4","15.36121","74.807314","48211000000054402","48211000000074142","Active"
"48211000000130919","Honnavara Railway Junction Cam 1","14.815869","74.818722","48211000000054402","48211000000074143","Active"
"48211000000130920","Honnavara School Zone Cam 2","14.820887","74.817998","48211000000054402","48211000000074143","Active"
"48211000000130921","Mundagodu Government Office Cam 1","14.286535","74.790329","48211000000054402","48211000000074144","Active"
"48211000000130922","Mundagodu Temple Cam 2","14.270671","74.786031","48211000000054402","48211000000074144","Active"
"48211000000130923","Siddapura Railway Junction Cam 1","14.791325","74.390147","48211000000054402","48211000000074145","Active"
"48211000000130924","Siddapura Railway Junction Cam 2","14.784389","74.405531","48211000000054402","48211000000074145","Active"
"48211000000130925","Siddapura Mosque Cam 3","14.821931","74.414546","48211000000054402","48211000000074145","Active"
"48211000000130926","Siddapura Church Cam 4","14.792811","74.422842","48211000000054402","48211000000074145","Active"
"48211000000130927","Yellapura Hospital Cam 1","14.244823","74.481314","48211000000054402","48211000000074146","Active"
"48211000000130928","Vijayapura School Zone Cam 1","17.155608","76.312875","48211000000054403","48211000000074147","Active"
"48211000000130929","Vijayapura Hospital Cam 2","17.153448","76.313978","48211000000054403","48211000000074147","Active"
"48211000000130930","Vijayapura Market Cam 3","17.148153","76.301166","48211000000054403","48211000000074147","Active"
"48211000000130931","Vijayapura Police HQ Gate Cam 4","17.154002","76.311952","48211000000054403","48211000000074147","Active"
"48211000000130932","Vijayapura Church Cam 5","17.154183","76.309163","48211000000054403","48211000000074147","Active"
"48211000000130933","Vijayapura Government Office Cam 6","17.138438","76.317277","48211000000054403","48211000000074147","Active"
"48211000000130934","Vijayapura School Zone Cam 7","17.153017","76.295438","48211000000054403","48211000000074147","Active"
"48211000000130935","Vijayapura Hospital Cam 8","17.157604","76.321984","48211000000054403","48211000000074147","Active"
"48211000000130936","Vijayapura Stadium Cam 9","17.136338","76.311471","48211000000054403","48211000000074147","Active"
"48211000000130937","Vijayapura Court Complex Cam 10","17.157766","76.314305","48211000000054403","48211000000074147","Active"
"48211000000130938","Vijayapura Main Road Junction Cam 11","17.150474","76.313459","48211000000054403","48211000000074147","Active"
"48211000000130939","Vijayapura Mosque Cam 12","17.142548","76.312763","48211000000054403","48211000000074147","Active"
"48211000000130940","Vijayapura Residential Cam 13","17.147166","76.309343","48211000000054403","48211000000074147","Active"
"48211000000130941","Vijayapura School Zone Cam 14","17.147674","76.312898","48211000000054403","48211000000074147","Active"
"48211000000130942","Vijayapura Hospital Cam 15","17.146346","76.306524","48211000000054403","48211000000074147","Inactive"
"48211000000130943","Vijayapura Market Cam 16","17.152325","76.298274","48211000000054403","48211000000074147","Active"
"48211000000130944","Vijayapura Temple Cam 17","17.160848","76.307594","48211000000054403","48211000000074147","Active"
"48211000000130945","Vijayapura Railway Junction Cam 18","17.141715","76.305525","48211000000054403","48211000000074147","Active"
"48211000000130946","Indi Railway Junction Cam 1","16.432079","75.434969","48211000000054403","48211000000074148","Active"
"48211000000130947","Indi Market Cam 2","16.428803","75.458925","48211000000054403","48211000000074148","Active"
"48211000000130948","Indi Residential Cam 3","16.440356","75.4431","48211000000054403","48211000000074148","Active"
"48211000000130949","Indi Church Cam 4","16.432159","75.445932","48211000000054403","48211000000074148","Active"
"48211000000130950","Indi Main Road Junction Cam 5","16.440696","75.454315","48211000000054403","48211000000074148","Active"
"48211000000130951","Indi Railway Junction Cam 6","16.433177","75.433321","48211000000054403","48211000000074148","Active"
"48211000000130952","Indi Hospital Cam 7","16.428382","75.436456","48211000000054403","48211000000074148","Active"
"48211000000130953","Basavana Bagewadi Bus Stand Cam 1","16.231281","76.299713","48211000000054403","48211000000074149","Active"
"48211000000130954","Basavana Bagewadi Market Cam 2","16.24721","76.324014","48211000000054403","48211000000074149","Active"
"48211000000130955","Basavana Bagewadi Market Cam 3","16.238092","76.316205","48211000000054403","48211000000074149","Active"
"48211000000130956","Basavana Bagewadi Bus Stand Cam 4","16.250354","76.323167","48211000000054403","48211000000074149","Active"
"48211000000130957","Basavana Bagewadi Court Complex Cam 5","16.239227","76.312252","48211000000054403","48211000000074149","Active"
"48211000000130958","Basavana Bagewadi School Zone Cam 6","16.238817","76.328368","48211000000054403","48211000000074149","Active"
"48211000000130959","Sindgi Government Office Cam 1","17.453692","75.644487","48211000000054403","48211000000074150","Active"
"48211000000130960","Sindgi Market Cam 2","17.45638","75.621432","48211000000054403","48211000000074150","Active"
"48211000000130961","Talikote Mosque Cam 1","16.686125","76.282281","48211000000054403","48211000000074152","Active"
"48211000000130962","Talikote Mosque Cam 2","16.689863","76.282623","48211000000054403","48211000000074152","Active"
"48211000000130963","Talikote Residential Cam 3","16.700477","76.281075","48211000000054403","48211000000074152","Active"
"48211000000130964","Talikote Church Cam 4","16.671428","76.29513","48211000000054403","48211000000074152","Active"
"48211000000130965","Talikote Police HQ Gate Cam 5","16.691899","76.296979","48211000000054403","48211000000074152","Active"
"48211000000130966","Talikote Main Road Junction Cam 6","16.68632","76.304697","48211000000054403","48211000000074152","Active"
"48211000000130967","Devara Hipparagi College Cam 1","16.406718","75.907207","48211000000054403","48211000000074153","Active"
"48211000000130968","Devara Hipparagi Temple Cam 2","16.393556","75.895874","48211000000054403","48211000000074153","Active"
"48211000000130969","Devara Hipparagi Court Complex Cam 3","16.405733","75.896862","48211000000054403","48211000000074153","Active"
"48211000000130970","Devara Hipparagi Mosque Cam 4","16.412232","75.892663","48211000000054403","48211000000074153","Active"
"48211000000130971","Chadchana Court Complex Cam 1","16.860896","75.36914","48211000000054403","48211000000074154","Active"
"48211000000130972","Chadchana Mosque Cam 2","16.865318","75.38304","48211000000054403","48211000000074154","Active"
"48211000000130973","Chadchana Market Cam 3","16.849094","75.383902","48211000000054403","48211000000074154","Active"
"48211000000130974","Chadchana Main Road Junction Cam 4","16.880314","75.387781","48211000000054403","48211000000074154","Active"
"48211000000130975","Chadchana Church Cam 5","16.880078","75.370331","48211000000054403","48211000000074154","Active"
"48211000000130976","Chadchana Temple Cam 6","16.858157","75.395584","48211000000054403","48211000000074154","Active"
"48211000000130977","Tikote School Zone Cam 1","17.296728","75.935243","48211000000054403","48211000000074155","Active"
"48211000000130978","Tikote College Cam 2","17.284285","75.949718","48211000000054403","48211000000074155","Active"
"48211000000130979","Tikote Court Complex Cam 3","17.283867","75.955272","48211000000054403","48211000000074155","Active"
"48211000000130980","Tikote Temple Cam 4","17.288541","75.947185","48211000000054403","48211000000074155","Active"
"48211000000130981","Tikote Main Road Junction Cam 5","17.292983","75.961682","48211000000054403","48211000000074155","Active"
"48211000000130982","Tikote Bus Stand Cam 6","17.288423","75.948054","48211000000054403","48211000000074155","Active"
"48211000000130983","Tikote Bus Stand Cam 7","17.300366","75.929297","48211000000054403","48211000000074155","Active"
"48211000000130984","Babaleshwara Police HQ Gate Cam 1","16.660663","75.634939","48211000000054403","48211000000074156","Active"
"48211000000130985","Babaleshwara Mosque Cam 2","16.631418","75.639046","48211000000054403","48211000000074156","Active"
"48211000000130986","Babaleshwara Police HQ Gate Cam 3","16.647761","75.643047","48211000000054403","48211000000074156","Active"
"48211000000130987","Babaleshwara Residential Cam 4","16.638007","75.626524","48211000000054403","48211000000074156","Active"
"48211000000130988","Babaleshwara School Zone Cam 5","16.662401","75.637594","48211000000054403","48211000000074156","Active"
"48211000000130989","Babaleshwara Police HQ Gate Cam 6","16.65165","75.632924","48211000000054403","48211000000074156","Inactive"
"48211000000130990","Babaleshwara Bus Stand Cam 7","16.639083","75.641558","48211000000054403","48211000000074156","Active"
"48211000000130991","Kolhara Bus Stand Cam 1","17.133375","75.72167","48211000000054403","48211000000074157","Active"
"48211000000130992","Kolhara Stadium Cam 2","17.143458","75.721736","48211000000054403","48211000000074157","Active"
"48211000000130993","Kolhara Court Complex Cam 3","17.12592","75.706476","48211000000054403","48211000000074157","Active"
"48211000000130994","Kolhara Bus Stand Cam 4","17.139219","75.709589","48211000000054403","48211000000074157","Active"
"48211000000130995","Nidagundi Stadium Cam 1","16.990055","76.072126","48211000000054403","48211000000074158","Active"
"48211000000130996","Nidagundi Mosque Cam 2","16.97496","76.094089","48211000000054403","48211000000074158","Active"
"48211000000130997","Nidagundi College Cam 3","16.993958","76.098383","48211000000054403","48211000000074158","Active"
"48211000000130998","Alamela Mosque Cam 1","16.455548","76.172177","48211000000054403","48211000000074159","Active"
"48211000000130999","Alamela Bus Stand Cam 2","16.445176","76.182033","48211000000054403","48211000000074159","Active"
"48211000000131000","Yadagiri Police HQ Gate Cam 1","16.762171","77.13948","48211000000054404","48211000000074160","Active"
"48211000000131001","Yadagiri Market Cam 2","16.757834","77.129981","48211000000054404","48211000000074160","Active"
"48211000000131002","Shahapura Residential Cam 1","16.219839","76.361274","48211000000054404","48211000000074161","Active"
"48211000000131003","Shahapura Hospital Cam 2","16.209885","76.355498","48211000000054404","48211000000074161","Active"
"48211000000131004","Shahapura Government Office Cam 3","16.192299","76.359343","48211000000054404","48211000000074161","Active"
"48211000000131005","Surapura Church Cam 1","16.733499","76.547505","48211000000054404","48211000000074162","Active"
"48211000000131006","Vadagera Church Cam 1","16.419991","77.266037","48211000000054404","48211000000074164","Active"
"48211000000131007","Hagaribommanahalli College Cam 1","15.203748","76.140838","48211000000054405","48211000000074167","Active"
"48211000000131008","Hagaribommanahalli Police HQ Gate Cam 2","15.210787","76.12779","48211000000054405","48211000000074167","Active"
"48211000000131009","Hagaribommanahalli Police HQ Gate Cam 3","15.230461","76.139405","48211000000054405","48211000000074167","Active"
"48211000000131010","Hagaribommanahalli College Cam 4","15.206822","76.137547","48211000000054405","48211000000074167","Active"
"48211000000131011","Hoovina Hadagali Temple Cam 1","15.515098","76.369556","48211000000054405","48211000000074169","Active"
"48211000000131012","Kudligi Church Cam 1","15.205853","76.453386","48211000000054405","48211000000074170","Active"
"48211000000131013","Kudligi Hospital Cam 2","15.22232","76.461355","48211000000054405","48211000000074170","Inactive"
"48211000000131014","Kudligi Court Complex Cam 3","15.218805","76.464312","48211000000054405","48211000000074170","Active"
"48211000000131015","Kotturu Main Road Junction Cam 1","15.047365","76.739027","48211000000054405","48211000000074171","Active"
"48211000000131016","Kotturu Main Road Junction Cam 2","15.029155","76.736113","48211000000054405","48211000000074171","Active"
"48211000000131017","Kotturu Bus Stand Cam 3","15.045451","76.742479","48211000000054405","48211000000074171","Active"
"48211000000131018","Kotturu Government Office Cam 4","15.044258","76.761584","48211000000054405","48211000000074171","Active"
