"ROWID","CREATORID","CREATEDTIME","MODIFIEDTIME","CameraName","Latitude","Longitude","DistrictId","Status","InstalledDate","UnitId"
"48211000000129576","48211000000013007","2026-07-22 14:32:44:224","2026-07-22 14:32:44:224","Cubbon Park Court Complex Cam 1","12.973696","77.603163","48211000000048013","Active","2020-02-24","48211000000054017"
"48211000000129577","48211000000013007","2026-07-22 14:32:44:226","2026-07-22 14:32:44:226","Cubbon Park School Zone Cam 2","12.966647","77.615487","48211000000048013","Active","2019-05-11","48211000000054017"
"48211000000129578","48211000000013007","2026-07-22 14:32:44:227","2026-07-22 14:32:44:227","Cubbon Park Railway Junction Cam 3","12.976858","77.603435","48211000000048013","Active","2025-04-17","48211000000054017"
"48211000000129579","48211000000013007","2026-07-22 14:32:44:229","2026-07-22 14:32:44:229","Cubbon Park Railway Junction Cam 4","12.972579","77.600596","48211000000048013","Active","2024-01-14","48211000000054017"
"48211000000129580","48211000000013007","2026-07-22 14:32:44:230","2026-07-22 14:32:44:230","Cubbon Park Market Cam 5","12.963843","77.608268","48211000000048013","Active","2020-10-15","48211000000054017"
"48211000000129581","48211000000013007","2026-07-22 14:32:44:231","2026-07-22 14:32:44:231","Cubbon Park Hospital Cam 6","12.989463","77.594633","48211000000048013","Active","2022-10-10","48211000000054017"
"48211000000129582","48211000000013007","2026-07-22 14:32:44:233","2026-07-22 14:32:44:233","Cubbon Park Bus Stand Cam 7","12.977777","77.601579","48211000000048013","Active","2025-10-08","48211000000054017"
"48211000000129583","48211000000013007","2026-07-22 14:32:44:234","2026-07-22 14:32:44:234","Cubbon Park College Cam 8","12.977806","77.609187","48211000000048013","Active","2023-03-31","48211000000054017"
"48211000000129584","48211000000013007","2026-07-22 14:32:44:235","2026-07-22 14:32:44:235","Cubbon Park Government Office Cam 9","12.97791","77.602812","48211000000048013","Active","2023-01-21","48211000000054017"
"48211000000129585","48211000000013007","2026-07-22 14:32:44:237","2026-07-22 14:32:44:237","Cubbon Park Market Cam 10","12.963723","77.599543","48211000000048013","Active","2022-03-31","48211000000054017"
"48211000000129586","48211000000013007","2026-07-22 14:32:44:238","2026-07-22 14:32:44:238","Cubbon Park Church Cam 11","12.958694","77.617293","48211000000048013","Active","2022-02-12","48211000000054017"
"48211000000129587","48211000000013007","2026-07-22 14:32:44:240","2026-07-22 14:32:44:240","Cubbon Park Hospital Cam 12","12.967381","77.608584","48211000000048013","Active","2021-05-08","48211000000054017"
"48211000000129588","48211000000013007","2026-07-22 14:32:44:241","2026-07-22 14:32:44:241","Cubbon Park Government Office Cam 13","12.961792","77.598682","48211000000048013","Active","2025-10-31","48211000000054017"
"48211000000129589","48211000000013007","2026-07-22 14:32:44:242","2026-07-22 14:32:44:242","Cubbon Park Court Complex Cam 14","12.973156","77.58896","48211000000048013","Active","2023-04-04","48211000000054017"
"48211000000129590","48211000000013007","2026-07-22 14:32:44:244","2026-07-22 14:32:44:244","Cubbon Park Main Road Junction Cam 15","12.973453","77.608866","48211000000048013","Active","2022-08-21","48211000000054017"
"48211000000129591","48211000000013007","2026-07-22 14:32:44:245","2026-07-22 14:32:44:245","Cubbon Park Court Complex Cam 16","12.95747","77.606468","48211000000048013","Active","2022-07-16","48211000000054017"
"48211000000129592","48211000000013007","2026-07-22 14:32:44:246","2026-07-22 14:32:44:246","Cubbon Park Stadium Cam 17","12.97985","77.611782","48211000000048013","Active","2022-07-12","48211000000054017"
"48211000000129593","48211000000013007","2026-07-22 14:32:44:248","2026-07-22 14:32:44:248","Cubbon Park Stadium Cam 18","12.976223","77.598386","48211000000048013","Active","2024-02-23","48211000000054017"
"48211000000129594","48211000000013007","2026-07-22 14:32:44:249","2026-07-22 14:32:44:249","Cubbon Park Main Road Junction Cam 19","12.978675","77.605411","48211000000048013","Active","2021-12-12","48211000000054017"
"48211000000129595","48211000000013007","2026-07-22 14:32:44:250","2026-07-22 14:32:44:250","Cubbon Park Police HQ Gate Cam 20","12.983513","77.587751","48211000000048013","Active","2021-06-17","48211000000054017"
"48211000000129596","48211000000013007","2026-07-22 14:32:44:252","2026-07-22 14:32:44:252","Cubbon Park College Cam 21","12.993356","77.618179","48211000000048013","Active","2019-07-12","48211000000054017"
"48211000000129597","48211000000013007","2026-07-22 14:32:44:253","2026-07-22 14:32:44:253","Cubbon Park Hospital Cam 22","12.992091","77.614709","48211000000048013","Active","2023-09-26","48211000000054017"
"48211000000129598","48211000000013007","2026-07-22 14:32:44:254","2026-07-22 14:32:44:254","Whitefield College Cam 1","12.970769","77.74892","48211000000048013","Active","2025-03-16","48211000000054018"
"48211000000129599","48211000000013007","2026-07-22 14:32:44:256","2026-07-22 14:32:44:256","Whitefield Main Road Junction Cam 2","12.971197","77.769843","48211000000048013","Active","2025-01-08","48211000000054018"
"48211000000129600","48211000000013007","2026-07-22 14:32:44:257","2026-07-22 14:32:44:257","Whitefield Bus Stand Cam 3","12.953004","77.752023","48211000000048013","Active","2023-11-16","48211000000054018"
"48211000000129601","48211000000013007","2026-07-22 14:32:44:258","2026-07-22 14:32:44:258","Whitefield Main Road Junction Cam 4","12.969873","77.753655","48211000000048013","Active","2021-12-14","48211000000054018"
"48211000000129602","48211000000013007","2026-07-22 14:32:44:260","2026-07-22 14:32:44:260","Whitefield Railway Junction Cam 5","12.947972","77.751687","48211000000048013","Active","2026-01-05","48211000000054018"
"48211000000129603","48211000000013007","2026-07-22 14:32:44:261","2026-07-22 14:32:44:261","Whitefield Police HQ Gate Cam 6","12.964649","77.745568","48211000000048013","Active","2023-03-12","48211000000054018"
"48211000000129604","48211000000013007","2026-07-22 14:32:44:262","2026-07-22 14:32:44:262","Whitefield Mosque Cam 7","12.965594","77.732913","48211000000048013","Active","2019-01-03","48211000000054018"
"48211000000129605","48211000000013007","2026-07-22 14:32:44:264","2026-07-22 14:32:44:264","Whitefield School Zone Cam 8","12.970765","77.736193","48211000000048013","Active","2022-06-13","48211000000054018"
"48211000000129606","48211000000013007","2026-07-22 14:32:44:265","2026-07-22 14:32:44:265","Whitefield Police HQ Gate Cam 9","12.975184","77.750317","48211000000048013","Active","2019-12-17","48211000000054018"
"48211000000129607","48211000000013007","2026-07-22 14:32:44:267","2026-07-22 14:32:44:267","Whitefield Mosque Cam 10","12.954714","77.756818","48211000000048013","Active","2020-05-30","48211000000054018"
"48211000000129608","48211000000013007","2026-07-22 14:32:44:268","2026-07-22 14:32:44:268","Whitefield Railway Junction Cam 11","12.970247","77.747068","48211000000048013","Active","2024-12-01","48211000000054018"
"48211000000129609","48211000000013007","2026-07-22 14:32:44:269","2026-07-22 14:32:44:269","Whitefield Court Complex Cam 12","12.978925","77.732142","48211000000048013","Active","2021-04-03","48211000000054018"
"48211000000129610","48211000000013007","2026-07-22 14:32:44:271","2026-07-22 14:32:44:271","Whitefield Government Office Cam 13","12.97932","77.736731","48211000000048013","Active","2023-11-30","48211000000054018"
"48211000000129611","48211000000013007","2026-07-22 14:32:44:272","2026-07-22 14:32:44:272","Whitefield Court Complex Cam 14","12.975881","77.730166","48211000000048013","Active","2022-10-16","48211000000054018"
"48211000000129612","48211000000013007","2026-07-22 14:32:44:274","2026-07-22 14:32:44:274","Whitefield Police HQ Gate Cam 15","12.969643","77.749541","48211000000048013","Active","2019-10-18","48211000000054018"
"48211000000129613","48211000000013007","2026-07-22 14:32:44:275","2026-07-22 14:32:44:275","Whitefield School Zone Cam 16","12.975564","77.765253","48211000000048013","Active","2022-09-15","48211000000054018"
"48211000000129614","48211000000013007","2026-07-22 14:32:44:276","2026-07-22 14:32:44:276","Whitefield Government Office Cam 17","12.971391","77.750123","48211000000048013","Active","2025-01-17","48211000000054018"
"48211000000129615","48211000000013007","2026-07-22 14:32:44:278","2026-07-22 14:32:44:278","Whitefield Police HQ Gate Cam 18","12.968625","77.75281","48211000000048013","Active","2021-09-22","48211000000054018"
"48211000000129616","48211000000013007","2026-07-22 14:32:44:279","2026-07-22 14:32:44:279","Whitefield Court Complex Cam 19","12.953269","77.75641","48211000000048013","Active","2026-05-23","48211000000054018"
"48211000000129617","48211000000013007","2026-07-22 14:32:44:280","2026-07-22 14:32:44:280","Whitefield College Cam 20","12.974285","77.741164","48211000000048013","Active","2019-08-10","48211000000054018"
"48211000000129618","48211000000013007","2026-07-22 14:32:44:282","2026-07-22 14:32:44:282","Whitefield School Zone Cam 21","12.968294","77.765486","48211000000048013","Active","2022-10-21","48211000000054018"
"48211000000129619","48211000000013007","2026-07-22 14:32:44:283","2026-07-22 14:32:44:283","Mysuru City College Cam 1","12.298301","76.640409","48211000000048014","Active","2021-01-21","48211000000054019"
"48211000000129620","48211000000013007","2026-07-22 14:32:44:284","2026-07-22 14:32:44:284","Mysuru City Stadium Cam 2","12.298811","76.639404","48211000000048014","Active","2025-03-04","48211000000054019"
"48211000000129621","48211000000013007","2026-07-22 14:32:44:286","2026-07-22 14:32:44:286","Mysuru City Railway Junction Cam 3","12.294935","76.638775","48211000000048014","Active","2020-01-18","48211000000054019"
"48211000000129622","48211000000013007","2026-07-22 14:32:44:287","2026-07-22 14:32:44:287","Mysuru City Hospital Cam 4","12.28765","76.645357","48211000000048014","Active","2024-05-25","48211000000054019"
"48211000000129623","48211000000013007","2026-07-22 14:32:44:288","2026-07-22 14:32:44:288","Mysuru City Market Cam 5","12.297146","76.637478","48211000000048014","Active","2019-01-09","48211000000054019"
"48211000000129624","48211000000013007","2026-07-22 14:32:44:290","2026-07-22 14:32:44:290","Mysuru City Mosque Cam 6","12.306403","76.63836","48211000000048014","Active","2022-03-14","48211000000054019"
"48211000000129625","48211000000013007","2026-07-22 14:32:44:291","2026-07-22 14:32:44:291","Mysuru City Mosque Cam 7","12.294588","76.643913","48211000000048014","Active","2024-06-16","48211000000054019"
"48211000000129626","48211000000013007","2026-07-22 14:32:44:293","2026-07-22 14:32:44:293","Mysuru City Market Cam 8","12.297402","76.638905","48211000000048014","Active","2025-01-29","48211000000054019"
"48211000000129627","48211000000013007","2026-07-22 14:32:44:294","2026-07-22 14:32:44:294","Mysuru City Market Cam 9","12.296407","76.639138","48211000000048014","Active","2024-08-21","48211000000054019"
"48211000000129628","48211000000013007","2026-07-22 14:32:44:295","2026-07-22 14:32:44:295","Mysuru City Market Cam 10","12.293869","76.629421","48211000000048014","Active","2019-11-25","48211000000054019"
"48211000000129629","48211000000013007","2026-07-22 14:32:44:297","2026-07-22 14:32:44:297","Mysuru City School Zone Cam 11","12.299641","76.64796","48211000000048014","Active","2021-08-21","48211000000054019"
"48211000000129630","48211000000013007","2026-07-22 14:32:44:298","2026-07-22 14:32:44:298","Mysuru City Police HQ Gate Cam 12","12.294234","76.64357","48211000000048014","Active","2025-09-01","48211000000054019"
"48211000000129631","48211000000013007","2026-07-22 14:32:44:299","2026-07-22 14:32:44:299","Mysuru City Government Office Cam 13","12.296012","76.639783","48211000000048014","Active","2024-11-11","48211000000054019"
"48211000000129632","48211000000013007","2026-07-22 14:32:44:301","2026-07-22 14:32:44:301","Mysuru City Government Office Cam 14","12.299212","76.639163","48211000000048014","Active","2021-09-04","48211000000054019"
"48211000000129633","48211000000013007","2026-07-22 14:32:44:302","2026-07-22 14:32:44:302","Mysuru City Government Office Cam 15","12.297904","76.6414","48211000000048014","Active","2022-07-19","48211000000054019"
"48211000000129634","48211000000013007","2026-07-22 14:32:44:303","2026-07-22 14:32:44:303","Mysuru City Market Cam 16","12.291854","76.648853","48211000000048014","Active","2025-04-25","48211000000054019"
"48211000000129635","48211000000013007","2026-07-22 14:32:44:305","2026-07-22 14:32:44:305","Mysuru City Court Complex Cam 17","12.300584","76.649274","48211000000048014","Active","2020-06-26","48211000000054019"
"48211000000129636","48211000000013007","2026-07-22 14:32:44:306","2026-07-22 14:32:44:306","Mysuru City Stadium Cam 18","12.288933","76.646966","48211000000048014","Active","2022-03-13","48211000000054019"
"48211000000129637","48211000000013007","2026-07-22 14:32:44:307","2026-07-22 14:32:44:307","Mysuru City Main Road Junction Cam 19","12.294325","76.640277","48211000000048014","Active","2026-05-02","48211000000054019"
"48211000000129638","48211000000013007","2026-07-22 14:32:44:309","2026-07-22 14:32:44:309","Mysuru City Railway Junction Cam 20","12.290826","76.636512","48211000000048014","Active","2020-02-29","48211000000054019"
"48211000000129639","48211000000013007","2026-07-22 14:32:44:310","2026-07-22 14:32:44:310","Mysuru City School Zone Cam 21","12.303384","76.646305","48211000000048014","Active","2025-03-16","48211000000054019"
"48211000000129640","48211000000013007","2026-07-22 14:32:44:311","2026-07-22 14:32:44:311","Mysuru Main Road Junction Cam 1","12.303398","76.652817","48211000000048014","Active","2026-02-10","48211000000054020"
"48211000000129641","48211000000013007","2026-07-22 14:32:44:313","2026-07-22 14:32:44:313","Mysuru Temple Cam 2","12.304887","76.645768","48211000000048014","Active","2019-07-28","48211000000054020"
"48211000000129642","48211000000013007","2026-07-22 14:32:44:314","2026-07-22 14:32:44:314","Mysuru Temple Cam 3","12.305661","76.654294","48211000000048014","Inactive","2022-09-28","48211000000054020"
"48211000000129643","48211000000013007","2026-07-22 14:32:44:316","2026-07-22 14:32:44:316","Mysuru Temple Cam 4","12.298874","76.649643","48211000000048014","Active","2023-12-15","48211000000054020"
"48211000000129644","48211000000013007","2026-07-22 14:32:44:317","2026-07-22 14:32:44:317","Mysuru Market Cam 5","12.307818","76.649715","48211000000048014","Active","2020-09-02","48211000000054020"
"48211000000129645","48211000000013007","2026-07-22 14:32:44:319","2026-07-22 14:32:44:319","Mysuru Police HQ Gate Cam 6","12.300115","76.65826","48211000000048014","Active","2023-10-27","48211000000054020"
"48211000000129646","48211000000013007","2026-07-22 14:32:44:320","2026-07-22 14:32:44:320","Mysuru Stadium Cam 7","12.306487","76.654695","48211000000048014","Active","2019-06-13","48211000000054020"
"48211000000129647","48211000000013007","2026-07-22 14:32:44:322","2026-07-22 14:32:44:322","Mysuru Court Complex Cam 8","12.314614","76.657669","48211000000048014","Active","2022-12-19","48211000000054020"
"48211000000129648","48211000000013007","2026-07-22 14:32:44:323","2026-07-22 14:32:44:323","Mysuru Residential Cam 9","12.299588","76.661644","48211000000048014","Active","2020-09-25","48211000000054020"
"48211000000129649","48211000000013007","2026-07-22 14:32:44:325","2026-07-22 14:32:44:325","Mysuru Hospital Cam 10","12.315174","76.656053","48211000000048014","Active","2020-12-26","48211000000054020"
"48211000000129650","48211000000013007","2026-07-22 14:32:44:326","2026-07-22 14:32:44:326","Mysuru Main Road Junction Cam 11","12.306678","76.664835","48211000000048014","Active","2023-08-14","48211000000054020"
"48211000000129651","48211000000013007","2026-07-22 14:32:44:328","2026-07-22 14:32:44:328","Mysuru Mosque Cam 12","12.298661","76.661031","48211000000048014","Active","2020-10-14","48211000000054020"
"48211000000129652","48211000000013007","2026-07-22 14:32:44:329","2026-07-22 14:32:44:329","Mysuru Church Cam 13","12.310547","76.661979","48211000000048014","Inactive","2024-04-11","48211000000054020"
"48211000000129653","48211000000013007","2026-07-22 14:32:44:330","2026-07-22 14:32:44:330","Mysuru College Cam 14","12.303003","76.6562","48211000000048014","Active","2021-07-21","48211000000054020"
"48211000000129654","48211000000013007","2026-07-22 14:32:44:332","2026-07-22 14:32:44:332","Mysuru Residential Cam 15","12.303165","76.653879","48211000000048014","Active","2019-10-12","48211000000054020"
"48211000000129655","48211000000013007","2026-07-22 14:32:44:333","2026-07-22 14:32:44:333","Mysuru Government Office Cam 16","12.315478","76.653253","48211000000048014","Active","2025-01-05","48211000000054020"
"48211000000129656","48211000000013007","2026-07-22 14:32:44:334","2026-07-22 14:32:44:334","Mysuru Stadium Cam 17","12.305818","76.658809","48211000000048014","Active","2021-01-01","48211000000054020"
"48211000000129657","48211000000013007","2026-07-22 14:32:44:336","2026-07-22 14:32:44:336","Mysuru Market Cam 18","12.304552","76.66159","48211000000048014","Active","2023-11-15","48211000000054020"
"48211000000129658","48211000000013007","2026-07-22 14:32:44:337","2026-07-22 14:32:44:337","Mysuru Residential Cam 19","12.30156","76.656068","48211000000048014","Active","2024-09-25","48211000000054020"
"48211000000129659","48211000000013007","2026-07-22 14:32:44:338","2026-07-22 14:32:44:338","Mysuru Court Complex Cam 20","12.304462","76.656233","48211000000048014","Active","2023-11-22","48211000000054020"
"48211000000129660","48211000000013007","2026-07-22 14:32:44:340","2026-07-22 14:32:44:340","Mysuru Railway Junction Cam 21","12.305192","76.655217","48211000000048014","Active","2021-03-18","48211000000054020"
"48211000000129661","48211000000013007","2026-07-22 14:32:44:341","2026-07-22 14:32:44:341","Mysuru Government Office Cam 22","12.306876","76.658847","48211000000048014","Active","2025-12-27","48211000000054020"
"48211000000129662","48211000000013007","2026-07-22 14:32:44:343","2026-07-22 14:32:44:343","Mangaluru North Stadium Cam 1","12.921689","74.863823","48211000000048015","Active","2022-06-20","48211000000054021"
"48211000000129663","48211000000013007","2026-07-22 14:32:44:344","2026-07-22 14:32:44:344","Mangaluru North Main Road Junction Cam 2","12.923699","74.85089","48211000000048015","Active","2020-06-05","48211000000054021"
"48211000000129664","48211000000013007","2026-07-22 14:32:44:345","2026-07-22 14:32:44:345","Mangaluru North Residential Cam 3","12.911423","74.854374","48211000000048015","Active","2020-12-13","48211000000054021"
"48211000000129665","48211000000013007","2026-07-22 14:32:44:347","2026-07-22 14:32:44:347","Mangaluru North Railway Junction Cam 4","12.923574","74.852777","48211000000048015","Active","2022-05-29","48211000000054021"
"48211000000129666","48211000000013007","2026-07-22 14:32:44:348","2026-07-22 14:32:44:348","Mangaluru North Police HQ Gate Cam 5","12.916084","74.851682","48211000000048015","Active","2022-08-12","48211000000054021"
"48211000000129667","48211000000013007","2026-07-22 14:32:44:349","2026-07-22 14:32:44:349","Mangaluru North Court Complex Cam 6","12.91678","74.848769","48211000000048015","Active","2020-11-26","48211000000054021"
"48211000000129668","48211000000013007","2026-07-22 14:32:44:351","2026-07-22 14:32:44:351","Mangaluru North Government Office Cam 7","12.924544","74.853691","48211000000048015","Active","2022-10-04","48211000000054021"
"48211000000129669","48211000000013007","2026-07-22 14:32:44:352","2026-07-22 14:32:44:352","Mangaluru North Court Complex Cam 8","12.91365","74.857484","48211000000048015","Active","2021-07-09","48211000000054021"
"48211000000129670","48211000000013007","2026-07-22 14:32:44:353","2026-07-22 14:32:44:353","Mangaluru North Market Cam 9","12.924552","74.864067","48211000000048015","Active","2024-04-30","48211000000054021"
"48211000000129671","48211000000013007","2026-07-22 14:32:44:355","2026-07-22 14:32:44:355","Mangaluru North College Cam 10","12.904254","74.857179","48211000000048015","Active","2026-01-23","48211000000054021"
"48211000000129672","48211000000013007","2026-07-22 14:32:44:356","2026-07-22 14:32:44:356","Mangaluru North Residential Cam 11","12.904949","74.854108","48211000000048015","Active","2021-09-26","48211000000054021"
"48211000000129673","48211000000013007","2026-07-22 14:32:44:358","2026-07-22 14:32:44:358","Mangaluru North Stadium Cam 12","12.911888","74.855062","48211000000048015","Active","2020-03-12","48211000000054021"
"48211000000129674","48211000000013007","2026-07-22 14:32:44:359","2026-07-22 14:32:44:359","Mangaluru North Mosque Cam 13","12.926482","74.858519","48211000000048015","Active","2024-10-22","48211000000054021"
"48211000000129675","48211000000013007","2026-07-22 14:32:44:360","2026-07-22 14:32:44:360","Mangaluru North Stadium Cam 14","12.911441","74.848769","48211000000048015","Active","2024-02-13","48211000000054021"
"48211000000129676","48211000000013007","2026-07-22 14:32:44:362","2026-07-22 14:32:44:362","Mangaluru North Railway Junction Cam 15","12.914576","74.853836","48211000000048015","Active","2025-09-04","48211000000054021"
"48211000000129677","48211000000013007","2026-07-22 14:32:44:363","2026-07-22 14:32:44:363","Mangaluru North College Cam 16","12.908957","74.856174","48211000000048015","Active","2024-08-29","48211000000054021"
"48211000000129678","48211000000013007","2026-07-22 14:32:44:365","2026-07-22 14:32:44:365","Mangaluru North College Cam 17","12.910277","74.861918","48211000000048015","Active","2024-04-28","48211000000054021"
"48211000000129679","48211000000013007","2026-07-22 14:32:44:366","2026-07-22 14:32:44:366","Mangaluru South Government Office Cam 1","12.874002","74.842075","48211000000048015","Active","2024-11-05","48211000000054022"
"48211000000129680","48211000000013007","2026-07-22 14:32:44:367","2026-07-22 14:32:44:367","Mangaluru South College Cam 2","12.87764","74.842544","48211000000048015","Active","2022-03-16","48211000000054022"
"48211000000129681","48211000000013007","2026-07-22 14:32:44:369","2026-07-22 14:32:44:369","Mangaluru South Stadium Cam 3","12.873063","74.839997","48211000000048015","Active","2020-07-20","48211000000054022"
"48211000000129682","48211000000013007","2026-07-22 14:32:44:370","2026-07-22 14:32:44:370","Mangaluru South Hospital Cam 4","12.87144","74.840139","48211000000048015","Active","2019-09-21","48211000000054022"
"48211000000129683","48211000000013007","2026-07-22 14:32:44:371","2026-07-22 14:32:44:371","Mangaluru South College Cam 5","12.875677","74.838642","48211000000048015","Active","2021-04-27","48211000000054022"
"48211000000129684","48211000000013007","2026-07-22 14:32:44:373","2026-07-22 14:32:44:373","Mangaluru South Mosque Cam 6","12.878443","74.831354","48211000000048015","Active","2019-03-22","48211000000054022"
"48211000000129685","48211000000013007","2026-07-22 14:32:44:374","2026-07-22 14:32:44:374","Mangaluru South Residential Cam 7","12.855974","74.843394","48211000000048015","Active","2022-12-11","48211000000054022"
"48211000000129686","48211000000013007","2026-07-22 14:32:44:376","2026-07-22 14:32:44:376","Mangaluru South Stadium Cam 8","12.872887","74.838173","48211000000048015","Active","2023-09-13","48211000000054022"
"48211000000129687","48211000000013007","2026-07-22 14:32:44:377","2026-07-22 14:32:44:377","Mangaluru South Mosque Cam 9","12.861113","74.841137","48211000000048015","Active","2021-06-22","48211000000054022"
"48211000000129688","48211000000013007","2026-07-22 14:32:44:378","2026-07-22 14:32:44:378","Mangaluru South College Cam 10","12.877635","74.840834","48211000000048015","Inactive","2022-10-08","48211000000054022"
"48211000000129689","48211000000013007","2026-07-22 14:32:44:380","2026-07-22 14:32:44:380","Mangaluru South Main Road Junction Cam 11","12.859446","74.845314","48211000000048015","Active","2024-03-29","48211000000054022"
"48211000000129690","48211000000013007","2026-07-22 14:32:44:381","2026-07-22 14:32:44:381","Mangaluru South Railway Junction Cam 12","12.867998","74.857184","48211000000048015","Inactive","2023-06-02","48211000000054022"
"48211000000129691","48211000000013007","2026-07-22 14:32:44:382","2026-07-22 14:32:44:382","Mangaluru South School Zone Cam 13","12.8616","74.836882","48211000000048015","Active","2020-07-09","48211000000054022"
"48211000000129692","48211000000013007","2026-07-22 14:32:44:384","2026-07-22 14:32:44:384","Mangaluru South Temple Cam 14","12.882583","74.847997","48211000000048015","Active","2021-05-16","48211000000054022"
"48211000000129693","48211000000013007","2026-07-22 14:32:44:385","2026-07-22 14:32:44:385","Mangaluru South Stadium Cam 15","12.876087","74.838048","48211000000048015","Active","2023-09-23","48211000000054022"
"48211000000129694","48211000000013007","2026-07-22 14:32:44:387","2026-07-22 14:32:44:387","Mangaluru South Market Cam 16","12.871814","74.845653","48211000000048015","Active","2019-08-02","48211000000054022"
"48211000000129695","48211000000013007","2026-07-22 14:32:44:388","2026-07-22 14:32:44:388","Mangaluru South Government Office Cam 17","12.88292","74.832227","48211000000048015","Active","2026-04-23","48211000000054022"
"48211000000129696","48211000000013007","2026-07-22 14:32:44:389","2026-07-22 14:32:44:389","Mangaluru South Court Complex Cam 18","12.869926","74.842657","48211000000048015","Active","2019-03-25","48211000000054022"
"48211000000129697","48211000000013007","2026-07-22 14:32:44:391","2026-07-22 14:32:44:391","Mangaluru South College Cam 19","12.87985","74.842743","48211000000048015","Active","2025-04-29","48211000000054022"
"48211000000129698","48211000000013007","2026-07-22 14:32:44:392","2026-07-22 14:32:44:392","Belagavi Camp Bus Stand Cam 1","15.854724","74.497495","48211000000048016","Active","2025-10-23","48211000000054023"
"48211000000129699","48211000000013007","2026-07-22 14:32:44:394","2026-07-22 14:32:44:394","Belagavi Camp Mosque Cam 2","15.839486","74.495561","48211000000048016","Active","2022-06-28","48211000000054023"
"48211000000129700","48211000000013007","2026-07-22 14:32:44:395","2026-07-22 14:32:44:395","Belagavi Camp Temple Cam 3","15.849888","74.498899","48211000000048016","Active","2023-03-18","48211000000054023"
"48211000000129701","48211000000013007","2026-07-22 14:32:44:396","2026-07-22 14:32:44:396","Belagavi Camp School Zone Cam 4","15.845515","74.496728","48211000000048016","Active","2026-01-13","48211000000054023"
"48211000000129702","48211000000013007","2026-07-22 14:32:44:398","2026-07-22 14:32:44:398","Belagavi Camp Temple Cam 5","15.847218","74.496811","48211000000048016","Active","2025-09-25","48211000000054023"
"48211000000129703","48211000000013007","2026-07-22 14:32:44:399","2026-07-22 14:32:44:399","Belagavi Camp Police HQ Gate Cam 6","15.841356","74.500293","48211000000048016","Active","2022-11-23","48211000000054023"
"48211000000129704","48211000000013007","2026-07-22 14:32:44:401","2026-07-22 14:32:44:401","Belagavi Camp School Zone Cam 7","15.844808","74.49454","48211000000048016","Active","2022-10-29","48211000000054023"
"48211000000129705","48211000000013007","2026-07-22 14:32:44:402","2026-07-22 14:32:44:402","Belagavi Camp College Cam 8","15.849766","74.497575","48211000000048016","Active","2023-01-23","48211000000054023"
"48211000000129706","48211000000013007","2026-07-22 14:32:44:403","2026-07-22 14:32:44:403","Belagavi Camp Main Road Junction Cam 9","15.843652","74.50109","48211000000048016","Active","2020-12-22","48211000000054023"
"48211000000129707","48211000000013007","2026-07-22 14:32:44:405","2026-07-22 14:32:44:405","Belagavi Camp Temple Cam 10","15.847993","74.505753","48211000000048016","Active","2025-01-13","48211000000054023"
"48211000000129708","48211000000013007","2026-07-22 14:32:44:406","2026-07-22 14:32:44:406","Belagavi Camp Church Cam 11","15.851533","74.489206","48211000000048016","Active","2022-01-04","48211000000054023"
"48211000000129709","48211000000013007","2026-07-22 14:32:44:408","2026-07-22 14:32:44:408","Belagavi Camp Stadium Cam 12","15.853183","74.497803","48211000000048016","Active","2024-01-21","48211000000054023"
"48211000000129710","48211000000013007","2026-07-22 14:32:44:409","2026-07-22 14:32:44:409","Belagavi Camp Police HQ Gate Cam 13","15.85028","74.495027","48211000000048016","Active","2022-10-09","48211000000054023"
"48211000000129711","48211000000013007","2026-07-22 14:32:44:410","2026-07-22 14:32:44:410","Belagavi Camp Hospital Cam 14","15.84945","74.497891","48211000000048016","Active","2022-12-24","48211000000054023"
"48211000000129712","48211000000013007","2026-07-22 14:32:44:412","2026-07-22 14:32:44:412","Belagavi Camp Stadium Cam 15","15.856973","74.49288","48211000000048016","Active","2022-02-05","48211000000054023"
"48211000000129713","48211000000013007","2026-07-22 14:32:44:413","2026-07-22 14:32:44:413","Belagavi Camp Court Complex Cam 16","15.849073","74.491488","48211000000048016","Active","2023-07-23","48211000000054023"
"48211000000129714","48211000000013007","2026-07-22 14:32:44:414","2026-07-22 14:32:44:414","Belagavi Camp Main Road Junction Cam 17","15.844425","74.497982","48211000000048016","Active","2024-07-03","48211000000054023"
"48211000000129715","48211000000013007","2026-07-22 14:32:44:416","2026-07-22 14:32:44:416","Belagavi Camp Temple Cam 18","15.850224","74.502707","48211000000048016","Active","2021-09-23","48211000000054023"
"48211000000129716","48211000000013007","2026-07-22 14:32:44:417","2026-07-22 14:32:44:417","Belagavi Camp College Cam 19","15.848077","74.494701","48211000000048016","Active","2022-11-09","48211000000054023"
"48211000000129717","48211000000013007","2026-07-22 14:32:44:418","2026-07-22 14:32:44:418","Belagavi Camp Bus Stand Cam 20","15.845101","74.497578","48211000000048016","Active","2024-02-02","48211000000054023"
"48211000000129718","48211000000013007","2026-07-22 14:32:44:420","2026-07-22 14:32:44:420","Belagavi Camp School Zone Cam 21","15.852629","74.497673","48211000000048016","Active","2022-07-16","48211000000054023"
"48211000000129719","48211000000013007","2026-07-22 14:32:44:421","2026-07-22 14:32:44:421","Belagavi Camp Mosque Cam 22","15.849411","74.49639","48211000000048016","Active","2021-02-23","48211000000054023"
"48211000000129720","48211000000013007","2026-07-22 14:32:44:422","2026-07-22 14:32:44:422","Belagavi Camp Main Road Junction Cam 23","15.849932","74.49528","48211000000048016","Active","2024-11-18","48211000000054023"
"48211000000129721","48211000000013007","2026-07-22 14:32:44:424","2026-07-22 14:32:44:424","Belagavi Rural Temple Cam 1","15.851795","74.517101","48211000000048016","Active","2021-01-04","48211000000054024"
"48211000000129722","48211000000013007","2026-07-22 14:32:44:425","2026-07-22 14:32:44:425","Belagavi Rural Hospital Cam 2","15.860868","74.507571","48211000000048016","Active","2019-08-12","48211000000054024"
"48211000000129723","48211000000013007","2026-07-22 14:32:44:426","2026-07-22 14:32:44:426","Belagavi Rural Hospital Cam 3","15.857112","74.505874","48211000000048016","Active","2024-07-03","48211000000054024"
"48211000000129724","48211000000013007","2026-07-22 14:32:44:428","2026-07-22 14:32:44:428","Belagavi Rural Temple Cam 4","15.865728","74.510624","48211000000048016","Active","2023-12-10","48211000000054024"
"48211000000129725","48211000000013007","2026-07-22 14:32:44:429","2026-07-22 14:32:44:429","Belagavi Rural Temple Cam 5","15.864412","74.514509","48211000000048016","Active","2024-05-10","48211000000054024"
"48211000000129726","48211000000013007","2026-07-22 14:32:44:431","2026-07-22 14:32:44:431","Belagavi Rural College Cam 6","15.866338","74.510663","48211000000048016","Active","2026-01-22","48211000000054024"
"48211000000129727","48211000000013007","2026-07-22 14:32:44:432","2026-07-22 14:32:44:432","Belagavi Rural Mosque Cam 7","15.874676","74.5156","48211000000048016","Active","2022-05-29","48211000000054024"
"48211000000129728","48211000000013007","2026-07-22 14:32:44:433","2026-07-22 14:32:44:433","Belagavi Rural Railway Junction Cam 8","15.866981","74.508916","48211000000048016","Active","2025-10-19","48211000000054024"
"48211000000129729","48211000000013007","2026-07-22 14:32:44:435","2026-07-22 14:32:44:435","Belagavi Rural Mosque Cam 9","15.859053","74.501506","48211000000048016","Active","2024-01-20","48211000000054024"
"48211000000129730","48211000000013007","2026-07-22 14:32:44:436","2026-07-22 14:32:44:436","Belagavi Rural Police HQ Gate Cam 10","15.879685","74.50441","48211000000048016","Active","2022-06-04","48211000000054024"
"48211000000129731","48211000000013007","2026-07-22 14:32:44:437","2026-07-22 14:32:44:437","Belagavi Rural Main Road Junction Cam 11","15.869007","74.517808","48211000000048016","Active","2021-05-01","48211000000054024"
"48211000000129732","48211000000013007","2026-07-22 14:32:44:439","2026-07-22 14:32:44:439","Belagavi Rural School Zone Cam 12","15.875701","74.507931","48211000000048016","Active","2020-12-12","48211000000054024"
"48211000000129733","48211000000013007","2026-07-22 14:32:44:440","2026-07-22 14:32:44:440","Belagavi Rural Residential Cam 13","15.873051","74.514056","48211000000048016","Active","2025-08-29","48211000000054024"
"48211000000129734","48211000000013007","2026-07-22 14:32:44:441","2026-07-22 14:32:44:441","Belagavi Rural Temple Cam 14","15.867152","74.516656","48211000000048016","Active","2024-02-03","48211000000054024"
"48211000000129735","48211000000013007","2026-07-22 14:32:44:443","2026-07-22 14:32:44:443","Belagavi Rural Temple Cam 15","15.866748","74.509025","48211000000048016","Active","2026-01-04","48211000000054024"
"48211000000129736","48211000000013007","2026-07-22 14:32:44:444","2026-07-22 14:32:44:444","Belagavi Rural Court Complex Cam 16","15.856579","74.512204","48211000000048016","Active","2025-02-08","48211000000054024"
"48211000000129737","48211000000013007","2026-07-22 14:32:44:445","2026-07-22 14:32:44:445","Hubballi City Church Cam 1","15.36089","75.130092","48211000000048017","Active","2019-09-02","48211000000054025"
"48211000000129738","48211000000013007","2026-07-22 14:32:44:447","2026-07-22 14:32:44:447","Hubballi City Main Road Junction Cam 2","15.366378","75.123341","48211000000048017","Active","2022-03-28","48211000000054025"
"48211000000129739","48211000000013007","2026-07-22 14:32:44:448","2026-07-22 14:32:44:448","Hubballi City Temple Cam 3","15.365628","75.119171","48211000000048017","Active","2022-01-20","48211000000054025"
"48211000000129740","48211000000013007","2026-07-22 14:32:44:449","2026-07-22 14:32:44:449","Hubballi City School Zone Cam 4","15.364911","75.118393","48211000000048017","Active","2023-11-05","48211000000054025"
"48211000000129741","48211000000013007","2026-07-22 14:32:44:451","2026-07-22 14:32:44:451","Hubballi City Market Cam 5","15.359884","75.117452","48211000000048017","Active","2025-06-14","48211000000054025"
"48211000000129742","48211000000013007","2026-07-22 14:32:44:452","2026-07-22 14:32:44:452","Hubballi City Mosque Cam 6","15.365525","75.130527","48211000000048017","Active","2022-01-08","48211000000054025"
"48211000000129743","48211000000013007","2026-07-22 14:32:44:453","2026-07-22 14:32:44:453","Hubballi City Hospital Cam 7","15.358491","75.124532","48211000000048017","Active","2026-04-22","48211000000054025"
"48211000000129744","48211000000013007","2026-07-22 14:32:44:455","2026-07-22 14:32:44:455","Hubballi City Police HQ Gate Cam 8","15.369406","75.123127","48211000000048017","Active","2024-07-07","48211000000054025"
"48211000000129745","48211000000013007","2026-07-22 14:32:44:456","2026-07-22 14:32:44:456","Hubballi City Residential Cam 9","15.366662","75.113328","48211000000048017","Active","2020-03-04","48211000000054025"
"48211000000129746","48211000000013007","2026-07-22 14:32:44:458","2026-07-22 14:32:44:458","Hubballi City Main Road Junction Cam 10","15.372831","75.119378","48211000000048017","Active","2023-06-29","48211000000054025"
"48211000000129747","48211000000013007","2026-07-22 14:32:44:459","2026-07-22 14:32:44:459","Hubballi City College Cam 11","15.361977","75.115327","48211000000048017","Active","2021-10-30","48211000000054025"
"48211000000129748","48211000000013007","2026-07-22 14:32:44:460","2026-07-22 14:32:44:460","Hubballi City Residential Cam 12","15.364049","75.127561","48211000000048017","Active","2019-01-05","48211000000054025"
"48211000000129749","48211000000013007","2026-07-22 14:32:44:462","2026-07-22 14:32:44:462","Hubballi City Residential Cam 13","15.36282","75.116889","48211000000048017","Inactive","2024-10-24","48211000000054025"
"48211000000129750","48211000000013007","2026-07-22 14:32:44:463","2026-07-22 14:32:44:463","Hubballi City Government Office Cam 14","15.360792","75.124164","48211000000048017","Active","2019-07-31","48211000000054025"
"48211000000129751","48211000000013007","2026-07-22 14:32:44:464","2026-07-22 14:32:44:464","Hubballi City Stadium Cam 15","15.36403","75.121826","48211000000048017","Active","2024-06-08","48211000000054025"
"48211000000129752","48211000000013007","2026-07-22 14:32:44:466","2026-07-22 14:32:44:466","Hubballi City Police HQ Gate Cam 16","15.36448","75.125342","48211000000048017","Active","2020-10-10","48211000000054025"
"48211000000129753","48211000000013007","2026-07-22 14:32:44:467","2026-07-22 14:32:44:467","Hubballi City Residential Cam 17","15.364988","75.127471","48211000000048017","Active","2020-04-09","48211000000054025"
"48211000000129754","48211000000013007","2026-07-22 14:32:44:468","2026-07-22 14:32:44:468","Hubballi City Church Cam 18","15.368057","75.127827","48211000000048017","Active","2022-04-10","48211000000054025"
"48211000000129755","48211000000013007","2026-07-22 14:32:44:470","2026-07-22 14:32:44:470","Hubballi City Church Cam 19","15.370142","75.123163","48211000000048017","Active","2024-04-18","48211000000054025"
"48211000000129756","48211000000013007","2026-07-22 14:32:44:471","2026-07-22 14:32:44:471","Hubballi City Residential Cam 20","15.363866","75.121408","48211000000048017","Active","2025-09-21","48211000000054025"
"48211000000129757","48211000000013007","2026-07-22 14:32:44:472","2026-07-22 14:32:44:472","Hubballi City Church Cam 21","15.360922","75.128137","48211000000048017","Active","2023-08-27","48211000000054025"
"48211000000129758","48211000000013007","2026-07-22 14:32:44:474","2026-07-22 14:32:44:474","Hubballi City Temple Cam 22","15.361128","75.124895","48211000000048017","Active","2022-03-04","48211000000054025"
"48211000000129759","48211000000013007","2026-07-22 14:32:44:475","2026-07-22 14:32:44:475","Hubballi City Police HQ Gate Cam 23","15.358007","75.128252","48211000000048017","Active","2024-06-28","48211000000054025"
"48211000000129760","48211000000013007","2026-07-22 14:32:44:476","2026-07-22 14:32:44:476","Dharwad Bus Stand Cam 1","15.459374","75.002815","48211000000048017","Active","2025-02-03","48211000000054026"
"48211000000129761","48211000000013007","2026-07-22 14:32:44:478","2026-07-22 14:32:44:478","Dharwad Church Cam 2","15.45723","75.01166","48211000000048017","Active","2021-09-05","48211000000054026"
"48211000000129762","48211000000013007","2026-07-22 14:32:44:479","2026-07-22 14:32:44:479","Dharwad Mosque Cam 3","15.465049","75.008461","48211000000048017","Active","2022-07-27","48211000000054026"
"48211000000129763","48211000000013007","2026-07-22 14:32:44:480","2026-07-22 14:32:44:480","Dharwad Mosque Cam 4","15.451166","75.005481","48211000000048017","Active","2026-04-24","48211000000054026"
"48211000000129764","48211000000013007","2026-07-22 14:32:44:482","2026-07-22 14:32:44:482","Dharwad Market Cam 5","15.459211","74.996803","48211000000048017","Active","2025-08-14","48211000000054026"
"48211000000129765","48211000000013007","2026-07-22 14:32:44:483","2026-07-22 14:32:44:483","Dharwad Church Cam 6","15.461016","75.010808","48211000000048017","Active","2024-11-24","48211000000054026"
"48211000000129766","48211000000013007","2026-07-22 14:32:44:485","2026-07-22 14:32:44:485","Dharwad Hospital Cam 7","15.459848","75.017965","48211000000048017","Active","2026-05-05","48211000000054026"
"48211000000129767","48211000000013007","2026-07-22 14:32:44:486","2026-07-22 14:32:44:486","Dharwad Mosque Cam 8","15.46365","75.017499","48211000000048017","Active","2022-10-18","48211000000054026"
"48211000000129768","48211000000013007","2026-07-22 14:32:44:487","2026-07-22 14:32:44:487","Dharwad School Zone Cam 9","15.462946","75.00221","48211000000048017","Active","2024-12-25","48211000000054026"
"48211000000129769","48211000000013007","2026-07-22 14:32:44:489","2026-07-22 14:32:44:489","Dharwad Main Road Junction Cam 10","15.462653","75.006066","48211000000048017","Active","2024-06-21","48211000000054026"
"48211000000129770","48211000000013007","2026-07-22 14:32:44:490","2026-07-22 14:32:44:490","Dharwad School Zone Cam 11","15.461009","75.017337","48211000000048017","Active","2022-03-23","48211000000054026"
"48211000000129771","48211000000013007","2026-07-22 14:32:44:492","2026-07-22 14:32:44:492","Dharwad Residential Cam 12","15.448119","75.007573","48211000000048017","Active","2026-02-08","48211000000054026"
"48211000000129772","48211000000013007","2026-07-22 14:32:44:493","2026-07-22 14:32:44:493","Dharwad Hospital Cam 13","15.463392","75.014173","48211000000048017","Active","2019-04-29","48211000000054026"
"48211000000129773","48211000000013007","2026-07-22 14:32:44:494","2026-07-22 14:32:44:494","Dharwad Temple Cam 14","15.458424","75.007947","48211000000048017","Active","2023-10-31","48211000000054026"
"48211000000129774","48211000000013007","2026-07-22 14:32:44:496","2026-07-22 14:32:44:496","Dharwad Police HQ Gate Cam 15","15.458594","75.006198","48211000000048017","Active","2021-01-07","48211000000054026"
"48211000000129775","48211000000013007","2026-07-22 14:32:44:497","2026-07-22 14:32:44:497","Dharwad Church Cam 16","15.459775","75.009477","48211000000048017","Active","2021-09-13","48211000000054026"
"48211000000129776","48211000000013007","2026-07-22 14:32:44:499","2026-07-22 14:32:44:499","Dharwad Court Complex Cam 17","15.456215","75.002963","48211000000048017","Active","2021-11-06","48211000000054026"
"48211000000129777","48211000000013007","2026-07-22 14:32:44:500","2026-07-22 14:32:44:500","Dharwad Stadium Cam 18","15.454595","75.005227","48211000000048017","Active","2022-03-24","48211000000054026"
"48211000000129778","48211000000013007","2026-07-22 14:32:44:501","2026-07-22 14:32:44:501","Dharwad College Cam 19","15.465035","75.011954","48211000000048017","Active","2025-08-03","48211000000054026"
"48211000000129779","48211000000013007","2026-07-22 14:32:44:503","2026-07-22 14:32:44:503","Dharwad Main Road Junction Cam 20","15.458136","75.01106","48211000000048017","Active","2022-05-22","48211000000054026"
"48211000000129780","48211000000013007","2026-07-22 14:32:44:504","2026-07-22 14:32:44:504","Dharwad College Cam 21","15.460327","75.006127","48211000000048017","Active","2023-04-12","48211000000054026"
"48211000000129781","48211000000013007","2026-07-22 14:32:44:506","2026-07-22 14:32:44:506","Dharwad Main Road Junction Cam 22","15.4561","75.002081","48211000000048017","Active","2026-05-20","48211000000054026"
"48211000000129782","48211000000013007","2026-07-22 14:32:44:507","2026-07-22 14:32:44:507","Kalaburagi Town Government Office Cam 1","17.328506","76.831454","48211000000048018","Active","2019-07-20","48211000000054027"
"48211000000129783","48211000000013007","2026-07-22 14:32:44:508","2026-07-22 14:32:44:508","Kalaburagi Town Church Cam 2","17.31986","76.833987","48211000000048018","Active","2022-03-18","48211000000054027"
"48211000000129784","48211000000013007","2026-07-22 14:32:44:510","2026-07-22 14:32:44:510","Kalaburagi Town Mosque Cam 3","17.338021","76.835395","48211000000048018","Active","2026-02-20","48211000000054027"
"48211000000129785","48211000000013007","2026-07-22 14:32:44:511","2026-07-22 14:32:44:511","Kalaburagi Town Mosque Cam 4","17.331755","76.834292","48211000000048018","Active","2026-05-24","48211000000054027"
"48211000000129786","48211000000013007","2026-07-22 14:32:44:512","2026-07-22 14:32:44:512","Kalaburagi Town School Zone Cam 5","17.335275","76.839334","48211000000048018","Active","2026-04-01","48211000000054027"
"48211000000129787","48211000000013007","2026-07-22 14:32:44:514","2026-07-22 14:32:44:514","Kalaburagi Town Market Cam 6","17.329286","76.834407","48211000000048018","Active","2020-06-22","48211000000054027"
"48211000000129788","48211000000013007","2026-07-22 14:32:44:515","2026-07-22 14:32:44:515","Kalaburagi Town Main Road Junction Cam 7","17.330636","76.834015","48211000000048018","Active","2021-04-02","48211000000054027"
"48211000000129789","48211000000013007","2026-07-22 14:32:44:517","2026-07-22 14:32:44:517","Kalaburagi Town Bus Stand Cam 8","17.32935","76.832849","48211000000048018","Active","2022-01-21","48211000000054027"
"48211000000129790","48211000000013007","2026-07-22 14:32:44:518","2026-07-22 14:32:44:518","Kalaburagi Town Church Cam 9","17.338669","76.833888","48211000000048018","Active","2022-04-23","48211000000054027"
"48211000000129791","48211000000013007","2026-07-22 14:32:44:519","2026-07-22 14:32:44:519","Kalaburagi Town School Zone Cam 10","17.336549","76.829828","48211000000048018","Active","2019-11-05","48211000000054027"
"48211000000129792","48211000000013007","2026-07-22 14:32:44:521","2026-07-22 14:32:44:521","Kalaburagi Town Church Cam 11","17.329382","76.835859","48211000000048018","Active","2023-06-16","48211000000054027"
"48211000000129793","48211000000013007","2026-07-22 14:32:44:522","2026-07-22 14:32:44:522","Kalaburagi Town Bus Stand Cam 12","17.319852","76.837984","48211000000048018","Active","2023-06-05","48211000000054027"
"48211000000129794","48211000000013007","2026-07-22 14:32:44:523","2026-07-22 14:32:44:523","Kalaburagi Town College Cam 13","17.329666","76.834147","48211000000048018","Active","2021-12-09","48211000000054027"
"48211000000129795","48211000000013007","2026-07-22 14:32:44:525","2026-07-22 14:32:44:525","Kalaburagi Town Bus Stand Cam 14","17.324023","76.837209","48211000000048018","Active","2021-08-15","48211000000054027"
"48211000000129796","48211000000013007","2026-07-22 14:32:44:526","2026-07-22 14:32:44:526","Kalaburagi Town Railway Junction Cam 15","17.326221","76.830397","48211000000048018","Active","2025-11-03","48211000000054027"
"48211000000129797","48211000000013007","2026-07-22 14:32:44:527","2026-07-22 14:32:44:527","Kalaburagi Town Church Cam 16","17.330626","76.836612","48211000000048018","Active","2022-05-22","48211000000054027"
"48211000000129798","48211000000013007","2026-07-22 14:32:44:529","2026-07-22 14:32:44:529","Kalaburagi Town Market Cam 17","17.334397","76.839764","48211000000048018","Active","2022-05-31","48211000000054027"
"48211000000129799","48211000000013007","2026-07-22 14:32:44:530","2026-07-22 14:32:44:530","Kalaburagi Town Court Complex Cam 18","17.336877","76.842708","48211000000048018","Active","2020-07-09","48211000000054027"
"48211000000129800","48211000000013007","2026-07-22 14:32:44:531","2026-07-22 14:32:44:531","Kalaburagi Town Main Road Junction Cam 19","17.332744","76.831267","48211000000048018","Active","2025-01-21","48211000000054027"
"48211000000129801","48211000000013007","2026-07-22 14:32:44:533","2026-07-22 14:32:44:533","Kalaburagi Town Hospital Cam 20","17.325174","76.83407","48211000000048018","Active","2026-05-06","48211000000054027"
"48211000000129802","48211000000013007","2026-07-22 14:32:44:534","2026-07-22 14:32:44:534","Kalaburagi Town Residential Cam 21","17.329772","76.833181","48211000000048018","Active","2022-02-19","48211000000054027"
"48211000000129803","48211000000013007","2026-07-22 14:32:44:535","2026-07-22 14:32:44:535","Kalaburagi Town College Cam 22","17.329957","76.834045","48211000000048018","Active","2021-08-25","48211000000054027"
"48211000000129804","48211000000013007","2026-07-22 14:32:44:537","2026-07-22 14:32:44:537","Kalaburagi Town Government Office Cam 23","17.335106","76.842161","48211000000048018","Active","2026-03-26","48211000000054027"
"48211000000129805","48211000000013007","2026-07-22 14:32:44:538","2026-07-22 14:32:44:538","Kalaburagi Town Court Complex Cam 24","17.332016","76.831042","48211000000048018","Active","2024-02-06","48211000000054027"
"48211000000129806","48211000000013007","2026-07-22 14:32:44:540","2026-07-22 14:32:44:540","Kalaburagi Town Government Office Cam 25","17.330663","76.834545","48211000000048018","Active","2019-03-29","48211000000054027"
"48211000000129807","48211000000013007","2026-07-22 14:32:44:541","2026-07-22 14:32:44:541","Kalaburagi Town Hospital Cam 26","17.330173","76.834013","48211000000048018","Active","2021-04-20","48211000000054027"
"48211000000129808","48211000000013007","2026-07-22 14:32:44:542","2026-07-22 14:32:44:542","Kalaburagi Police HQ Gate Cam 1","17.342003","76.847142","48211000000048018","Active","2021-08-12","48211000000054028"
"48211000000129809","48211000000013007","2026-07-22 14:32:44:544","2026-07-22 14:32:44:544","Kalaburagi Stadium Cam 2","17.347841","76.858233","48211000000048018","Active","2022-02-09","48211000000054028"
"48211000000129810","48211000000013007","2026-07-22 14:32:44:545","2026-07-22 14:32:44:545","Kalaburagi Hospital Cam 3","17.352322","76.861974","48211000000048018","Active","2020-12-15","48211000000054028"
"48211000000129811","48211000000013007","2026-07-22 14:32:44:547","2026-07-22 14:32:44:547","Kalaburagi Hospital Cam 4","17.344116","76.856832","48211000000048018","Inactive","2021-09-01","48211000000054028"
"48211000000129812","48211000000013007","2026-07-22 14:32:44:548","2026-07-22 14:32:44:548","Kalaburagi Temple Cam 5","17.34563","76.862636","48211000000048018","Inactive","2023-09-21","48211000000054028"
"48211000000129813","48211000000013007","2026-07-22 14:32:44:549","2026-07-22 14:32:44:549","Kalaburagi College Cam 6","17.339315","76.855838","48211000000048018","Active","2023-01-22","48211000000054028"
"48211000000129814","48211000000013007","2026-07-22 14:32:44:551","2026-07-22 14:32:44:551","Kalaburagi Railway Junction Cam 7","17.348511","76.860501","48211000000048018","Active","2025-11-24","48211000000054028"
"48211000000129815","48211000000013007","2026-07-22 14:32:44:552","2026-07-22 14:32:44:552","Kalaburagi Church Cam 8","17.344541","76.856102","48211000000048018","Active","2022-05-20","48211000000054028"
"48211000000129816","48211000000013007","2026-07-22 14:32:44:554","2026-07-22 14:32:44:554","Kalaburagi Market Cam 9","17.34389","76.861056","48211000000048018","Active","2023-07-04","48211000000054028"
"48211000000129817","48211000000013007","2026-07-22 14:32:44:555","2026-07-22 14:32:44:555","Kalaburagi Main Road Junction Cam 10","17.347892","76.859759","48211000000048018","Active","2019-10-29","48211000000054028"
"48211000000129818","48211000000013007","2026-07-22 14:32:44:557","2026-07-22 14:32:44:557","Kalaburagi Hospital Cam 11","17.353741","76.851542","48211000000048018","Active","2022-01-31","48211000000054028"
"48211000000129819","48211000000013007","2026-07-22 14:32:44:558","2026-07-22 14:32:44:558","Kalaburagi Main Road Junction Cam 12","17.341551","76.849922","48211000000048018","Active","2025-09-12","48211000000054028"
"48211000000129820","48211000000013007","2026-07-22 14:32:44:560","2026-07-22 14:32:44:560","Kalaburagi Police HQ Gate Cam 13","17.346645","76.850243","48211000000048018","Active","2020-04-13","48211000000054028"
"48211000000129821","48211000000013007","2026-07-22 14:32:44:561","2026-07-22 14:32:44:561","Kalaburagi Mosque Cam 14","17.33751","76.850368","48211000000048018","Active","2021-05-30","48211000000054028"
"48211000000129822","48211000000013007","2026-07-22 14:32:44:563","2026-07-22 14:32:44:563","Kalaburagi Residential Cam 15","17.341994","76.859716","48211000000048018","Active","2024-02-01","48211000000054028"
"48211000000129823","48211000000013007","2026-07-22 14:32:44:564","2026-07-22 14:32:44:564","Kalaburagi Bus Stand Cam 16","17.340725","76.855423","48211000000048018","Active","2021-11-10","48211000000054028"
"48211000000129824","48211000000013007","2026-07-22 14:32:44:566","2026-07-22 14:32:44:566","Kalaburagi Stadium Cam 17","17.348313","76.858435","48211000000048018","Active","2020-01-09","48211000000054028"
"48211000000129825","48211000000013007","2026-07-22 14:32:44:567","2026-07-22 14:32:44:567","Kalaburagi School Zone Cam 18","17.349971","76.86385","48211000000048018","Active","2023-03-07","48211000000054028"
"48211000000129826","48211000000013007","2026-07-22 14:32:44:569","2026-07-22 14:32:44:569","Kalaburagi Police HQ Gate Cam 19","17.341956","76.847377","48211000000048018","Active","2025-04-19","48211000000054028"
"48211000000129827","48211000000013007","2026-07-22 14:32:44:570","2026-07-22 14:32:44:570","Kalaburagi Bus Stand Cam 20","17.347476","76.858686","48211000000048018","Active","2023-09-29","48211000000054028"
"48211000000129828","48211000000013007","2026-07-22 14:32:44:572","2026-07-22 14:32:44:572","Kalaburagi Temple Cam 21","17.33577","76.854222","48211000000048018","Active","2022-12-11","48211000000054028"
"48211000000129829","48211000000013007","2026-07-22 14:32:44:573","2026-07-22 14:32:44:573","Bagalkote Government Office Cam 1","16.07633","75.580018","48211000000054381","Active","2020-03-19","48211000000072933"
"48211000000129830","48211000000013007","2026-07-22 14:32:44:574","2026-07-22 14:32:44:574","Bagalkote School Zone Cam 2","16.065249","75.572212","48211000000054381","Active","2025-06-09","48211000000072933"
"48211000000129831","48211000000013007","2026-07-22 14:32:44:576","2026-07-22 14:32:44:576","Bagalkote Railway Junction Cam 3","16.068794","75.574311","48211000000054381","Active","2025-12-21","48211000000072933"
"48211000000129832","48211000000013007","2026-07-22 14:32:44:577","2026-07-22 14:32:44:577","Bagalkote Market Cam 4","16.059441","75.571291","48211000000054381","Active","2026-05-18","48211000000072933"
"48211000000129833","48211000000013007","2026-07-22 14:32:44:579","2026-07-22 14:32:44:579","Bagalkote Hospital Cam 5","16.080584","75.576224","48211000000054381","Active","2022-06-19","48211000000072933"
"48211000000129834","48211000000013007","2026-07-22 14:32:44:580","2026-07-22 14:32:44:580","Bagalkote Hospital Cam 6","16.079247","75.568534","48211000000054381","Active","2025-05-08","48211000000072933"
"48211000000129835","48211000000013007","2026-07-22 14:32:44:582","2026-07-22 14:32:44:582","Bagalkote Main Road Junction Cam 7","16.071728","75.587805","48211000000054381","Active","2019-05-06","48211000000072933"
"48211000000129836","48211000000013007","2026-07-22 14:32:44:583","2026-07-22 14:32:44:583","Bagalkote Residential Cam 8","16.066931","75.576235","48211000000054381","Active","2022-10-28","48211000000072933"
"48211000000129837","48211000000013007","2026-07-22 14:32:44:585","2026-07-22 14:32:44:585","Bagalkote Bus Stand Cam 9","16.069578","75.576752","48211000000054381","Active","2025-05-13","48211000000072933"
"48211000000129838","48211000000013007","2026-07-22 14:32:44:586","2026-07-22 14:32:44:586","Bagalkote Hospital Cam 10","16.060745","75.585233","48211000000054381","Active","2025-12-05","48211000000072933"
"48211000000129839","48211000000013007","2026-07-22 14:32:44:588","2026-07-22 14:32:44:588","Bagalkote College Cam 11","16.06761","75.578487","48211000000054381","Active","2024-06-12","48211000000072933"
"48211000000129840","48211000000013007","2026-07-22 14:32:44:589","2026-07-22 14:32:44:589","Bagalkote Court Complex Cam 12","16.072269","75.568964","48211000000054381","Active","2020-04-11","48211000000072933"
"48211000000129841","48211000000013007","2026-07-22 14:32:44:590","2026-07-22 14:32:44:590","Bagalkote Government Office Cam 13","16.070806","75.582223","48211000000054381","Active","2024-06-16","48211000000072933"
"48211000000129842","48211000000013007","2026-07-22 14:32:44:592","2026-07-22 14:32:44:592","Jamkhandi Police HQ Gate Cam 1","16.003691","76.293569","48211000000054381","Inactive","2021-04-17","48211000000072934"
"48211000000129843","48211000000013007","2026-07-22 14:32:44:594","2026-07-22 14:32:44:594","Jamkhandi Hospital Cam 2","16.009653","76.296114","48211000000054381","Active","2022-03-31","48211000000072934"
"48211000000129844","48211000000013007","2026-07-22 14:32:44:596","2026-07-22 14:32:44:596","Jamkhandi Main Road Junction Cam 3","16.003424","76.30209","48211000000054381","Active","2020-06-13","48211000000072934"
"48211000000129845","48211000000013007","2026-07-22 14:32:44:597","2026-07-22 14:32:44:597","Jamkhandi Railway Junction Cam 4","15.994862","76.291854","48211000000054381","Active","2022-12-21","48211000000072934"
"48211000000129846","48211000000013007","2026-07-22 14:32:44:599","2026-07-22 14:32:44:599","Badami School Zone Cam 1","16.371175","75.068986","48211000000054381","Active","2025-06-16","48211000000072936"
"48211000000129847","48211000000013007","2026-07-22 14:32:44:601","2026-07-22 14:32:44:601","Badami Government Office Cam 2","16.374181","75.070586","48211000000054381","Active","2020-04-16","48211000000072936"
"48211000000129848","48211000000013007","2026-07-22 14:32:44:602","2026-07-22 14:32:44:602","Bilagi College Cam 1","16.264289","76.017419","48211000000054381","Active","2023-01-22","48211000000072937"
"48211000000129849","48211000000013007","2026-07-22 14:32:44:604","2026-07-22 14:32:44:604","Bilagi Court Complex Cam 2","16.263895","76.01476","48211000000054381","Active","2023-06-29","48211000000072937"
"48211000000129850","48211000000013007","2026-07-22 14:32:44:605","2026-07-22 14:32:44:605","Bilagi Temple Cam 3","16.272728","76.003854","48211000000054381","Active","2021-06-26","48211000000072937"
"48211000000129851","48211000000013007","2026-07-22 14:32:44:607","2026-07-22 14:32:44:607","Bilagi Railway Junction Cam 4","16.272071","76.017448","48211000000054381","Active","2024-12-13","48211000000072937"
"48211000000129852","48211000000013007","2026-07-22 14:32:44:608","2026-07-22 14:32:44:608","Hunagunda Government Office Cam 1","16.41716","75.665809","48211000000054381","Active","2021-08-25","48211000000072938"
"48211000000129853","48211000000013007","2026-07-22 14:32:44:610","2026-07-22 14:32:44:610","Hunagunda Hospital Cam 2","16.421525","75.657757","48211000000054381","Active","2026-05-08","48211000000072938"
"48211000000129854","48211000000013007","2026-07-22 14:32:44:611","2026-07-22 14:32:44:611","Hunagunda Government Office Cam 3","16.4187","75.659534","48211000000054381","Active","2025-04-28","48211000000072938"
"48211000000129855","48211000000013007","2026-07-22 14:32:44:613","2026-07-22 14:32:44:613","Hunagunda Stadium Cam 4","16.424612","75.640917","48211000000054381","Active","2026-03-18","48211000000072938"
"48211000000129856","48211000000013007","2026-07-22 14:32:44:614","2026-07-22 14:32:44:614","Ilkal Bus Stand Cam 1","15.871124","75.967042","48211000000054381","Active","2019-10-07","48211000000072939"
"48211000000129857","48211000000013007","2026-07-22 14:32:44:616","2026-07-22 14:32:44:616","Ilkal Mosque Cam 2","15.864683","75.952153","48211000000054381","Active","2019-08-19","48211000000072939"
"48211000000129858","48211000000013007","2026-07-22 14:32:44:617","2026-07-22 14:32:44:617","Ilkal College Cam 3","15.876007","75.966961","48211000000054381","Active","2019-08-22","48211000000072939"
"48211000000129859","48211000000013007","2026-07-22 14:32:44:618","2026-07-22 14:32:44:618","Ilkal Government Office Cam 4","15.880525","75.957606","48211000000054381","Active","2020-01-05","48211000000072939"
"48211000000129860","48211000000013007","2026-07-22 14:32:44:620","2026-07-22 14:32:44:620","Ilkal College Cam 5","15.871829","75.945213","48211000000054381","Active","2019-06-18","48211000000072939"
"48211000000129861","48211000000013007","2026-07-22 14:32:44:621","2026-07-22 14:32:44:621","Ilkal Government Office Cam 6","15.863022","75.963465","48211000000054381","Active","2025-10-14","48211000000072939"
"48211000000129862","48211000000013007","2026-07-22 14:32:44:623","2026-07-22 14:32:44:623","Rabkavi Banhatti Mosque Cam 1","16.171205","75.28277","48211000000054381","Active","2022-11-07","48211000000072940"
"48211000000129863","48211000000013007","2026-07-22 14:32:44:624","2026-07-22 14:32:44:624","Rabkavi Banhatti Government Office Cam 2","16.175789","75.32403","48211000000054381","Active","2021-10-11","48211000000072940"
"48211000000129864","48211000000013007","2026-07-22 14:32:44:625","2026-07-22 14:32:44:625","Rabkavi Banhatti Railway Junction Cam 3","16.163704","75.320719","48211000000054381","Active","2020-10-12","48211000000072940"
"48211000000129865","48211000000013007","2026-07-22 14:32:44:627","2026-07-22 14:32:44:627","Guledgudda Government Office Cam 1","16.484392","75.389918","48211000000054381","Active","2026-01-28","48211000000072941"
"48211000000129866","48211000000013007","2026-07-22 14:32:44:628","2026-07-22 14:32:44:628","Guledgudda School Zone Cam 2","16.498881","75.402443","48211000000054381","Active","2023-05-03","48211000000072941"
"48211000000129867","48211000000013007","2026-07-22 14:32:44:630","2026-07-22 14:32:44:630","Guledgudda Government Office Cam 3","16.486702","75.387428","48211000000054381","Active","2025-10-04","48211000000072941"
"48211000000129868","48211000000013007","2026-07-22 14:32:44:631","2026-07-22 14:32:44:631","Guledgudda Police HQ Gate Cam 4","16.510046","75.378265","48211000000054381","Active","2022-12-03","48211000000072941"
"48211000000129869","48211000000013007","2026-07-22 14:32:44:633","2026-07-22 14:32:44:633","Ballari Residential Cam 1","14.753136","76.602976","48211000000054382","Active","2019-12-14","48211000000072942"
"48211000000129870","48211000000013007","2026-07-22 14:32:44:634","2026-07-22 14:32:44:634","Ballari Mosque Cam 2","14.771526","76.604429","48211000000054382","Active","2020-06-07","48211000000072942"
"48211000000129871","48211000000013007","2026-07-22 14:32:44:635","2026-07-22 14:32:44:635","Ballari Main Road Junction Cam 3","14.758457","76.613488","48211000000054382","Active","2024-11-26","48211000000072942"
"48211000000129872","48211000000013007","2026-07-22 14:32:44:637","2026-07-22 14:32:44:637","Ballari Railway Junction Cam 4","14.766684","76.607387","48211000000054382","Active","2023-01-25","48211000000072942"
"48211000000129873","48211000000013007","2026-07-22 14:32:44:638","2026-07-22 14:32:44:638","Ballari Bus Stand Cam 5","14.766501","76.613076","48211000000054382","Active","2024-06-14","48211000000072942"
"48211000000129874","48211000000013007","2026-07-22 14:32:44:640","2026-07-22 14:32:44:640","Ballari Hospital Cam 6","14.768013","76.611358","48211000000054382","Active","2020-02-19","48211000000072942"
"48211000000129875","48211000000013007","2026-07-22 14:32:44:641","2026-07-22 14:32:44:641","Ballari Main Road Junction Cam 7","14.765978","76.599889","48211000000054382","Active","2019-06-04","48211000000072942"
"48211000000129876","48211000000013007","2026-07-22 14:32:44:643","2026-07-22 14:32:44:643","Ballari Police HQ Gate Cam 8","14.76049","76.616056","48211000000054382","Active","2023-03-24","48211000000072942"
"48211000000129877","48211000000013007","2026-07-22 14:32:44:644","2026-07-22 14:32:44:644","Ballari Main Road Junction Cam 9","14.770283","76.609227","48211000000054382","Active","2020-11-09","48211000000072942"
"48211000000129878","48211000000013007","2026-07-22 14:32:44:646","2026-07-22 14:32:44:646","Ballari Bus Stand Cam 10","14.771184","76.61978","48211000000054382","Active","2021-08-30","48211000000072942"
"48211000000129879","48211000000013007","2026-07-22 14:32:44:648","2026-07-22 14:32:44:648","Ballari Mosque Cam 11","14.757946","76.595649","48211000000054382","Active","2024-01-13","48211000000072942"
"48211000000129880","48211000000013007","2026-07-22 14:32:44:649","2026-07-22 14:32:44:649","Ballari Mosque Cam 12","14.7718","76.608405","48211000000054382","Active","2021-03-05","48211000000072942"
"48211000000129881","48211000000013007","2026-07-22 14:32:44:651","2026-07-22 14:32:44:651","Ballari College Cam 13","14.766068","76.61397","48211000000054382","Active","2022-02-28","48211000000072942"
"48211000000129882","48211000000013007","2026-07-22 14:32:44:652","2026-07-22 14:32:44:652","Ballari Residential Cam 14","14.767783","76.595091","48211000000054382","Active","2021-03-28","48211000000072942"
"48211000000129883","48211000000013007","2026-07-22 14:32:44:654","2026-07-22 14:32:44:654","Ballari Temple Cam 15","14.777941","76.616807","48211000000054382","Inactive","2024-05-22","48211000000072942"
"48211000000129884","48211000000013007","2026-07-22 14:32:44:655","2026-07-22 14:32:44:655","Ballari School Zone Cam 16","14.763251","76.594332","48211000000054382","Active","2024-10-14","48211000000072942"
"48211000000129885","48211000000013007","2026-07-22 14:32:44:657","2026-07-22 14:32:44:657","Kurugodu College Cam 1","15.804822","77.013539","48211000000054382","Active","2020-08-26","48211000000072943"
"48211000000129886","48211000000013007","2026-07-22 14:32:44:658","2026-07-22 14:32:44:658","Kurugodu Stadium Cam 2","15.813423","77.028801","48211000000054382","Active","2024-01-22","48211000000072943"
"48211000000129887","48211000000013007","2026-07-22 14:32:44:660","2026-07-22 14:32:44:660","Kurugodu Residential Cam 3","15.794795","77.031252","48211000000054382","Inactive","2024-08-18","48211000000072943"
"48211000000129888","48211000000013007","2026-07-22 14:32:44:661","2026-07-22 14:32:44:661","Kurugodu School Zone Cam 4","15.808748","77.005882","48211000000054382","Active","2019-04-26","48211000000072943"
"48211000000129889","48211000000013007","2026-07-22 14:32:44:663","2026-07-22 14:32:44:663","Kampli Mosque Cam 1","14.889329","75.700488","48211000000054382","Active","2019-06-06","48211000000072944"
"48211000000129890","48211000000013007","2026-07-22 14:32:44:664","2026-07-22 14:32:44:664","Kampli Main Road Junction Cam 2","14.89895","75.7152","48211000000054382","Active","2024-04-05","48211000000072944"
"48211000000129891","48211000000013007","2026-07-22 14:32:44:666","2026-07-22 14:32:44:666","Sanduru Court Complex Cam 1","15.188894","77.154196","48211000000054382","Active","2025-02-25","48211000000072945"
"48211000000129892","48211000000013007","2026-07-22 14:32:44:668","2026-07-22 14:32:44:668","Sanduru Residential Cam 2","15.17308","77.116201","48211000000054382","Active","2022-03-26","48211000000072945"
"48211000000129893","48211000000013007","2026-07-22 14:32:44:669","2026-07-22 14:32:44:669","Siraguppa Mosque Cam 1","15.363045","76.564593","48211000000054382","Active","2019-09-15","48211000000072946"
"48211000000129894","48211000000013007","2026-07-22 14:32:44:670","2026-07-22 14:32:44:670","Siraguppa Police HQ Gate Cam 2","15.361124","76.567713","48211000000054382","Active","2026-02-01","48211000000072946"
"48211000000129895","48211000000013007","2026-07-22 14:32:44:672","2026-07-22 14:32:44:672","Belagavi Temple Cam 1","15.876289","75.171872","48211000000048016","Active","2025-11-23","48211000000072947"
"48211000000129896","48211000000013007","2026-07-22 14:32:44:673","2026-07-22 14:32:44:673","Belagavi Hospital Cam 2","15.882975","75.168404","48211000000048016","Active","2019-12-17","48211000000072947"
"48211000000129897","48211000000013007","2026-07-22 14:32:44:675","2026-07-22 14:32:44:675","Belagavi Railway Junction Cam 3","15.891952","75.168124","48211000000048016","Active","2024-09-10","48211000000072947"
"48211000000129898","48211000000013007","2026-07-22 14:32:44:676","2026-07-22 14:32:44:676","Belagavi College Cam 4","15.89114","75.16656","48211000000048016","Inactive","2023-05-04","48211000000072947"
"48211000000129899","48211000000013007","2026-07-22 14:32:44:678","2026-07-22 14:32:44:678","Belagavi Market Cam 5","15.901337","75.173396","48211000000048016","Active","2019-10-04","48211000000072947"
"48211000000129900","48211000000013007","2026-07-22 14:32:44:679","2026-07-22 14:32:44:679","Belagavi Government Office Cam 6","15.879873","75.173154","48211000000048016","Active","2025-07-11","48211000000072947"
"48211000000129901","48211000000013007","2026-07-22 14:32:44:681","2026-07-22 14:32:44:681","Belagavi Market Cam 7","15.895787","75.167633","48211000000048016","Active","2022-10-18","48211000000072947"
"48211000000129902","48211000000013007","2026-07-22 14:32:44:682","2026-07-22 14:32:44:682","Belagavi Mosque Cam 8","15.89719","75.179996","48211000000048016","Active","2024-05-14","48211000000072947"
"48211000000129903","48211000000013007","2026-07-22 14:32:44:684","2026-07-22 14:32:44:684","Belagavi School Zone Cam 9","15.875943","75.17779","48211000000048016","Active","2024-02-18","48211000000072947"
"48211000000129904","48211000000013007","2026-07-22 14:32:44:685","2026-07-22 14:32:44:685","Belagavi Mosque Cam 10","15.886004","75.173962","48211000000048016","Active","2019-06-21","48211000000072947"
"48211000000129905","48211000000013007","2026-07-22 14:32:44:687","2026-07-22 14:32:44:687","Belagavi Residential Cam 11","15.89019","75.171815","48211000000048016","Active","2025-02-02","48211000000072947"
"48211000000129906","48211000000013007","2026-07-22 14:32:44:688","2026-07-22 14:32:44:688","Belagavi Government Office Cam 12","15.887183","75.181547","48211000000048016","Active","2023-01-02","48211000000072947"
"48211000000129907","48211000000013007","2026-07-22 14:32:44:690","2026-07-22 14:32:44:690","Belagavi Government Office Cam 13","15.889569","75.187661","48211000000048016","Active","2020-05-24","48211000000072947"
"48211000000129908","48211000000013007","2026-07-22 14:32:44:691","2026-07-22 14:32:44:691","Belagavi Residential Cam 14","15.890434","75.161342","48211000000048016","Active","2023-05-03","48211000000072947"
"48211000000129909","48211000000013007","2026-07-22 14:32:44:693","2026-07-22 14:32:44:693","Belagavi Main Road Junction Cam 15","15.890502","75.175986","48211000000048016","Active","2024-10-27","48211000000072947"
"48211000000129910","48211000000013007","2026-07-22 14:32:44:694","2026-07-22 14:32:44:694","Belagavi Residential Cam 16","15.887578","75.17768","48211000000048016","Active","2025-10-03","48211000000072947"
"48211000000129911","48211000000013007","2026-07-22 14:32:44:696","2026-07-22 14:32:44:696","Belagavi Temple Cam 17","15.900053","75.180876","48211000000048016","Active","2019-11-24","48211000000072947"
"48211000000129912","48211000000013007","2026-07-22 14:32:44:697","2026-07-22 14:32:44:697","Belagavi College Cam 18","15.890533","75.172212","48211000000048016","Active","2023-10-12","48211000000072947"
"48211000000129913","48211000000013007","2026-07-22 14:32:44:699","2026-07-22 14:32:44:699","Belagavi College Cam 19","15.886365","75.171139","48211000000048016","Inactive","2022-12-15","48211000000072947"
"48211000000129914","48211000000013007","2026-07-22 14:32:44:700","2026-07-22 14:32:44:700","Belagavi Government Office Cam 20","15.889395","75.164263","48211000000048016","Active","2019-08-23","48211000000072947"
"48211000000129915","48211000000013007","2026-07-22 14:32:44:702","2026-07-22 14:32:44:702","Athani Main Road Junction Cam 1","16.525661","74.270171","48211000000048016","Active","2019-05-08","48211000000072948"
"48211000000129916","48211000000013007","2026-07-22 14:32:44:703","2026-07-22 14:32:44:703","Athani Mosque Cam 2","16.524401","74.277065","48211000000048016","Active","2020-06-01","48211000000072948"
"48211000000129917","48211000000013007","2026-07-22 14:32:44:705","2026-07-22 14:32:44:705","Athani Bus Stand Cam 3","16.524922","74.279963","48211000000048016","Active","2025-05-12","48211000000072948"
"48211000000129918","48211000000013007","2026-07-22 14:32:44:706","2026-07-22 14:32:44:706","Athani College Cam 4","16.527012","74.280115","48211000000048016","Active","2023-03-04","48211000000072948"
"48211000000129919","48211000000013007","2026-07-22 14:32:44:708","2026-07-22 14:32:44:708","Athani Hospital Cam 5","16.531057","74.288918","48211000000048016","Active","2023-06-19","48211000000072948"
"48211000000129920","48211000000013007","2026-07-22 14:32:44:709","2026-07-22 14:32:44:709","Athani School Zone Cam 6","16.533379","74.278357","48211000000048016","Inactive","2021-02-01","48211000000072948"
"48211000000129921","48211000000013007","2026-07-22 14:32:44:710","2026-07-22 14:32:44:710","Athani Railway Junction Cam 7","16.53374","74.270791","48211000000048016","Active","2021-12-02","48211000000072948"
"48211000000129922","48211000000013007","2026-07-22 14:32:44:712","2026-07-22 14:32:44:712","Athani Police HQ Gate Cam 8","16.541878","74.283333","48211000000048016","Active","2024-07-04","48211000000072948"
"48211000000129923","48211000000013007","2026-07-22 14:32:44:713","2026-07-22 14:32:44:713","Athani School Zone Cam 9","16.529808","74.282775","48211000000048016","Active","2023-12-29","48211000000072948"
"48211000000129924","48211000000013007","2026-07-22 14:32:44:715","2026-07-22 14:32:44:715","Bailhongal Bus Stand Cam 1","16.929518","75.325777","48211000000048016","Active","2019-09-23","48211000000072949"
"48211000000129925","48211000000013007","2026-07-22 14:32:44:716","2026-07-22 14:32:44:716","Bailhongal Temple Cam 2","16.954184","75.31346","48211000000048016","Active","2026-02-25","48211000000072949"
"48211000000129926","48211000000013007","2026-07-22 14:32:44:718","2026-07-22 14:32:44:718","Bailhongal Court Complex Cam 3","16.945191","75.314067","48211000000048016","Active","2021-04-03","48211000000072949"
"48211000000129927","48211000000013007","2026-07-22 14:32:44:719","2026-07-22 14:32:44:719","Bailhongal College Cam 4","16.95997","75.318261","48211000000048016","Inactive","2025-03-19","48211000000072949"
"48211000000129928","48211000000013007","2026-07-22 14:32:44:721","2026-07-22 14:32:44:721","Bailhongal Railway Junction Cam 5","16.944814","75.303517","48211000000048016","Active","2019-12-20","48211000000072949"
"48211000000129929","48211000000013007","2026-07-22 14:32:44:722","2026-07-22 14:32:44:722","Bailhongal Main Road Junction Cam 6","16.943077","75.315467","48211000000048016","Active","2024-11-23","48211000000072949"
"48211000000129930","48211000000013007","2026-07-22 14:32:44:724","2026-07-22 14:32:44:724","Bailhongal Police HQ Gate Cam 7","16.947178","75.308561","48211000000048016","Active","2022-07-22","48211000000072949"
"48211000000129931","48211000000013007","2026-07-22 14:32:44:725","2026-07-22 14:32:44:725","Bailhongal Government Office Cam 8","16.946666","75.302326","48211000000048016","Active","2020-06-09","48211000000072949"
"48211000000129932","48211000000013007","2026-07-22 14:32:44:727","2026-07-22 14:32:44:727","Bailhongal Government Office Cam 9","16.922776","75.320616","48211000000048016","Active","2020-06-12","48211000000072949"
"48211000000129933","48211000000013007","2026-07-22 14:32:44:728","2026-07-22 14:32:44:728","Bailhongal Market Cam 10","16.937009","75.325333","48211000000048016","Active","2024-10-23","48211000000072949"
"48211000000129934","48211000000013007","2026-07-22 14:32:44:730","2026-07-22 14:32:44:730","Chikkodi Court Complex Cam 1","15.526614","74.316371","48211000000048016","Active","2024-10-26","48211000000072950"
"48211000000129935","48211000000013007","2026-07-22 14:32:44:731","2026-07-22 14:32:44:731","Chikkodi Temple Cam 2","15.511464","74.324759","48211000000048016","Active","2025-03-06","48211000000072950"
"48211000000129936","48211000000013007","2026-07-22 14:32:44:733","2026-07-22 14:32:44:733","Chikkodi Police HQ Gate Cam 3","15.523696","74.308363","48211000000048016","Active","2024-08-20","48211000000072950"
"48211000000129937","48211000000013007","2026-07-22 14:32:44:734","2026-07-22 14:32:44:734","Chikkodi Police HQ Gate Cam 4","15.520194","74.30034","48211000000048016","Active","2026-05-22","48211000000072950"
"48211000000129938","48211000000013007","2026-07-22 14:32:44:736","2026-07-22 14:32:44:736","Chikkodi Bus Stand Cam 5","15.519945","74.324816","48211000000048016","Active","2025-04-27","48211000000072950"
"48211000000129939","48211000000013007","2026-07-22 14:32:44:737","2026-07-22 14:32:44:737","Khanapura Police HQ Gate Cam 1","15.941204","74.601786","48211000000048016","Active","2021-05-13","48211000000072952"
"48211000000129940","48211000000013007","2026-07-22 14:32:44:739","2026-07-22 14:32:44:739","Khanapura Government Office Cam 2","15.950643","74.586903","48211000000048016","Inactive","2026-01-12","48211000000072952"
"48211000000129941","48211000000013007","2026-07-22 14:32:44:740","2026-07-22 14:32:44:740","Khanapura Temple Cam 3","15.932438","74.59443","48211000000048016","Active","2023-07-22","48211000000072952"
"48211000000129942","48211000000013007","2026-07-22 14:32:44:742","2026-07-22 14:32:44:742","Khanapura Market Cam 4","15.944964","74.608704","48211000000048016","Active","2023-08-30","48211000000072952"
"48211000000129943","48211000000013007","2026-07-22 14:32:44:743","2026-07-22 14:32:44:743","Mudalgi Church Cam 1","15.514867","74.750931","48211000000048016","Active","2022-11-15","48211000000072953"
"48211000000129944","48211000000013007","2026-07-22 14:32:44:745","2026-07-22 14:32:44:745","Mudalgi Bus Stand Cam 2","15.524939","74.761531","48211000000048016","Active","2020-03-10","48211000000072953"
"48211000000129945","48211000000013007","2026-07-22 14:32:44:746","2026-07-22 14:32:44:746","Mudalgi Temple Cam 3","15.510356","74.738711","48211000000048016","Active","2020-07-31","48211000000072953"
"48211000000129946","48211000000013007","2026-07-22 14:32:44:747","2026-07-22 14:32:44:747","Mudalgi Residential Cam 4","15.510964","74.745439","48211000000048016","Active","2023-09-09","48211000000072953"
"48211000000129947","48211000000013007","2026-07-22 14:32:44:749","2026-07-22 14:32:44:749","Mudalgi Hospital Cam 5","15.504665","74.749851","48211000000048016","Active","2025-06-24","48211000000072953"
"48211000000129948","48211000000013007","2026-07-22 14:32:44:750","2026-07-22 14:32:44:750","Nippani Railway Junction Cam 1","16.802431","74.956664","48211000000048016","Active","2022-06-17","48211000000072954"
"48211000000129949","48211000000013007","2026-07-22 14:32:44:752","2026-07-22 14:32:44:752","Nippani Residential Cam 2","16.808249","74.984494","48211000000048016","Active","2021-09-13","48211000000072954"
"48211000000129950","48211000000013007","2026-07-22 14:32:44:753","2026-07-22 14:32:44:753","Nippani Market Cam 3","16.806111","74.971567","48211000000048016","Active","2025-09-13","48211000000072954"
"48211000000129951","48211000000013007","2026-07-22 14:32:44:755","2026-07-22 14:32:44:755","Nippani College Cam 4","16.785859","74.962868","48211000000048016","Active","2019-02-03","48211000000072954"
"48211000000129952","48211000000013007","2026-07-22 14:32:44:756","2026-07-22 14:32:44:756","Nippani Stadium Cam 5","16.810267","74.956533","48211000000048016","Active","2023-02-07","48211000000072954"
"48211000000129953","48211000000013007","2026-07-22 14:32:44:758","2026-07-22 14:32:44:758","Rayabaga Railway Junction Cam 1","16.113096","75.405495","48211000000048016","Active","2025-03-16","48211000000072955"
"48211000000129954","48211000000013007","2026-07-22 14:32:44:760","2026-07-22 14:32:44:760","Rayabaga College Cam 2","16.117031","75.399376","48211000000048016","Active","2022-02-19","48211000000072955"
"48211000000129955","48211000000013007","2026-07-22 14:32:44:761","2026-07-22 14:32:44:761","Rayabaga Police HQ Gate Cam 3","16.099776","75.390657","48211000000048016","Active","2020-02-01","48211000000072955"
"48211000000129956","48211000000013007","2026-07-22 14:32:44:762","2026-07-22 14:32:44:762","Rayabaga Bus Stand Cam 4","16.104253","75.407059","48211000000048016","Active","2023-02-06","48211000000072955"
"48211000000129957","48211000000013007","2026-07-22 14:32:44:764","2026-07-22 14:32:44:764","Rayabaga Railway Junction Cam 5","16.128914","75.410057","48211000000048016","Active","2019-06-14","48211000000072955"
"48211000000129958","48211000000013007","2026-07-22 14:32:44:765","2026-07-22 14:32:44:765","Rayabaga Bus Stand Cam 6","16.113548","75.405181","48211000000048016","Active","2024-10-28","48211000000072955"
"48211000000129959","48211000000013007","2026-07-22 14:32:44:767","2026-07-22 14:32:44:767","Savadatti Stadium Cam 1","16.38867","74.588691","48211000000048016","Active","2020-10-27","48211000000072956"
"48211000000129960","48211000000013007","2026-07-22 14:32:44:768","2026-07-22 14:32:44:768","Savadatti Church Cam 2","16.367273","74.568443","48211000000048016","Active","2022-10-09","48211000000072956"
"48211000000129961","48211000000013007","2026-07-22 14:32:44:770","2026-07-22 14:32:44:770","Savadatti College Cam 3","16.372491","74.563418","48211000000048016","Active","2022-05-12","48211000000072956"
"48211000000129962","48211000000013007","2026-07-22 14:32:44:771","2026-07-22 14:32:44:771","Savadatti Bus Stand Cam 4","16.374304","74.586392","48211000000048016","Active","2023-09-03","48211000000072956"
"48211000000129963","48211000000013007","2026-07-22 14:32:44:773","2026-07-22 14:32:44:773","Savadatti Main Road Junction Cam 5","16.360605","74.579272","48211000000048016","Active","2026-01-21","48211000000072956"
"48211000000129964","48211000000013007","2026-07-22 14:32:44:774","2026-07-22 14:32:44:774","Savadatti Government Office Cam 6","16.373283","74.574687","48211000000048016","Active","2025-06-27","48211000000072956"
"48211000000129965","48211000000013007","2026-07-22 14:32:44:776","2026-07-22 14:32:44:776","Savadatti Police HQ Gate Cam 7","16.360388","74.572881","48211000000048016","Active","2024-11-17","48211000000072956"
"48211000000129966","48211000000013007","2026-07-22 14:32:44:777","2026-07-22 14:32:44:777","Savadatti Church Cam 8","16.363507","74.564524","48211000000048016","Active","2021-09-19","48211000000072956"
"48211000000129967","48211000000013007","2026-07-22 14:32:44:779","2026-07-22 14:32:44:779","Kagawada Residential Cam 1","15.778292","74.87251","48211000000048016","Active","2021-04-15","48211000000072958"
"48211000000129968","48211000000013007","2026-07-22 14:32:44:780","2026-07-22 14:32:44:780","Kagawada Stadium Cam 2","15.767607","74.878173","48211000000048016","Active","2019-09-13","48211000000072958"
"48211000000129969","48211000000013007","2026-07-22 14:32:44:782","2026-07-22 14:32:44:782","Kagawada Railway Junction Cam 3","15.774875","74.860268","48211000000048016","Active","2024-05-13","48211000000072958"
"48211000000129970","48211000000013007","2026-07-22 14:32:44:783","2026-07-22 14:32:44:783","Kagawada Hospital Cam 4","15.787635","74.871877","48211000000048016","Active","2024-12-23","48211000000072958"
"48211000000129971","48211000000013007","2026-07-22 14:32:44:785","2026-07-22 14:32:44:785","Hukkeri Government Office Cam 1","16.537401","75.160849","48211000000048016","Active","2021-12-18","48211000000072959"
"48211000000129972","48211000000013007","2026-07-22 14:32:44:786","2026-07-22 14:32:44:786","Hukkeri Court Complex Cam 2","16.561496","75.155237","48211000000048016","Active","2022-05-07","48211000000072959"
"48211000000129973","48211000000013007","2026-07-22 14:32:44:788","2026-07-22 14:32:44:788","Hukkeri Temple Cam 3","16.547792","75.155358","48211000000048016","Active","2021-04-29","48211000000072959"
"48211000000129974","48211000000013007","2026-07-22 14:32:44:789","2026-07-22 14:32:44:789","Hukkeri College Cam 4","16.549723","75.133972","48211000000048016","Active","2022-01-25","48211000000072959"
"48211000000129975","48211000000013007","2026-07-22 14:32:44:791","2026-07-22 14:32:44:791","Hukkeri Railway Junction Cam 5","16.545763","75.144097","48211000000048016","Active","2023-06-05","48211000000072959"
"48211000000129976","48211000000013007","2026-07-22 14:32:44:792","2026-07-22 14:32:44:792","Hukkeri Mosque Cam 6","16.543464","75.168602","48211000000048016","Active","2019-06-22","48211000000072959"
"48211000000129977","48211000000013007","2026-07-22 14:32:44:793","2026-07-22 14:32:44:793","Kitturu Government Office Cam 1","16.677316","74.721537","48211000000048016","Active","2024-05-16","48211000000072960"
"48211000000129978","48211000000013007","2026-07-22 14:32:44:795","2026-07-22 14:32:44:795","Kitturu Temple Cam 2","16.673881","74.722254","48211000000048016","Active","2022-01-17","48211000000072960"
"48211000000129979","48211000000013007","2026-07-22 14:32:44:796","2026-07-22 14:32:44:796","Kitturu Police HQ Gate Cam 3","16.67608","74.717475","48211000000048016","Active","2019-07-27","48211000000072960"
"48211000000129980","48211000000013007","2026-07-22 14:32:44:798","2026-07-22 14:32:44:798","Kitturu Government Office Cam 4","16.67521","74.704436","48211000000048016","Active","2020-02-15","48211000000072960"
"48211000000129981","48211000000013007","2026-07-22 14:32:44:799","2026-07-22 14:32:44:799","Kitturu School Zone Cam 5","16.669021","74.717908","48211000000048016","Active","2020-07-17","48211000000072960"
"48211000000129982","48211000000013007","2026-07-22 14:32:44:800","2026-07-22 14:32:44:800","Kitturu Stadium Cam 6","16.678098","74.719771","48211000000048016","Active","2026-04-28","48211000000072960"
"48211000000129983","48211000000013007","2026-07-22 14:32:44:802","2026-07-22 14:32:44:802","Kitturu College Cam 7","16.663564","74.73576","48211000000048016","Active","2022-03-22","48211000000072960"
"48211000000129984","48211000000013007","2026-07-22 14:32:44:803","2026-07-22 14:32:44:803","Kitturu Stadium Cam 8","16.672394","74.715292","48211000000048016","Active","2026-04-25","48211000000072960"
"48211000000129985","48211000000013007","2026-07-22 14:32:44:805","2026-07-22 14:32:44:805","Kitturu Main Road Junction Cam 9","16.675301","74.706716","48211000000048016","Active","2019-06-02","48211000000072960"
"48211000000129986","48211000000013007","2026-07-22 14:32:44:806","2026-07-22 14:32:44:806","Yargatti Stadium Cam 1","15.791827","74.3003","48211000000048016","Active","2023-06-15","48211000000072961"
"48211000000129987","48211000000013007","2026-07-22 14:32:44:808","2026-07-22 14:32:44:808","Yargatti Main Road Junction Cam 2","15.816193","74.302369","48211000000048016","Active","2022-03-31","48211000000072961"
"48211000000129988","48211000000013007","2026-07-22 14:32:44:809","2026-07-22 14:32:44:809","Yargatti Police HQ Gate Cam 3","15.800998","74.315671","48211000000048016","Active","2022-10-04","48211000000072961"
"48211000000129989","48211000000013007","2026-07-22 14:32:44:810","2026-07-22 14:32:44:810","Yargatti Railway Junction Cam 4","15.79941","74.301829","48211000000048016","Active","2020-07-03","48211000000072961"
"48211000000129990","48211000000013007","2026-07-22 14:32:44:812","2026-07-22 14:32:44:812","Yargatti Court Complex Cam 5","15.803674","74.275664","48211000000048016","Active","2022-09-16","48211000000072961"
"48211000000129991","48211000000013007","2026-07-22 14:32:44:813","2026-07-22 14:32:44:813","Bengaluru Main Road Junction Cam 1","13.16664","77.472399","48211000000048013","Active","2022-10-12","48211000000072962"
"48211000000129992","48211000000013007","2026-07-22 14:32:44:815","2026-07-22 14:32:44:815","Bengaluru Mosque Cam 2","13.170858","77.467669","48211000000048013","Active","2025-11-07","48211000000072962"
"48211000000129993","48211000000013007","2026-07-22 14:32:44:816","2026-07-22 14:32:44:816","Bengaluru Church Cam 3","13.167788","77.49104","48211000000048013","Active","2022-09-05","48211000000072962"
"48211000000129994","48211000000013007","2026-07-22 14:32:44:817","2026-07-22 14:32:44:817","Bengaluru Hospital Cam 4","13.174927","77.47896","48211000000048013","Active","2024-05-09","48211000000072962"
"48211000000129995","48211000000013007","2026-07-22 14:32:44:819","2026-07-22 14:32:44:819","Bengaluru Temple Cam 5","13.181403","77.479728","48211000000048013","Active","2024-01-04","48211000000072962"
"48211000000129996","48211000000013007","2026-07-22 14:32:44:820","2026-07-22 14:32:44:820","Bengaluru Temple Cam 6","13.172675","77.491696","48211000000048013","Active","2025-06-04","48211000000072962"
"48211000000129997","48211000000013007","2026-07-22 14:32:44:822","2026-07-22 14:32:44:822","Bengaluru Main Road Junction Cam 7","13.176004","77.479554","48211000000048013","Active","2020-04-29","48211000000072962"
"48211000000129998","48211000000013007","2026-07-22 14:32:44:823","2026-07-22 14:32:44:823","Bengaluru Government Office Cam 8","13.182521","77.483827","48211000000048013","Active","2022-06-27","48211000000072962"
"48211000000129999","48211000000013007","2026-07-22 14:32:44:824","2026-07-22 14:32:44:824","Bengaluru Temple Cam 9","13.167589","77.472263","48211000000048013","Active","2021-06-23","48211000000072962"
"48211000000130000","48211000000013007","2026-07-22 14:32:44:826","2026-07-22 14:32:44:826","Bengaluru Hospital Cam 10","13.1788","77.4821","48211000000048013","Active","2025-10-17","48211000000072962"
"48211000000130001","48211000000013007","2026-07-22 14:32:44:827","2026-07-22 14:32:44:827","Bengaluru Stadium Cam 11","13.170371","77.477812","48211000000048013","Active","2025-01-10","48211000000072962"
"48211000000130002","48211000000013007","2026-07-22 14:32:44:829","2026-07-22 14:32:44:829","Bengaluru Mosque Cam 12","13.164591","77.485771","48211000000048013","Active","2025-09-06","48211000000072962"
"48211000000130003","48211000000013007","2026-07-22 14:32:44:831","2026-07-22 14:32:44:831","Bengaluru College Cam 13","13.183123","77.492322","48211000000048013","Active","2023-01-21","48211000000072962"
"48211000000130004","48211000000013007","2026-07-22 14:32:44:832","2026-07-22 14:32:44:832","Bengaluru Market Cam 14","13.175659","77.478466","48211000000048013","Active","2024-09-01","48211000000072962"
"48211000000130005","48211000000013007","2026-07-22 14:32:44:833","2026-07-22 14:32:44:833","Bengaluru Hospital Cam 15","13.175408","77.476384","48211000000048013","Active","2024-11-01","48211000000072962"
"48211000000130006","48211000000013007","2026-07-22 14:32:44:835","2026-07-22 14:32:44:835","Bengaluru Main Road Junction Cam 16","13.169667","77.476541","48211000000048013","Active","2020-01-08","48211000000072962"
"48211000000130007","48211000000013007","2026-07-22 14:32:44:836","2026-07-22 14:32:44:836","Bengaluru Market Cam 17","13.181052","77.465561","48211000000048013","Active","2024-10-03","48211000000072962"
"48211000000130008","48211000000013007","2026-07-22 14:32:44:837","2026-07-22 14:32:44:837","Bengaluru Railway Junction Cam 18","13.173523","77.473294","48211000000048013","Active","2022-06-16","48211000000072962"
"48211000000130009","48211000000013007","2026-07-22 14:32:44:839","2026-07-22 14:32:44:839","Bengaluru Church Cam 19","13.183289","77.4701","48211000000048013","Inactive","2021-06-11","48211000000072962"
"48211000000130010","48211000000013007","2026-07-22 14:32:44:840","2026-07-22 14:32:44:840","Bengaluru Bus Stand Cam 20","13.178789","77.488906","48211000000048013","Active","2025-01-25","48211000000072962"
"48211000000130011","48211000000013007","2026-07-22 14:32:44:841","2026-07-22 14:32:44:841","Bengaluru School Zone Cam 21","13.169715","77.49484","48211000000048013","Active","2024-04-17","48211000000072962"
"48211000000130012","48211000000013007","2026-07-22 14:32:44:843","2026-07-22 14:32:44:843","Bengaluru Mosque Cam 22","13.176435","77.479218","48211000000048013","Active","2026-03-12","48211000000072962"
"48211000000130013","48211000000013007","2026-07-22 14:32:44:844","2026-07-22 14:32:44:844","Bengaluru Residential Cam 23","13.163567","77.469747","48211000000048013","Active","2023-04-16","48211000000072962"
"48211000000130014","48211000000013007","2026-07-22 14:32:44:846","2026-07-22 14:32:44:846","Bengaluru Residential Cam 24","13.172537","77.486142","48211000000048013","Active","2025-01-17","48211000000072962"
"48211000000130015","48211000000013007","2026-07-22 14:32:44:847","2026-07-22 14:32:44:847","Kengeri Hospital Cam 1","12.698878","77.711239","48211000000048013","Active","2023-05-29","48211000000072963"
"48211000000130016","48211000000013007","2026-07-22 14:32:44:848","2026-07-22 14:32:44:848","Kengeri Court Complex Cam 2","12.675054","77.718242","48211000000048013","Active","2019-04-04","48211000000072963"
"48211000000130017","48211000000013007","2026-07-22 14:32:44:850","2026-07-22 14:32:44:850","Kengeri Main Road Junction Cam 3","12.691927","77.697953","48211000000048013","Active","2024-12-18","48211000000072963"
"48211000000130018","48211000000013007","2026-07-22 14:32:44:851","2026-07-22 14:32:44:851","Kengeri College Cam 4","12.695323","77.721051","48211000000048013","Active","2022-02-03","48211000000072963"
"48211000000130019","48211000000013007","2026-07-22 14:32:44:852","2026-07-22 14:32:44:852","Kengeri Mosque Cam 5","12.683852","77.723016","48211000000048013","Active","2026-05-28","48211000000072963"
"48211000000130020","48211000000013007","2026-07-22 14:32:44:854","2026-07-22 14:32:44:854","Kengeri Stadium Cam 6","12.677456","77.72091","48211000000048013","Active","2021-09-12","48211000000072963"
"48211000000130021","48211000000013007","2026-07-22 14:32:44:855","2026-07-22 14:32:44:855","Kengeri Market Cam 7","12.689599","77.723769","48211000000048013","Active","2019-07-19","48211000000072963"
"48211000000130022","48211000000013007","2026-07-22 14:32:44:856","2026-07-22 14:32:44:856","Kengeri College Cam 8","12.688363","77.725369","48211000000048013","Active","2021-06-08","48211000000072963"
"48211000000130023","48211000000013007","2026-07-22 14:32:44:858","2026-07-22 14:32:44:858","Kengeri Hospital Cam 9","12.670087","77.722775","48211000000048013","Active","2022-03-30","48211000000072963"
"48211000000130024","48211000000013007","2026-07-22 14:32:44:859","2026-07-22 14:32:44:859","Kengeri Police HQ Gate Cam 10","12.684205","77.724613","48211000000048013","Active","2025-09-15","48211000000072963"
"48211000000130025","48211000000013007","2026-07-22 14:32:44:860","2026-07-22 14:32:44:860","Kengeri Court Complex Cam 11","12.671032","77.727365","48211000000048013","Active","2020-08-09","48211000000072963"
"48211000000130026","48211000000013007","2026-07-22 14:32:44:862","2026-07-22 14:32:44:862","Kengeri Residential Cam 12","12.683895","77.697382","48211000000048013","Active","2019-09-07","48211000000072963"
"48211000000130027","48211000000013007","2026-07-22 14:32:44:863","2026-07-22 14:32:44:863","Kengeri Main Road Junction Cam 13","12.680021","77.709157","48211000000048013","Active","2026-01-08","48211000000072963"
"48211000000130028","48211000000013007","2026-07-22 14:32:44:864","2026-07-22 14:32:44:864","Kengeri Market Cam 14","12.681595","77.705221","48211000000048013","Active","2026-03-20","48211000000072963"
"48211000000130029","48211000000013007","2026-07-22 14:32:44:866","2026-07-22 14:32:44:866","Krishnarajapura Main Road Junction Cam 1","13.004427","77.751914","48211000000048013","Active","2020-09-03","48211000000072964"
"48211000000130030","48211000000013007","2026-07-22 14:32:44:867","2026-07-22 14:32:44:867","Krishnarajapura Railway Junction Cam 2","13.011921","77.763419","48211000000048013","Active","2021-07-12","48211000000072964"
"48211000000130031","48211000000013007","2026-07-22 14:32:44:869","2026-07-22 14:32:44:869","Krishnarajapura Mosque Cam 3","12.999208","77.75879","48211000000048013","Active","2019-08-25","48211000000072964"
"48211000000130032","48211000000013007","2026-07-22 14:32:44:870","2026-07-22 14:32:44:870","Krishnarajapura Railway Junction Cam 4","13.003195","77.773356","48211000000048013","Active","2023-05-10","48211000000072964"
"48211000000130033","48211000000013007","2026-07-22 14:32:44:871","2026-07-22 14:32:44:871","Krishnarajapura Government Office Cam 5","13.010978","77.762244","48211000000048013","Active","2024-01-17","48211000000072964"
"48211000000130034","48211000000013007","2026-07-22 14:32:44:873","2026-07-22 14:32:44:873","Krishnarajapura Main Road Junction Cam 6","13.016213","77.77699","48211000000048013","Active","2019-07-31","48211000000072964"
"48211000000130035","48211000000013007","2026-07-22 14:32:44:874","2026-07-22 14:32:44:874","Krishnarajapura Police HQ Gate Cam 7","13.000377","77.757758","48211000000048013","Inactive","2019-10-26","48211000000072964"
"48211000000130036","48211000000013007","2026-07-22 14:32:44:875","2026-07-22 14:32:44:875","Krishnarajapura Main Road Junction Cam 8","13.001515","77.760941","48211000000048013","Active","2021-06-07","48211000000072964"
"48211000000130037","48211000000013007","2026-07-22 14:32:44:877","2026-07-22 14:32:44:877","Krishnarajapura Bus Stand Cam 9","12.997847","77.76818","48211000000048013","Active","2019-03-04","48211000000072964"
"48211000000130038","48211000000013007","2026-07-22 14:32:44:878","2026-07-22 14:32:44:878","Krishnarajapura Main Road Junction Cam 10","13.010177","77.762423","48211000000048013","Active","2024-05-15","48211000000072964"
"48211000000130039","48211000000013007","2026-07-22 14:32:44:880","2026-07-22 14:32:44:880","Krishnarajapura Main Road Junction Cam 11","12.986337","77.753539","48211000000048013","Active","2021-09-07","48211000000072964"
"48211000000130040","48211000000013007","2026-07-22 14:32:44:881","2026-07-22 14:32:44:881","Krishnarajapura Residential Cam 12","12.993467","77.762658","48211000000048013","Active","2026-04-11","48211000000072964"
"48211000000130041","48211000000013007","2026-07-22 14:32:44:882","2026-07-22 14:32:44:882","Krishnarajapura Railway Junction Cam 13","13.013812","77.760018","48211000000048013","Active","2024-03-23","48211000000072964"
"48211000000130042","48211000000013007","2026-07-22 14:32:44:884","2026-07-22 14:32:44:884","Krishnarajapura College Cam 14","13.005482","77.762885","48211000000048013","Active","2022-08-04","48211000000072964"
"48211000000130043","48211000000013007","2026-07-22 14:32:44:885","2026-07-22 14:32:44:885","Krishnarajapura Residential Cam 15","13.020691","77.746085","48211000000048013","Inactive","2021-06-25","48211000000072964"
"48211000000130044","48211000000013007","2026-07-22 14:32:44:886","2026-07-22 14:32:44:886","Krishnarajapura Railway Junction Cam 16","13.00744","77.777667","48211000000048013","Active","2025-06-30","48211000000072964"
"48211000000130045","48211000000013007","2026-07-22 14:32:44:888","2026-07-22 14:32:44:888","Krishnarajapura Court Complex Cam 17","13.021309","77.755958","48211000000048013","Active","2023-04-05","48211000000072964"
"48211000000130046","48211000000013007","2026-07-22 14:32:44:889","2026-07-22 14:32:44:889","Krishnarajapura Railway Junction Cam 18","13.01857","77.760974","48211000000048013","Active","2022-10-14","48211000000072964"
"48211000000130047","48211000000013007","2026-07-22 14:32:44:890","2026-07-22 14:32:44:890","Krishnarajapura Main Road Junction Cam 19","13.000523","77.763208","48211000000048013","Active","2024-07-02","48211000000072964"
"48211000000130048","48211000000013007","2026-07-22 14:32:44:892","2026-07-22 14:32:44:892","Krishnarajapura Bus Stand Cam 20","12.995423","77.75947","48211000000048013","Active","2025-02-16","48211000000072964"
"48211000000130049","48211000000013007","2026-07-22 14:32:44:893","2026-07-22 14:32:44:893","Krishnarajapura Railway Junction Cam 21","13.000257","77.770405","48211000000048013","Active","2019-08-29","48211000000072964"
"48211000000130050","48211000000013007","2026-07-22 14:32:44:895","2026-07-22 14:32:44:895","Krishnarajapura School Zone Cam 22","12.995741","77.767051","48211000000048013","Active","2019-07-18","48211000000072964"
"48211000000130051","48211000000013007","2026-07-22 14:32:44:896","2026-07-22 14:32:44:896","Anekal Court Complex Cam 1","12.877173","77.363069","48211000000048013","Active","2020-09-10","48211000000072965"
"48211000000130052","48211000000013007","2026-07-22 14:32:44:897","2026-07-22 14:32:44:897","Anekal Bus Stand Cam 2","12.884927","77.357625","48211000000048013","Active","2026-02-25","48211000000072965"
"48211000000130053","48211000000013007","2026-07-22 14:32:44:899","2026-07-22 14:32:44:899","Anekal College Cam 3","12.874896","77.346378","48211000000048013","Active","2019-03-06","48211000000072965"
"48211000000130054","48211000000013007","2026-07-22 14:32:44:900","2026-07-22 14:32:44:900","Anekal Market Cam 4","12.884887","77.357691","48211000000048013","Inactive","2022-01-30","48211000000072965"
"48211000000130055","48211000000013007","2026-07-22 14:32:44:901","2026-07-22 14:32:44:901","Anekal Railway Junction Cam 5","12.896681","77.355007","48211000000048013","Active","2023-10-30","48211000000072965"
"48211000000130056","48211000000013007","2026-07-22 14:32:44:903","2026-07-22 14:32:44:903","Anekal School Zone Cam 6","12.875183","77.373548","48211000000048013","Active","2024-11-17","48211000000072965"
"48211000000130057","48211000000013007","2026-07-22 14:32:44:904","2026-07-22 14:32:44:904","Anekal Railway Junction Cam 7","12.888067","77.359063","48211000000048013","Active","2022-12-22","48211000000072965"
"48211000000130058","48211000000013007","2026-07-22 14:32:44:905","2026-07-22 14:32:44:905","Anekal Bus Stand Cam 8","12.888567","77.352911","48211000000048013","Active","2024-02-24","48211000000072965"
"48211000000130059","48211000000013007","2026-07-22 14:32:44:907","2026-07-22 14:32:44:907","Anekal Court Complex Cam 9","12.884154","77.370865","48211000000048013","Active","2019-11-27","48211000000072965"
"48211000000130060","48211000000013007","2026-07-22 14:32:44:908","2026-07-22 14:32:44:908","Anekal Mosque Cam 10","12.873485","77.367333","48211000000048013","Inactive","2023-07-19","48211000000072965"
"48211000000130061","48211000000013007","2026-07-22 14:32:44:909","2026-07-22 14:32:44:909","Anekal Market Cam 11","12.882157","77.349549","48211000000048013","Active","2020-12-02","48211000000072965"
"48211000000130062","48211000000013007","2026-07-22 14:32:44:911","2026-07-22 14:32:44:911","Anekal Government Office Cam 12","12.883396","77.358913","48211000000048013","Active","2025-05-06","48211000000072965"
"48211000000130063","48211000000013007","2026-07-22 14:32:44:912","2026-07-22 14:32:44:912","Yelahanka Court Complex Cam 1","12.89988","77.583398","48211000000048013","Active","2025-05-10","48211000000072966"
"48211000000130064","48211000000013007","2026-07-22 14:32:44:913","2026-07-22 14:32:44:913","Yelahanka School Zone Cam 2","12.912771","77.575854","48211000000048013","Active","2022-02-22","48211000000072966"
"48211000000130065","48211000000013007","2026-07-22 14:32:44:915","2026-07-22 14:32:44:915","Yelahanka Market Cam 3","12.901813","77.546186","48211000000048013","Active","2022-07-12","48211000000072966"
"48211000000130066","48211000000013007","2026-07-22 14:32:44:916","2026-07-22 14:32:44:916","Yelahanka Hospital Cam 4","12.910023","77.56543","48211000000048013","Active","2023-06-20","48211000000072966"
"48211000000130067","48211000000013007","2026-07-22 14:32:44:917","2026-07-22 14:32:44:917","Yelahanka Police HQ Gate Cam 5","12.929608","77.558794","48211000000048013","Active","2023-05-13","48211000000072966"
"48211000000130068","48211000000013007","2026-07-22 14:32:44:919","2026-07-22 14:32:44:919","Yelahanka Residential Cam 6","12.905838","77.550195","48211000000048013","Active","2020-07-27","48211000000072966"
"48211000000130069","48211000000013007","2026-07-22 14:32:44:920","2026-07-22 14:32:44:920","Yelahanka School Zone Cam 7","12.893157","77.558536","48211000000048013","Active","2022-11-17","48211000000072966"
"48211000000130070","48211000000013007","2026-07-22 14:32:44:921","2026-07-22 14:32:44:921","Yelahanka Church Cam 8","12.910148","77.564189","48211000000048013","Active","2025-10-14","48211000000072966"
"48211000000130071","48211000000013007","2026-07-22 14:32:44:923","2026-07-22 14:32:44:923","Yelahanka Residential Cam 9","12.904836","77.582393","48211000000048013","Active","2022-08-29","48211000000072966"
"48211000000130072","48211000000013007","2026-07-22 14:32:44:924","2026-07-22 14:32:44:924","Yelahanka College Cam 10","12.910343","77.565234","48211000000048013","Active","2022-12-28","48211000000072966"
"48211000000130073","48211000000013007","2026-07-22 14:32:44:925","2026-07-22 14:32:44:925","Yelahanka Hospital Cam 11","12.918467","77.556273","48211000000048013","Active","2026-05-30","48211000000072966"
"48211000000130074","48211000000013007","2026-07-22 14:32:44:927","2026-07-22 14:32:44:927","Yelahanka Temple Cam 12","12.901205","77.566553","48211000000048013","Active","2019-10-29","48211000000072966"
"48211000000130075","48211000000013007","2026-07-22 14:32:44:928","2026-07-22 14:32:44:928","Yelahanka Main Road Junction Cam 13","12.911206","77.566407","48211000000048013","Active","2020-09-23","48211000000072966"
"48211000000130077","48211000000013007","2026-07-22 14:32:45:195","2026-07-22 14:32:45:195","Nelamangala Temple Cam 1","13.4443","77.47756","48211000000054383","Active","2022-01-09","48211000000072967"
"48211000000130078","48211000000013007","2026-07-22 14:32:45:197","2026-07-22 14:32:45:197","Nelamangala Residential Cam 2","13.441082","77.472571","48211000000054383","Active","2025-03-22","48211000000072967"
"48211000000130079","48211000000013007","2026-07-22 14:32:45:199","2026-07-22 14:32:45:199","Nelamangala School Zone Cam 3","13.446857","77.480005","48211000000054383","Active","2020-01-17","48211000000072967"
"48211000000130080","48211000000013007","2026-07-22 14:32:45:200","2026-07-22 14:32:45:200","Nelamangala Church Cam 4","13.426751","77.473518","48211000000054383","Active","2022-04-10","48211000000072967"
"48211000000130081","48211000000013007","2026-07-22 14:32:45:202","2026-07-22 14:32:45:202","Doddaballapura Court Complex Cam 1","12.868974","77.839554","48211000000054383","Active","2020-11-25","48211000000072968"
"48211000000130082","48211000000013007","2026-07-22 14:32:45:204","2026-07-22 14:32:45:204","Doddaballapura Temple Cam 2","12.888442","77.862814","48211000000054383","Active","2024-07-12","48211000000072968"
"48211000000130083","48211000000013007","2026-07-22 14:32:45:205","2026-07-22 14:32:45:205","Devanahalli College Cam 1","13.003503","77.337462","48211000000054383","Active","2023-01-19","48211000000072969"
"48211000000130084","48211000000013007","2026-07-22 14:32:45:207","2026-07-22 14:32:45:207","Devanahalli Government Office Cam 2","13.004514","77.346424","48211000000054383","Active","2025-11-30","48211000000072969"
"48211000000130085","48211000000013007","2026-07-22 14:32:45:209","2026-07-22 14:32:45:209","Devanahalli Temple Cam 3","13.001588","77.349836","48211000000054383","Inactive","2023-06-09","48211000000072969"
"48211000000130086","48211000000013007","2026-07-22 14:32:45:210","2026-07-22 14:32:45:210","Hosakote College Cam 1","13.229147","77.95727","48211000000054383","Active","2026-04-20","48211000000072970"
"48211000000130087","48211000000013007","2026-07-22 14:32:45:212","2026-07-22 14:32:45:212","Hosakote Bus Stand Cam 2","13.252225","77.966361","48211000000054383","Active","2021-04-02","48211000000072970"
"48211000000130088","48211000000013007","2026-07-22 14:32:45:213","2026-07-22 14:32:45:213","Hosakote Residential Cam 3","13.245356","77.956441","48211000000054383","Active","2022-04-08","48211000000072970"
"48211000000130089","48211000000013007","2026-07-22 14:32:45:215","2026-07-22 14:32:45:215","Hosakote Police HQ Gate Cam 4","13.223394","77.940163","48211000000054383","Active","2022-08-27","48211000000072970"
"48211000000130090","48211000000013007","2026-07-22 14:32:45:216","2026-07-22 14:32:45:216","Hosakote Residential Cam 5","13.227923","77.955104","48211000000054383","Active","2025-04-28","48211000000072970"
"48211000000130091","48211000000013007","2026-07-22 14:32:45:218","2026-07-22 14:32:45:218","Hosakote Hospital Cam 6","13.235586","77.956196","48211000000054383","Active","2025-03-03","48211000000072970"
"48211000000130092","48211000000013007","2026-07-22 14:32:45:220","2026-07-22 14:32:45:220","Basavakalyana Church Cam 1","17.687796","76.706935","48211000000054384","Active","2023-08-03","48211000000072972"
"48211000000130093","48211000000013007","2026-07-22 14:32:45:222","2026-07-22 14:32:45:222","Basavakalyana Temple Cam 2","17.703936","76.715676","48211000000054384","Active","2026-05-21","48211000000072972"
"48211000000130094","48211000000013007","2026-07-22 14:32:45:223","2026-07-22 14:32:45:223","Basavakalyana Residential Cam 3","17.69392","76.702245","48211000000054384","Active","2025-09-15","48211000000072972"
"48211000000130095","48211000000013007","2026-07-22 14:32:45:225","2026-07-22 14:32:45:225","Basavakalyana Railway Junction Cam 4","17.698607","76.696273","48211000000054384","Active","2023-09-10","48211000000072972"
"48211000000130096","48211000000013007","2026-07-22 14:32:45:227","2026-07-22 14:32:45:227","Basavakalyana Bus Stand Cam 5","17.680462","76.708725","48211000000054384","Active","2025-01-08","48211000000072972"
"48211000000130097","48211000000013007","2026-07-22 14:32:45:229","2026-07-22 14:32:45:229","Basavakalyana School Zone Cam 6","17.685456","76.717528","48211000000054384","Active","2026-05-17","48211000000072972"
"48211000000130098","48211000000013007","2026-07-22 14:32:45:230","2026-07-22 14:32:45:230","Basavakalyana Police HQ Gate Cam 7","17.705257","76.713357","48211000000054384","Inactive","2026-03-27","48211000000072972"
"48211000000130099","48211000000013007","2026-07-22 14:32:45:232","2026-07-22 14:32:45:232","Bhalki Mosque Cam 1","17.627437","77.311115","48211000000054384","Active","2019-02-13","48211000000072973"
"48211000000130100","48211000000013007","2026-07-22 14:32:45:234","2026-07-22 14:32:45:234","Bhalki Main Road Junction Cam 2","17.610648","77.322729","48211000000054384","Active","2025-07-05","48211000000072973"
"48211000000130101","48211000000013007","2026-07-22 14:32:45:236","2026-07-22 14:32:45:236","Bhalki Bus Stand Cam 3","17.623694","77.325262","48211000000054384","Active","2025-08-07","48211000000072973"
"48211000000130102","48211000000013007","2026-07-22 14:32:45:238","2026-07-22 14:32:45:238","Bhalki Market Cam 4","17.621085","77.331848","48211000000054384","Active","2022-04-25","48211000000072973"
"48211000000130103","48211000000013007","2026-07-22 14:32:45:240","2026-07-22 14:32:45:240","Bhalki School Zone Cam 5","17.60623","77.331867","48211000000054384","Active","2020-08-03","48211000000072973"
"48211000000130104","48211000000013007","2026-07-22 14:32:45:242","2026-07-22 14:32:45:242","Bidar Court Complex Cam 1","18.030194","76.943204","48211000000054384","Active","2022-11-27","48211000000072974"
"48211000000130105","48211000000013007","2026-07-22 14:32:45:244","2026-07-22 14:32:45:244","Bidar Main Road Junction Cam 2","18.031718","76.9408","48211000000054384","Active","2019-10-03","48211000000072974"
"48211000000130106","48211000000013007","2026-07-22 14:32:45:245","2026-07-22 14:32:45:245","Bidar School Zone Cam 3","18.024268","76.950206","48211000000054384","Inactive","2022-11-06","48211000000072974"
"48211000000130107","48211000000013007","2026-07-22 14:32:45:247","2026-07-22 14:32:45:247","Bidar Hospital Cam 4","18.019367","76.943431","48211000000054384","Active","2021-09-26","48211000000072974"
"48211000000130108","48211000000013007","2026-07-22 14:32:45:249","2026-07-22 14:32:45:249","Bidar Bus Stand Cam 5","18.026112","76.93998","48211000000054384","Active","2024-03-07","48211000000072974"
"48211000000130109","48211000000013007","2026-07-22 14:32:45:251","2026-07-22 14:32:45:251","Bidar Hospital Cam 6","18.030905","76.945044","48211000000054384","Active","2026-05-16","48211000000072974"
"48211000000130110","48211000000013007","2026-07-22 14:32:45:252","2026-07-22 14:32:45:252","Bidar Police HQ Gate Cam 7","18.030071","76.955561","48211000000054384","Active","2024-01-16","48211000000072974"
"48211000000130111","48211000000013007","2026-07-22 14:32:45:254","2026-07-22 14:32:45:254","Bidar Main Road Junction Cam 8","18.034968","76.940581","48211000000054384","Active","2022-02-14","48211000000072974"
"48211000000130112","48211000000013007","2026-07-22 14:32:45:256","2026-07-22 14:32:45:256","Bidar School Zone Cam 9","18.017414","76.952943","48211000000054384","Active","2025-01-08","48211000000072974"
"48211000000130113","48211000000013007","2026-07-22 14:32:45:257","2026-07-22 14:32:45:257","Bidar College Cam 10","18.031486","76.94685","48211000000054384","Active","2024-06-27","48211000000072974"
"48211000000130114","48211000000013007","2026-07-22 14:32:45:259","2026-07-22 14:32:45:259","Bidar Police HQ Gate Cam 11","18.02223","76.94254","48211000000054384","Active","2023-05-27","48211000000072974"
"48211000000130115","48211000000013007","2026-07-22 14:32:45:261","2026-07-22 14:32:45:261","Bidar Church Cam 12","18.036566","76.942537","48211000000054384","Active","2020-12-07","48211000000072974"
"48211000000130116","48211000000013007","2026-07-22 14:32:45:263","2026-07-22 14:32:45:263","Bidar Temple Cam 13","18.016098","76.944526","48211000000054384","Active","2025-08-14","48211000000072974"
"48211000000130117","48211000000013007","2026-07-22 14:32:45:265","2026-07-22 14:32:45:265","Bidar School Zone Cam 14","18.029818","76.949278","48211000000054384","Active","2020-04-24","48211000000072974"
"48211000000130118","48211000000013007","2026-07-22 14:32:45:266","2026-07-22 14:32:45:266","Bidar Railway Junction Cam 15","18.02601","76.947229","48211000000054384","Active","2025-09-08","48211000000072974"
"48211000000130119","48211000000013007","2026-07-22 14:32:45:268","2026-07-22 14:32:45:268","Bidar Hospital Cam 16","18.030285","76.946564","48211000000054384","Active","2025-01-10","48211000000072974"
"48211000000130120","48211000000013007","2026-07-22 14:32:45:270","2026-07-22 14:32:45:270","Bidar Hospital Cam 17","18.019896","76.941082","48211000000054384","Active","2024-06-28","48211000000072974"
"48211000000130121","48211000000013007","2026-07-22 14:32:45:272","2026-07-22 14:32:45:272","Chitgoppa Market Cam 1","18.420282","77.283831","48211000000054384","Active","2019-02-09","48211000000072975"
"48211000000130122","48211000000013007","2026-07-22 14:32:45:273","2026-07-22 14:32:45:273","Chitgoppa Residential Cam 2","18.428407","77.294836","48211000000054384","Active","2024-09-01","48211000000072975"
"48211000000130123","48211000000013007","2026-07-22 14:32:45:275","2026-07-22 14:32:45:275","Chitgoppa College Cam 3","18.426084","77.277903","48211000000054384","Active","2023-12-24","48211000000072975"
"48211000000130124","48211000000013007","2026-07-22 14:32:45:277","2026-07-22 14:32:45:277","Hulsuru Court Complex Cam 1","18.262948","77.588481","48211000000054384","Active","2022-01-30","48211000000072976"
"48211000000130125","48211000000013007","2026-07-22 14:32:45:279","2026-07-22 14:32:45:279","Hulsuru Mosque Cam 2","18.280072","77.583385","48211000000054384","Active","2024-07-21","48211000000072976"
"48211000000130126","48211000000013007","2026-07-22 14:32:45:280","2026-07-22 14:32:45:280","Humnabad Railway Junction Cam 1","17.896431","77.568116","48211000000054384","Active","2023-02-11","48211000000072977"
"48211000000130127","48211000000013007","2026-07-22 14:32:45:282","2026-07-22 14:32:45:282","Humnabad Mosque Cam 2","17.871416","77.570183","48211000000054384","Active","2025-02-15","48211000000072977"
"48211000000130128","48211000000013007","2026-07-22 14:32:45:284","2026-07-22 14:32:45:284","Kamalanagara Mosque Cam 1","17.697801","77.022078","48211000000054384","Active","2019-05-13","48211000000072978"
"48211000000130129","48211000000013007","2026-07-22 14:32:45:286","2026-07-22 14:32:45:286","Kamalanagara Church Cam 2","17.708069","77.014738","48211000000054384","Active","2020-04-25","48211000000072978"
"48211000000130130","48211000000013007","2026-07-22 14:32:45:287","2026-07-22 14:32:45:287","Kamalanagara Mosque Cam 3","17.717232","77.022413","48211000000054384","Active","2022-12-07","48211000000072978"
"48211000000130131","48211000000013007","2026-07-22 14:32:45:289","2026-07-22 14:32:45:289","Kamalanagara Residential Cam 4","17.687436","77.005247","48211000000054384","Active","2020-07-24","48211000000072978"
"48211000000130132","48211000000013007","2026-07-22 14:32:45:291","2026-07-22 14:32:45:291","Kamalanagara Mosque Cam 5","17.683535","77.028122","48211000000054384","Inactive","2022-12-07","48211000000072978"
"48211000000130133","48211000000013007","2026-07-22 14:32:45:293","2026-07-22 14:32:45:293","Chamarajanagara Bus Stand Cam 1","12.142017","76.855064","48211000000054385","Active","2022-04-13","48211000000072979"
"48211000000130134","48211000000013007","2026-07-22 14:32:45:294","2026-07-22 14:32:45:294","Chamarajanagara Church Cam 2","12.14778","76.859067","48211000000054385","Active","2020-01-26","48211000000072979"
"48211000000130135","48211000000013007","2026-07-22 14:32:45:296","2026-07-22 14:32:45:296","Chamarajanagara Residential Cam 3","12.140918","76.85959","48211000000054385","Active","2022-02-09","48211000000072979"
"48211000000130136","48211000000013007","2026-07-22 14:32:45:298","2026-07-22 14:32:45:298","Chamarajanagara Church Cam 4","12.153176","76.869637","48211000000054385","Active","2020-08-22","48211000000072979"
"48211000000130137","48211000000013007","2026-07-22 14:32:45:300","2026-07-22 14:32:45:300","Chamarajanagara Mosque Cam 5","12.132955","76.865175","48211000000054385","Active","2023-05-28","48211000000072979"
"48211000000130138","48211000000013007","2026-07-22 14:32:45:301","2026-07-22 14:32:45:301","Chamarajanagara Temple Cam 6","12.139405","76.852412","48211000000054385","Active","2023-03-17","48211000000072979"
"48211000000130139","48211000000013007","2026-07-22 14:32:45:303","2026-07-22 14:32:45:303","Chamarajanagara Stadium Cam 7","12.13766","76.854582","48211000000054385","Active","2023-07-09","48211000000072979"
"48211000000130140","48211000000013007","2026-07-22 14:32:45:305","2026-07-22 14:32:45:305","Chamarajanagara Stadium Cam 8","12.151346","76.85808","48211000000054385","Active","2024-02-06","48211000000072979"
"48211000000130141","48211000000013007","2026-07-22 14:32:45:306","2026-07-22 14:32:45:306","Chamarajanagara Market Cam 9","12.156744","76.852232","48211000000054385","Active","2020-01-17","48211000000072979"
"48211000000130142","48211000000013007","2026-07-22 14:32:45:308","2026-07-22 14:32:45:308","Chamarajanagara Government Office Cam 10","12.146176","76.847875","48211000000054385","Active","2019-09-17","48211000000072979"
"48211000000130143","48211000000013007","2026-07-22 14:32:45:309","2026-07-22 14:32:45:309","Gundlupete Court Complex Cam 1","12.11754","77.759683","48211000000054385","Active","2022-08-15","48211000000072980"
"48211000000130144","48211000000013007","2026-07-22 14:32:45:311","2026-07-22 14:32:45:311","Gundlupete Police HQ Gate Cam 2","12.131333","77.754223","48211000000054385","Active","2024-06-10","48211000000072980"
"48211000000130145","48211000000013007","2026-07-22 14:32:45:313","2026-07-22 14:32:45:313","Gundlupete Mosque Cam 3","12.104485","77.778508","48211000000054385","Inactive","2020-02-12","48211000000072980"
"48211000000130146","48211000000013007","2026-07-22 14:32:45:314","2026-07-22 14:32:45:314","Kollegala Hospital Cam 1","11.709488","76.445619","48211000000054385","Active","2019-01-03","48211000000072981"
"48211000000130147","48211000000013007","2026-07-22 14:32:45:316","2026-07-22 14:32:45:316","Kollegala Main Road Junction Cam 2","11.719436","76.424775","48211000000054385","Active","2026-04-16","48211000000072981"
"48211000000130148","48211000000013007","2026-07-22 14:32:45:317","2026-07-22 14:32:45:317","Kollegala Stadium Cam 3","11.704821","76.450173","48211000000054385","Active","2026-05-05","48211000000072981"
"48211000000130149","48211000000013007","2026-07-22 14:32:45:319","2026-07-22 14:32:45:319","Yelanduru Market Cam 1","11.799801","77.301213","48211000000054385","Active","2022-06-05","48211000000072982"
"48211000000130150","48211000000013007","2026-07-22 14:32:45:320","2026-07-22 14:32:45:320","Yelanduru Residential Cam 2","11.795506","77.310834","48211000000054385","Active","2020-01-25","48211000000072982"
"48211000000130151","48211000000013007","2026-07-22 14:32:45:322","2026-07-22 14:32:45:322","Yelanduru Hospital Cam 3","11.811852","77.31026","48211000000054385","Active","2024-10-28","48211000000072982"
"48211000000130152","48211000000013007","2026-07-22 14:32:45:323","2026-07-22 14:32:45:323","Hanuru Church Cam 1","12.279116","77.323255","48211000000054385","Active","2020-06-25","48211000000072983"
"48211000000130153","48211000000013007","2026-07-22 14:32:45:325","2026-07-22 14:32:45:325","Chikkaballapura School Zone Cam 1","13.498117","77.584801","48211000000054386","Active","2023-02-14","48211000000072984"
"48211000000130154","48211000000013007","2026-07-22 14:32:45:326","2026-07-22 14:32:45:326","Bagepalli Church Cam 1","13.842802","78.106934","48211000000054386","Active","2020-08-08","48211000000072985"
"48211000000130155","48211000000013007","2026-07-22 14:32:45:328","2026-07-22 14:32:45:328","Gauribidanuru Main Road Junction Cam 1","13.810197","77.75153","48211000000054386","Active","2020-09-12","48211000000072987"
"48211000000130156","48211000000013007","2026-07-22 14:32:45:330","2026-07-22 14:32:45:330","Gauribidanuru College Cam 2","13.79101","77.749643","48211000000054386","Active","2019-12-22","48211000000072987"
"48211000000130157","48211000000013007","2026-07-22 14:32:45:331","2026-07-22 14:32:45:331","Gauribidanuru School Zone Cam 3","13.820377","77.778804","48211000000054386","Active","2023-04-22","48211000000072987"
"48211000000130158","48211000000013007","2026-07-22 14:32:45:333","2026-07-22 14:32:45:333","Gauribidanuru Mosque Cam 4","13.808215","77.758187","48211000000054386","Active","2022-02-08","48211000000072987"
"48211000000130159","48211000000013007","2026-07-22 14:32:45:334","2026-07-22 14:32:45:334","Gudibanda Police HQ Gate Cam 1","13.542283","77.891411","48211000000054386","Active","2019-04-20","48211000000072988"
"48211000000130160","48211000000013007","2026-07-22 14:32:45:336","2026-07-22 14:32:45:336","Sidlaghatta Court Complex Cam 1","13.268344","77.822954","48211000000054386","Active","2022-04-25","48211000000072989"
"48211000000130161","48211000000013007","2026-07-22 14:32:45:337","2026-07-22 14:32:45:337","Sidlaghatta Mosque Cam 2","13.256998","77.829827","48211000000054386","Active","2024-07-20","48211000000072989"
"48211000000130162","48211000000013007","2026-07-22 14:32:45:339","2026-07-22 14:32:45:339","Cheluru Railway Junction Cam 1","13.596913","78.14387","48211000000054386","Active","2019-02-19","48211000000072990"
"48211000000130163","48211000000013007","2026-07-22 14:32:45:340","2026-07-22 14:32:45:340","Manchenahalli Police HQ Gate Cam 1","13.614543","77.378064","48211000000054386","Active","2025-02-15","48211000000072991"
"48211000000130164","48211000000013007","2026-07-22 14:32:45:342","2026-07-22 14:32:45:342","Manchenahalli Mosque Cam 2","13.601491","77.377366","48211000000054386","Active","2025-08-02","48211000000072991"
"48211000000130165","48211000000013007","2026-07-22 14:32:45:343","2026-07-22 14:32:45:343","Chikkamagaluru Stadium Cam 1","13.478392","76.087853","48211000000054387","Active","2023-06-19","48211000000072992"
"48211000000130166","48211000000013007","2026-07-22 14:32:45:345","2026-07-22 14:32:45:345","Chikkamagaluru Railway Junction Cam 2","13.472236","76.081966","48211000000054387","Active","2023-10-01","48211000000072992"
"48211000000130167","48211000000013007","2026-07-22 14:32:45:346","2026-07-22 14:32:45:346","Chikkamagaluru Railway Junction Cam 3","13.483808","76.097972","48211000000054387","Active","2020-09-17","48211000000072992"
"48211000000130168","48211000000013007","2026-07-22 14:32:45:348","2026-07-22 14:32:45:348","Chikkamagaluru Railway Junction Cam 4","13.482358","76.086103","48211000000054387","Active","2020-09-28","48211000000072992"
"48211000000130169","48211000000013007","2026-07-22 14:32:45:350","2026-07-22 14:32:45:350","Chikkamagaluru Government Office Cam 5","13.483687","76.080886","48211000000054387","Active","2026-04-15","48211000000072992"
"48211000000130170","48211000000013007","2026-07-22 14:32:45:351","2026-07-22 14:32:45:351","Chikkamagaluru Main Road Junction Cam 6","13.482631","76.098195","48211000000054387","Active","2021-09-04","48211000000072992"
"48211000000130171","48211000000013007","2026-07-22 14:32:45:353","2026-07-22 14:32:45:353","Mudigere Government Office Cam 1","13.734067","75.53262","48211000000054387","Active","2020-12-20","48211000000072995"
"48211000000130172","48211000000013007","2026-07-22 14:32:45:354","2026-07-22 14:32:45:354","Mudigere Main Road Junction Cam 2","13.726796","75.51854","48211000000054387","Inactive","2024-07-26","48211000000072995"
"48211000000130173","48211000000013007","2026-07-22 14:32:45:356","2026-07-22 14:32:45:356","Mudigere Mosque Cam 3","13.726301","75.497399","48211000000054387","Active","2021-11-27","48211000000072995"
"48211000000130174","48211000000013007","2026-07-22 14:32:45:357","2026-07-22 14:32:45:357","Tarikere Stadium Cam 1","13.563451","75.790597","48211000000054387","Inactive","2023-10-25","48211000000072998"
"48211000000130175","48211000000013007","2026-07-22 14:32:45:359","2026-07-22 14:32:45:359","Tarikere Main Road Junction Cam 2","13.554691","75.783878","48211000000054387","Active","2026-01-14","48211000000072998"
"48211000000130176","48211000000013007","2026-07-22 14:32:45:360","2026-07-22 14:32:45:360","Kalasa Hospital Cam 1","13.283188","75.851337","48211000000054387","Active","2021-11-10","48211000000073000"
"48211000000130177","48211000000013007","2026-07-22 14:32:45:362","2026-07-22 14:32:45:362","Kalasa Government Office Cam 2","13.273415","75.864613","48211000000054387","Active","2021-07-24","48211000000073000"
"48211000000130178","48211000000013007","2026-07-22 14:32:45:363","2026-07-22 14:32:45:363","Chitradurga Market Cam 1","14.475703","76.486888","48211000000054388","Active","2024-04-16","48211000000074001"
"48211000000130179","48211000000013007","2026-07-22 14:32:45:365","2026-07-22 14:32:45:365","Chitradurga Hospital Cam 2","14.472899","76.492207","48211000000054388","Active","2019-05-25","48211000000074001"
"48211000000130180","48211000000013007","2026-07-22 14:32:45:366","2026-07-22 14:32:45:366","Chitradurga Main Road Junction Cam 3","14.47112","76.494799","48211000000054388","Active","2021-07-08","48211000000074001"
"48211000000130181","48211000000013007","2026-07-22 14:32:45:368","2026-07-22 14:32:45:368","Chitradurga Main Road Junction Cam 4","14.478356","76.4822","48211000000054388","Active","2019-11-16","48211000000074001"
"48211000000130182","48211000000013007","2026-07-22 14:32:45:369","2026-07-22 14:32:45:369","Chitradurga Government Office Cam 5","14.482054","76.493863","48211000000054388","Active","2021-01-04","48211000000074001"
"48211000000130183","48211000000013007","2026-07-22 14:32:45:371","2026-07-22 14:32:45:371","Chitradurga Market Cam 6","14.475377","76.483141","48211000000054388","Active","2019-10-10","48211000000074001"
"48211000000130184","48211000000013007","2026-07-22 14:32:45:373","2026-07-22 14:32:45:373","Chitradurga Mosque Cam 7","14.465129","76.496645","48211000000054388","Active","2022-09-02","48211000000074001"
"48211000000130185","48211000000013007","2026-07-22 14:32:45:374","2026-07-22 14:32:45:374","Chitradurga Bus Stand Cam 8","14.476111","76.485467","48211000000054388","Active","2025-04-28","48211000000074001"
"48211000000130186","48211000000013007","2026-07-22 14:32:45:376","2026-07-22 14:32:45:376","Chitradurga Court Complex Cam 9","14.463041","76.486001","48211000000054388","Active","2025-08-20","48211000000074001"
"48211000000130187","48211000000013007","2026-07-22 14:32:45:377","2026-07-22 14:32:45:377","Chitradurga Mosque Cam 10","14.475516","76.503136","48211000000054388","Active","2025-02-16","48211000000074001"
"48211000000130188","48211000000013007","2026-07-22 14:32:45:379","2026-07-22 14:32:45:379","Chitradurga Market Cam 11","14.488061","76.487251","48211000000054388","Active","2019-04-08","48211000000074001"
"48211000000130189","48211000000013007","2026-07-22 14:32:45:380","2026-07-22 14:32:45:380","Chitradurga Church Cam 12","14.478841","76.484639","48211000000054388","Active","2019-02-09","48211000000074001"
"48211000000130190","48211000000013007","2026-07-22 14:32:45:382","2026-07-22 14:32:45:382","Chitradurga Government Office Cam 13","14.475877","76.502787","48211000000054388","Active","2022-06-13","48211000000074001"
"48211000000130191","48211000000013007","2026-07-22 14:32:45:383","2026-07-22 14:32:45:383","Chitradurga Court Complex Cam 14","14.475421","76.48515","48211000000054388","Active","2019-09-03","48211000000074001"
"48211000000130192","48211000000013007","2026-07-22 14:32:45:385","2026-07-22 14:32:45:385","Chitradurga Temple Cam 15","14.488036","76.497055","48211000000054388","Active","2021-08-06","48211000000074001"
"48211000000130193","48211000000013007","2026-07-22 14:32:45:386","2026-07-22 14:32:45:386","Chitradurga Main Road Junction Cam 16","14.473933","76.471949","48211000000054388","Active","2024-02-21","48211000000074001"
"48211000000130194","48211000000013007","2026-07-22 14:32:45:388","2026-07-22 14:32:45:388","Chitradurga School Zone Cam 17","14.483771","76.500915","48211000000054388","Active","2026-02-23","48211000000074001"
"48211000000130195","48211000000013007","2026-07-22 14:32:45:390","2026-07-22 14:32:45:390","Chitradurga Police HQ Gate Cam 18","14.481759","76.499103","48211000000054388","Active","2020-06-19","48211000000074001"
"48211000000130196","48211000000013007","2026-07-22 14:32:45:391","2026-07-22 14:32:45:391","Chitradurga Bus Stand Cam 19","14.479565","76.486587","48211000000054388","Active","2023-05-29","48211000000074001"
"48211000000130197","48211000000013007","2026-07-22 14:32:45:393","2026-07-22 14:32:45:393","Chitradurga Bus Stand Cam 20","14.46442","76.485782","48211000000054388","Active","2021-08-14","48211000000074001"
"48211000000130198","48211000000013007","2026-07-22 14:32:45:394","2026-07-22 14:32:45:394","Hiriyur College Cam 1","14.071111","76.903507","48211000000054388","Active","2023-07-24","48211000000074003"
"48211000000130199","48211000000013007","2026-07-22 14:32:45:396","2026-07-22 14:32:45:396","Hiriyur Mosque Cam 2","14.071712","76.899751","48211000000054388","Active","2022-06-16","48211000000074003"
"48211000000130200","48211000000013007","2026-07-22 14:32:45:397","2026-07-22 14:32:45:397","Hiriyur School Zone Cam 3","14.061253","76.907973","48211000000054388","Active","2022-05-31","48211000000074003"
"48211000000130201","48211000000013007","2026-07-22 14:32:45:399","2026-07-22 14:32:45:399","Hiriyur Market Cam 4","14.052013","76.895228","48211000000054388","Active","2022-09-04","48211000000074003"
"48211000000130202","48211000000013007","2026-07-22 14:32:45:400","2026-07-22 14:32:45:400","Hiriyur Bus Stand Cam 5","14.066357","76.900682","48211000000054388","Active","2019-07-20","48211000000074003"
"48211000000130203","48211000000013007","2026-07-22 14:32:45:401","2026-07-22 14:32:45:401","Hiriyur Hospital Cam 6","14.084819","76.900511","48211000000054388","Inactive","2023-07-15","48211000000074003"
"48211000000130204","48211000000013007","2026-07-22 14:32:45:403","2026-07-22 14:32:45:403","Holalkere College Cam 1","14.970281","76.81579","48211000000054388","Active","2020-07-26","48211000000074004"
"48211000000130205","48211000000013007","2026-07-22 14:32:45:404","2026-07-22 14:32:45:404","Holalkere Mosque Cam 2","14.954466","76.818396","48211000000054388","Active","2020-06-19","48211000000074004"
"48211000000130206","48211000000013007","2026-07-22 14:32:45:406","2026-07-22 14:32:45:406","Holalkere Government Office Cam 3","14.956042","76.812028","48211000000054388","Active","2026-03-25","48211000000074004"
"48211000000130207","48211000000013007","2026-07-22 14:32:45:407","2026-07-22 14:32:45:407","Holalkere Stadium Cam 4","14.952457","76.814095","48211000000054388","Active","2019-03-31","48211000000074004"
"48211000000130208","48211000000013007","2026-07-22 14:32:45:409","2026-07-22 14:32:45:409","Holalkere Government Office Cam 5","14.974691","76.823269","48211000000054388","Active","2020-06-11","48211000000074004"
"48211000000130209","48211000000013007","2026-07-22 14:32:45:410","2026-07-22 14:32:45:410","Holalkere Mosque Cam 6","14.951736","76.817005","48211000000054388","Active","2019-06-24","48211000000074004"
"48211000000130210","48211000000013007","2026-07-22 14:32:45:412","2026-07-22 14:32:45:412","Hosadurga Church Cam 1","14.089083","76.122961","48211000000054388","Active","2024-07-25","48211000000074005"
"48211000000130211","48211000000013007","2026-07-22 14:32:45:413","2026-07-22 14:32:45:413","Hosadurga Hospital Cam 2","14.090171","76.12617","48211000000054388","Active","2021-02-05","48211000000074005"
"48211000000130212","48211000000013007","2026-07-22 14:32:45:415","2026-07-22 14:32:45:415","Molakalmuru Police HQ Gate Cam 1","14.478329","76.92299","48211000000054388","Active","2026-04-05","48211000000074006"
"48211000000130213","48211000000013007","2026-07-22 14:32:45:416","2026-07-22 14:32:45:416","Molakalmuru Railway Junction Cam 2","14.477522","76.897085","48211000000054388","Active","2019-12-26","48211000000074006"
"48211000000130214","48211000000013007","2026-07-22 14:32:45:418","2026-07-22 14:32:45:418","Molakalmuru Court Complex Cam 3","14.478816","76.907161","48211000000054388","Active","2024-11-23","48211000000074006"
"48211000000130215","48211000000013007","2026-07-22 14:32:45:419","2026-07-22 14:32:45:419","Molakalmuru Railway Junction Cam 4","14.473823","76.908717","48211000000054388","Active","2023-04-16","48211000000074006"
"48211000000130216","48211000000013007","2026-07-22 14:32:45:421","2026-07-22 14:32:45:421","Molakalmuru Railway Junction Cam 5","14.487663","76.891411","48211000000054388","Active","2022-11-10","48211000000074006"
"48211000000130217","48211000000013007","2026-07-22 14:32:45:423","2026-07-22 14:32:45:423","Mangaluru Market Cam 1","12.77815","75.552021","48211000000048015","Active","2021-06-16","48211000000074007"
"48211000000130218","48211000000013007","2026-07-22 14:32:45:424","2026-07-22 14:32:45:424","Mangaluru Temple Cam 2","12.772537","75.552887","48211000000048015","Inactive","2024-04-16","48211000000074007"
"48211000000130219","48211000000013007","2026-07-22 14:32:45:426","2026-07-22 14:32:45:426","Mangaluru Court Complex Cam 3","12.76444","75.553636","48211000000048015","Active","2020-02-15","48211000000074007"
"48211000000130220","48211000000013007","2026-07-22 14:32:45:427","2026-07-22 14:32:45:427","Mangaluru Railway Junction Cam 4","12.776991","75.552935","48211000000048015","Active","2019-08-18","48211000000074007"
"48211000000130221","48211000000013007","2026-07-22 14:32:45:428","2026-07-22 14:32:45:428","Mangaluru Police HQ Gate Cam 5","12.768987","75.564733","48211000000048015","Active","2023-05-10","48211000000074007"
"48211000000130222","48211000000013007","2026-07-22 14:32:45:430","2026-07-22 14:32:45:430","Mangaluru Church Cam 6","12.768105","75.555843","48211000000048015","Active","2021-08-26","48211000000074007"
"48211000000130223","48211000000013007","2026-07-22 14:32:45:431","2026-07-22 14:32:45:431","Mangaluru Main Road Junction Cam 7","12.763962","75.556113","48211000000048015","Active","2025-08-20","48211000000074007"
"48211000000130224","48211000000013007","2026-07-22 14:32:45:433","2026-07-22 14:32:45:433","Mangaluru Police HQ Gate Cam 8","12.772542","75.552562","48211000000048015","Active","2025-04-25","48211000000074007"
"48211000000130225","48211000000013007","2026-07-22 14:32:45:435","2026-07-22 14:32:45:435","Mangaluru Mosque Cam 9","12.759825","75.560877","48211000000048015","Active","2024-07-09","48211000000074007"
"48211000000130226","48211000000013007","2026-07-22 14:32:45:436","2026-07-22 14:32:45:436","Mangaluru Market Cam 10","12.780825","75.55677","48211000000048015","Active","2021-08-10","48211000000074007"
"48211000000130227","48211000000013007","2026-07-22 14:32:45:437","2026-07-22 14:32:45:437","Mangaluru College Cam 11","12.774196","75.562632","48211000000048015","Inactive","2025-11-20","48211000000074007"
"48211000000130228","48211000000013007","2026-07-22 14:32:45:439","2026-07-22 14:32:45:439","Mangaluru Main Road Junction Cam 12","12.775366","75.554991","48211000000048015","Active","2022-08-18","48211000000074007"
"48211000000130229","48211000000013007","2026-07-22 14:32:45:440","2026-07-22 14:32:45:440","Mangaluru Main Road Junction Cam 13","12.773751","75.553299","48211000000048015","Active","2020-03-30","48211000000074007"
"48211000000130230","48211000000013007","2026-07-22 14:32:45:441","2026-07-22 14:32:45:441","Mangaluru School Zone Cam 14","12.762438","75.561723","48211000000048015","Active","2023-06-09","48211000000074007"
"48211000000130231","48211000000013007","2026-07-22 14:32:45:443","2026-07-22 14:32:45:443","Mangaluru Bus Stand Cam 15","12.781109","75.547664","48211000000048015","Active","2020-10-07","48211000000074007"
"48211000000130232","48211000000013007","2026-07-22 14:32:45:444","2026-07-22 14:32:45:444","Mangaluru Government Office Cam 16","12.777566","75.541474","48211000000048015","Active","2026-04-13","48211000000074007"
"48211000000130233","48211000000013007","2026-07-22 14:32:45:446","2026-07-22 14:32:45:446","Mangaluru Railway Junction Cam 17","12.768018","75.551304","48211000000048015","Active","2025-11-18","48211000000074007"
"48211000000130234","48211000000013007","2026-07-22 14:32:45:447","2026-07-22 14:32:45:447","Mangaluru Police HQ Gate Cam 18","12.78556","75.554896","48211000000048015","Active","2023-03-30","48211000000074007"
"48211000000130235","48211000000013007","2026-07-22 14:32:45:448","2026-07-22 14:32:45:448","Mangaluru Hospital Cam 19","12.768369","75.550783","48211000000048015","Active","2019-01-08","48211000000074007"
"48211000000130236","48211000000013007","2026-07-22 14:32:45:450","2026-07-22 14:32:45:450","Mangaluru Residential Cam 20","12.768104","75.567669","48211000000048015","Active","2025-05-13","48211000000074007"
"48211000000130237","48211000000013007","2026-07-22 14:32:45:451","2026-07-22 14:32:45:451","Mulki Police HQ Gate Cam 1","12.805381","74.905943","48211000000048015","Active","2024-07-25","48211000000074009"
"48211000000130238","48211000000013007","2026-07-22 14:32:45:452","2026-07-22 14:32:45:452","Mulki Court Complex Cam 2","12.780787","74.901784","48211000000048015","Active","2022-08-01","48211000000074009"
"48211000000130239","48211000000013007","2026-07-22 14:32:45:454","2026-07-22 14:32:45:454","Mulki School Zone Cam 3","12.781458","74.904793","48211000000048015","Active","2026-03-02","48211000000074009"
"48211000000130240","48211000000013007","2026-07-22 14:32:45:455","2026-07-22 14:32:45:455","Mulki Market Cam 4","12.798051","74.893237","48211000000048015","Active","2021-10-19","48211000000074009"
"48211000000130241","48211000000013007","2026-07-22 14:32:45:456","2026-07-22 14:32:45:456","Mulki Mosque Cam 5","12.796556","74.89243","48211000000048015","Active","2019-01-06","48211000000074009"
"48211000000130242","48211000000013007","2026-07-22 14:32:45:458","2026-07-22 14:32:45:458","Mulki Residential Cam 6","12.784363","74.90085","48211000000048015","Active","2023-08-23","48211000000074009"
"48211000000130243","48211000000013007","2026-07-22 14:32:45:459","2026-07-22 14:32:45:459","Mulki Railway Junction Cam 7","12.79162","74.893641","48211000000048015","Active","2024-05-17","48211000000074009"
"48211000000130244","48211000000013007","2026-07-22 14:32:45:460","2026-07-22 14:32:45:460","Mulki Mosque Cam 8","12.775586","74.885811","48211000000048015","Active","2020-10-28","48211000000074009"
"48211000000130245","48211000000013007","2026-07-22 14:32:45:462","2026-07-22 14:32:45:462","Mulki Market Cam 9","12.77427","74.90505","48211000000048015","Active","2022-07-29","48211000000074009"
"48211000000130246","48211000000013007","2026-07-22 14:32:45:463","2026-07-22 14:32:45:463","Mulki Bus Stand Cam 10","12.78755","74.906651","48211000000048015","Active","2023-03-18","48211000000074009"
"48211000000130247","48211000000013007","2026-07-22 14:32:45:465","2026-07-22 14:32:45:465","Moodbidri School Zone Cam 1","13.115883","75.248478","48211000000048015","Active","2025-11-18","48211000000074010"
"48211000000130248","48211000000013007","2026-07-22 14:32:45:466","2026-07-22 14:32:45:466","Moodbidri Residential Cam 2","13.103941","75.232507","48211000000048015","Active","2020-11-06","48211000000074010"
"48211000000130249","48211000000013007","2026-07-22 14:32:45:467","2026-07-22 14:32:45:467","Moodbidri Market Cam 3","13.128738","75.22547","48211000000048015","Active","2021-04-21","48211000000074010"
"48211000000130250","48211000000013007","2026-07-22 14:32:45:469","2026-07-22 14:32:45:469","Moodbidri Railway Junction Cam 4","13.135085","75.21936","48211000000048015","Active","2025-01-21","48211000000074010"
"48211000000130251","48211000000013007","2026-07-22 14:32:45:470","2026-07-22 14:32:45:470","Bantwala Residential Cam 1","12.612544","75.225979","48211000000048015","Active","2024-07-03","48211000000074011"
"48211000000130252","48211000000013007","2026-07-22 14:32:45:471","2026-07-22 14:32:45:471","Bantwala Residential Cam 2","12.611401","75.218051","48211000000048015","Active","2026-01-04","48211000000074011"
"48211000000130253","48211000000013007","2026-07-22 14:32:45:473","2026-07-22 14:32:45:473","Bantwala Market Cam 3","12.621596","75.224632","48211000000048015","Active","2026-02-27","48211000000074011"
"48211000000130254","48211000000013007","2026-07-22 14:32:45:474","2026-07-22 14:32:45:474","Bantwala Church Cam 4","12.611984","75.226187","48211000000048015","Active","2023-06-17","48211000000074011"
"48211000000130255","48211000000013007","2026-07-22 14:32:45:475","2026-07-22 14:32:45:475","Bantwala Temple Cam 5","12.60224","75.228908","48211000000048015","Active","2025-02-06","48211000000074011"
"48211000000130256","48211000000013007","2026-07-22 14:32:45:477","2026-07-22 14:32:45:477","Bantwala Residential Cam 6","12.615072","75.214161","48211000000048015","Active","2023-12-31","48211000000074011"
"48211000000130257","48211000000013007","2026-07-22 14:32:45:478","2026-07-22 14:32:45:478","Putturu Market Cam 1","12.489533","75.476238","48211000000048015","Active","2020-02-01","48211000000074013"
"48211000000130258","48211000000013007","2026-07-22 14:32:45:479","2026-07-22 14:32:45:479","Putturu Railway Junction Cam 2","12.486077","75.475746","48211000000048015","Active","2025-08-12","48211000000074013"
"48211000000130259","48211000000013007","2026-07-22 14:32:45:480","2026-07-22 14:32:45:480","Putturu Residential Cam 3","12.486388","75.481713","48211000000048015","Active","2023-09-11","48211000000074013"
"48211000000130260","48211000000013007","2026-07-22 14:32:45:482","2026-07-22 14:32:45:482","Putturu Stadium Cam 4","12.464402","75.468265","48211000000048015","Active","2021-08-23","48211000000074013"
"48211000000130261","48211000000013007","2026-07-22 14:32:45:483","2026-07-22 14:32:45:483","Putturu Stadium Cam 5","12.489578","75.486507","48211000000048015","Active","2019-05-23","48211000000074013"
"48211000000130262","48211000000013007","2026-07-22 14:32:45:484","2026-07-22 14:32:45:484","Putturu Mosque Cam 6","12.477851","75.486235","48211000000048015","Active","2025-12-15","48211000000074013"
"48211000000130263","48211000000013007","2026-07-22 14:32:45:486","2026-07-22 14:32:45:486","Sulya Hospital Cam 1","13.037549","75.50264","48211000000048015","Active","2021-02-28","48211000000074014"
"48211000000130264","48211000000013007","2026-07-22 14:32:45:487","2026-07-22 14:32:45:487","Sulya Government Office Cam 2","13.042047","75.4902","48211000000048015","Active","2026-01-13","48211000000074014"
"48211000000130265","48211000000013007","2026-07-22 14:32:45:488","2026-07-22 14:32:45:488","Sulya Bus Stand Cam 3","13.038858","75.489959","48211000000048015","Active","2019-10-02","48211000000074014"
"48211000000130266","48211000000013007","2026-07-22 14:32:45:490","2026-07-22 14:32:45:490","Sulya Railway Junction Cam 4","13.040051","75.490899","48211000000048015","Active","2022-02-05","48211000000074014"
"48211000000130267","48211000000013007","2026-07-22 14:32:45:491","2026-07-22 14:32:45:491","Sulya Market Cam 5","13.03491","75.503209","48211000000048015","Active","2025-12-27","48211000000074014"
"48211000000130268","48211000000013007","2026-07-22 14:32:45:492","2026-07-22 14:32:45:492","Sulya School Zone Cam 6","13.027758","75.495472","48211000000048015","Active","2020-08-30","48211000000074014"
"48211000000130269","48211000000013007","2026-07-22 14:32:45:494","2026-07-22 14:32:45:494","Sulya School Zone Cam 7","13.034396","75.481415","48211000000048015","Active","2025-04-23","48211000000074014"
"48211000000130270","48211000000013007","2026-07-22 14:32:45:496","2026-07-22 14:32:45:496","Sulya Church Cam 8","13.023614","75.496799","48211000000048015","Active","2022-11-09","48211000000074014"
"48211000000130271","48211000000013007","2026-07-22 14:32:45:497","2026-07-22 14:32:45:497","Sulya Government Office Cam 9","13.060425","75.490985","48211000000048015","Active","2025-10-30","48211000000074014"
"48211000000130272","48211000000013007","2026-07-22 14:32:45:499","2026-07-22 14:32:45:499","Sulya Residential Cam 10","13.050137","75.497921","48211000000048015","Active","2025-10-29","48211000000074014"
"48211000000130273","48211000000013007","2026-07-22 14:32:45:500","2026-07-22 14:32:45:500","Kadaba Bus Stand Cam 1","12.859946","75.178014","48211000000048015","Active","2019-07-21","48211000000074015"
"48211000000130274","48211000000013007","2026-07-22 14:32:45:501","2026-07-22 14:32:45:501","Kadaba Stadium Cam 2","12.85249","75.192466","48211000000048015","Active","2022-10-15","48211000000074015"
"48211000000130275","48211000000013007","2026-07-22 14:32:45:503","2026-07-22 14:32:45:503","Kadaba Temple Cam 3","12.877901","75.171146","48211000000048015","Active","2020-02-07","48211000000074015"
"48211000000130276","48211000000013007","2026-07-22 14:32:45:504","2026-07-22 14:32:45:504","Kadaba Temple Cam 4","12.882198","75.180427","48211000000048015","Active","2023-12-20","48211000000074015"
"48211000000130277","48211000000013007","2026-07-22 14:32:45:506","2026-07-22 14:32:45:506","Kadaba Main Road Junction Cam 5","12.876238","75.169624","48211000000048015","Active","2026-03-29","48211000000074015"
"48211000000130278","48211000000013007","2026-07-22 14:32:45:507","2026-07-22 14:32:45:507","Kadaba Stadium Cam 6","12.861225","75.175399","48211000000048015","Active","2024-06-07","48211000000074015"
"48211000000130279","48211000000013007","2026-07-22 14:32:45:509","2026-07-22 14:32:45:509","Kadaba Church Cam 7","12.84783","75.189109","48211000000048015","Inactive","2020-10-13","48211000000074015"
"48211000000130280","48211000000013007","2026-07-22 14:32:45:510","2026-07-22 14:32:45:510","Davanagere Hospital Cam 1","14.676027","76.08154","48211000000054389","Active","2024-11-17","48211000000074016"
"48211000000130281","48211000000013007","2026-07-22 14:32:45:511","2026-07-22 14:32:45:511","Davanagere Court Complex Cam 2","14.678822","76.101247","48211000000054389","Active","2021-04-02","48211000000074016"
"48211000000130282","48211000000013007","2026-07-22 14:32:45:513","2026-07-22 14:32:45:513","Davanagere College Cam 3","14.689815","76.086795","48211000000054389","Inactive","2023-01-16","48211000000074016"
"48211000000130283","48211000000013007","2026-07-22 14:32:45:514","2026-07-22 14:32:45:514","Davanagere Church Cam 4","14.68754","76.084977","48211000000054389","Active","2023-06-14","48211000000074016"
"48211000000130284","48211000000013007","2026-07-22 14:32:45:516","2026-07-22 14:32:45:516","Davanagere Market Cam 5","14.683477","76.094335","48211000000054389","Active","2024-06-25","48211000000074016"
"48211000000130285","48211000000013007","2026-07-22 14:32:45:517","2026-07-22 14:32:45:517","Davanagere Church Cam 6","14.684896","76.091126","48211000000054389","Active","2025-03-08","48211000000074016"
"48211000000130286","48211000000013007","2026-07-22 14:32:45:519","2026-07-22 14:32:45:519","Davanagere Stadium Cam 7","14.681098","76.089782","48211000000054389","Active","2020-01-06","48211000000074016"
"48211000000130287","48211000000013007","2026-07-22 14:32:45:520","2026-07-22 14:32:45:520","Davanagere Hospital Cam 8","14.679266","76.083135","48211000000054389","Active","2021-05-27","48211000000074016"
"48211000000130288","48211000000013007","2026-07-22 14:32:45:521","2026-07-22 14:32:45:521","Davanagere Government Office Cam 9","14.665134","76.078115","48211000000054389","Active","2026-04-22","48211000000074016"
"48211000000130289","48211000000013007","2026-07-22 14:32:45:523","2026-07-22 14:32:45:523","Davanagere Mosque Cam 10","14.677077","76.09356","48211000000054389","Active","2019-02-06","48211000000074016"
"48211000000130290","48211000000013007","2026-07-22 14:32:45:524","2026-07-22 14:32:45:524","Davanagere Hospital Cam 11","14.681923","76.092106","48211000000054389","Active","2019-02-04","48211000000074016"
"48211000000130291","48211000000013007","2026-07-22 14:32:45:525","2026-07-22 14:32:45:525","Davanagere Temple Cam 12","14.673959","76.083835","48211000000054389","Active","2026-03-17","48211000000074016"
"48211000000130292","48211000000013007","2026-07-22 14:32:45:527","2026-07-22 14:32:45:527","Davanagere Church Cam 13","14.673516","76.090406","48211000000054389","Active","2021-10-29","48211000000074016"
"48211000000130293","48211000000013007","2026-07-22 14:32:45:528","2026-07-22 14:32:45:528","Harihara Residential Cam 1","14.096157","75.466315","48211000000054389","Active","2019-01-31","48211000000074017"
"48211000000130294","48211000000013007","2026-07-22 14:32:45:530","2026-07-22 14:32:45:530","Harihara Church Cam 2","14.099959","75.453021","48211000000054389","Active","2025-04-18","48211000000074017"
"48211000000130295","48211000000013007","2026-07-22 14:32:45:531","2026-07-22 14:32:45:531","Harihara Temple Cam 3","14.10055","75.447596","48211000000054389","Active","2024-05-27","48211000000074017"
"48211000000130296","48211000000013007","2026-07-22 14:32:45:532","2026-07-22 14:32:45:532","Harihara Government Office Cam 4","14.109671","75.460715","48211000000054389","Active","2022-02-08","48211000000074017"
"48211000000130297","48211000000013007","2026-07-22 14:32:45:534","2026-07-22 14:32:45:534","Channagiri Court Complex Cam 1","13.862296","76.00762","48211000000054389","Active","2021-09-11","48211000000074018"
"48211000000130298","48211000000013007","2026-07-22 14:32:45:535","2026-07-22 14:32:45:535","Channagiri Mosque Cam 2","13.860715","76.027563","48211000000054389","Active","2023-07-14","48211000000074018"
"48211000000130299","48211000000013007","2026-07-22 14:32:45:537","2026-07-22 14:32:45:537","Channagiri Main Road Junction Cam 3","13.866271","76.013981","48211000000054389","Inactive","2024-07-30","48211000000074018"
"48211000000130300","48211000000013007","2026-07-22 14:32:45:538","2026-07-22 14:32:45:538","Channagiri Residential Cam 4","13.902188","76.01907","48211000000054389","Active","2019-05-25","48211000000074018"
"48211000000130301","48211000000013007","2026-07-22 14:32:45:540","2026-07-22 14:32:45:540","Channagiri Church Cam 5","13.879329","76.033958","48211000000054389","Active","2021-06-29","48211000000074018"
"48211000000130302","48211000000013007","2026-07-22 14:32:45:541","2026-07-22 14:32:45:541","Channagiri College Cam 6","13.867956","76.010161","48211000000054389","Active","2023-01-08","48211000000074018"
"48211000000130303","48211000000013007","2026-07-22 14:32:45:542","2026-07-22 14:32:45:542","Channagiri Church Cam 7","13.870328","76.027081","48211000000054389","Active","2025-04-05","48211000000074018"
"48211000000130304","48211000000013007","2026-07-22 14:32:45:544","2026-07-22 14:32:45:544","Honnali Main Road Junction Cam 1","14.280346","75.875133","48211000000054389","Active","2021-01-19","48211000000074019"
"48211000000130305","48211000000013007","2026-07-22 14:32:45:545","2026-07-22 14:32:45:545","Honnali Government Office Cam 2","14.278352","75.893529","48211000000054389","Active","2022-12-26","48211000000074019"
"48211000000130306","48211000000013007","2026-07-22 14:32:45:547","2026-07-22 14:32:45:547","Nyamathi Bus Stand Cam 1","14.537455","76.49782","48211000000054389","Active","2022-04-19","48211000000074020"
"48211000000130307","48211000000013007","2026-07-22 14:32:45:548","2026-07-22 14:32:45:548","Nyamathi Market Cam 2","14.550679","76.498375","48211000000054389","Active","2025-07-18","48211000000074020"
"48211000000130308","48211000000013007","2026-07-22 14:32:45:549","2026-07-22 14:32:45:549","Nyamathi College Cam 3","14.534649","76.480602","48211000000054389","Active","2024-08-11","48211000000074020"
"48211000000130309","48211000000013007","2026-07-22 14:32:45:551","2026-07-22 14:32:45:551","Nyamathi Railway Junction Cam 4","14.541189","76.489231","48211000000054389","Active","2019-08-10","48211000000074020"
"48211000000130310","48211000000013007","2026-07-22 14:32:45:552","2026-07-22 14:32:45:552","Jagaluru Residential Cam 1","14.864661","75.819624","48211000000054389","Active","2024-02-18","48211000000074021"
"48211000000130311","48211000000013007","2026-07-22 14:32:45:554","2026-07-22 14:32:45:554","Jagaluru Hospital Cam 2","14.859263","75.820806","48211000000054389","Active","2024-06-20","48211000000074021"
"48211000000130312","48211000000013007","2026-07-22 14:32:45:555","2026-07-22 14:32:45:555","Jagaluru Bus Stand Cam 3","14.861089","75.826364","48211000000054389","Active","2019-01-20","48211000000074021"
"48211000000130313","48211000000013007","2026-07-22 14:32:45:557","2026-07-22 14:32:45:557","Kalghatgi Mosque Cam 1","15.629594","75.147025","48211000000048017","Active","2019-12-27","48211000000074022"
"48211000000130314","48211000000013007","2026-07-22 14:32:45:558","2026-07-22 14:32:45:558","Kalghatgi Residential Cam 2","15.615823","75.135545","48211000000048017","Active","2024-05-09","48211000000074022"
"48211000000130315","48211000000013007","2026-07-22 14:32:45:559","2026-07-22 14:32:45:559","Kalghatgi Court Complex Cam 3","15.616671","75.147026","48211000000048017","Active","2019-02-27","48211000000074022"
"48211000000130316","48211000000013007","2026-07-22 14:32:45:561","2026-07-22 14:32:45:561","Kalghatgi Railway Junction Cam 4","15.594572","75.13921","48211000000048017","Active","2019-01-17","48211000000074022"
"48211000000130317","48211000000013007","2026-07-22 14:32:45:562","2026-07-22 14:32:45:562","Kalghatgi Main Road Junction Cam 5","15.628758","75.138421","48211000000048017","Active","2022-07-02","48211000000074022"
"48211000000130318","48211000000013007","2026-07-22 14:32:45:564","2026-07-22 14:32:45:564","Dharwad School Zone Cam 1","15.114798","75.412201","48211000000048017","Active","2022-05-06","48211000000074023"
"48211000000130319","48211000000013007","2026-07-22 14:32:45:565","2026-07-22 14:32:45:565","Dharwad Railway Junction Cam 2","15.109999","75.394972","48211000000048017","Active","2022-10-15","48211000000074023"
"48211000000130320","48211000000013007","2026-07-22 14:32:45:566","2026-07-22 14:32:45:566","Dharwad Hospital Cam 3","15.095152","75.412342","48211000000048017","Active","2024-06-30","48211000000074023"
"48211000000130321","48211000000013007","2026-07-22 14:32:45:568","2026-07-22 14:32:45:568","Dharwad Stadium Cam 4","15.111652","75.419418","48211000000048017","Active","2023-07-11","48211000000074023"
"48211000000130322","48211000000013007","2026-07-22 14:32:45:569","2026-07-22 14:32:45:569","Dharwad Hospital Cam 5","15.104584","75.416327","48211000000048017","Active","2019-03-31","48211000000074023"
"48211000000130323","48211000000013007","2026-07-22 14:32:45:571","2026-07-22 14:32:45:571","Dharwad Bus Stand Cam 6","15.115757","75.42296","48211000000048017","Active","2019-06-03","48211000000074023"
"48211000000130324","48211000000013007","2026-07-22 14:32:45:572","2026-07-22 14:32:45:572","Dharwad Mosque Cam 7","15.097637","75.41069","48211000000048017","Active","2019-07-19","48211000000074023"
"48211000000130325","48211000000013007","2026-07-22 14:32:45:573","2026-07-22 14:32:45:573","Hubballi Rural Market Cam 1","15.112455","74.854785","48211000000048017","Inactive","2020-04-19","48211000000074024"
"48211000000130326","48211000000013007","2026-07-22 14:32:45:575","2026-07-22 14:32:45:575","Hubballi Rural Railway Junction Cam 2","15.125898","74.856007","48211000000048017","Active","2020-09-19","48211000000074024"
"48211000000130327","48211000000013007","2026-07-22 14:32:45:577","2026-07-22 14:32:45:577","Hubballi Rural Market Cam 3","15.118214","74.859762","48211000000048017","Active","2020-02-18","48211000000074024"
"48211000000130328","48211000000013007","2026-07-22 14:32:45:579","2026-07-22 14:32:45:579","Hubballi Rural Police HQ Gate Cam 4","15.131937","74.859725","48211000000048017","Active","2023-09-12","48211000000074024"
"48211000000130329","48211000000013007","2026-07-22 14:32:45:581","2026-07-22 14:32:45:581","Hubballi Rural Main Road Junction Cam 5","15.129529","74.872148","48211000000048017","Active","2022-03-03","48211000000074024"
"48211000000130330","48211000000013007","2026-07-22 14:32:45:582","2026-07-22 14:32:45:582","Hubballi Rural Court Complex Cam 6","15.122424","74.862622","48211000000048017","Active","2021-12-13","48211000000074024"
"48211000000130331","48211000000013007","2026-07-22 14:32:45:584","2026-07-22 14:32:45:584","Hubballi Rural Bus Stand Cam 7","15.119012","74.874886","48211000000048017","Active","2022-04-24","48211000000074024"
"48211000000130332","48211000000013007","2026-07-22 14:32:45:586","2026-07-22 14:32:45:586","Hubballi Rural Stadium Cam 8","15.120504","74.858546","48211000000048017","Active","2024-05-22","48211000000074024"
"48211000000130333","48211000000013007","2026-07-22 14:32:45:588","2026-07-22 14:32:45:588","Hubballi Rural Government Office Cam 9","15.121371","74.86667","48211000000048017","Active","2020-03-28","48211000000074024"
"48211000000130334","48211000000013007","2026-07-22 14:32:45:589","2026-07-22 14:32:45:589","Hubballi Rural Hospital Cam 10","15.10945","74.854283","48211000000048017","Active","2024-09-26","48211000000074024"
"48211000000130335","48211000000013007","2026-07-22 14:32:45:591","2026-07-22 14:32:45:591","Hubballi Rural Stadium Cam 11","15.120079","74.860909","48211000000048017","Active","2021-08-04","48211000000074024"
"48211000000130336","48211000000013007","2026-07-22 14:32:45:592","2026-07-22 14:32:45:592","Hubballi Rural Temple Cam 12","15.120226","74.868712","48211000000048017","Active","2020-02-13","48211000000074024"
"48211000000130337","48211000000013007","2026-07-22 14:32:45:594","2026-07-22 14:32:45:594","Hubballi Urban Bus Stand Cam 1","15.470289","74.746953","48211000000048017","Active","2022-07-04","48211000000074025"
"48211000000130338","48211000000013007","2026-07-22 14:32:45:595","2026-07-22 14:32:45:595","Hubballi Urban Church Cam 2","15.48092","74.744644","48211000000048017","Active","2019-07-07","48211000000074025"
"48211000000130339","48211000000013007","2026-07-22 14:32:45:597","2026-07-22 14:32:45:597","Hubballi Urban Government Office Cam 3","15.477935","74.741148","48211000000048017","Active","2023-01-04","48211000000074025"
"48211000000130340","48211000000013007","2026-07-22 14:32:45:598","2026-07-22 14:32:45:598","Hubballi Urban Temple Cam 4","15.475162","74.750715","48211000000048017","Active","2020-01-16","48211000000074025"
"48211000000130341","48211000000013007","2026-07-22 14:32:45:600","2026-07-22 14:32:45:600","Hubballi Urban School Zone Cam 5","15.481219","74.738778","48211000000048017","Active","2024-02-13","48211000000074025"
"48211000000130342","48211000000013007","2026-07-22 14:32:45:601","2026-07-22 14:32:45:601","Hubballi Urban Church Cam 6","15.479789","74.738781","48211000000048017","Active","2023-09-24","48211000000074025"
"48211000000130343","48211000000013007","2026-07-22 14:32:45:602","2026-07-22 14:32:45:602","Hubballi Urban School Zone Cam 7","15.471143","74.743192","48211000000048017","Active","2019-08-29","48211000000074025"
"48211000000130344","48211000000013007","2026-07-22 14:32:45:604","2026-07-22 14:32:45:604","Hubballi Urban School Zone Cam 8","15.469054","74.747229","48211000000048017","Active","2025-08-16","48211000000074025"
"48211000000130345","48211000000013007","2026-07-22 14:32:45:605","2026-07-22 14:32:45:605","Hubballi Urban College Cam 9","15.475665","74.736163","48211000000048017","Active","2023-04-05","48211000000074025"
"48211000000130346","48211000000013007","2026-07-22 14:32:45:606","2026-07-22 14:32:45:606","Hubballi Urban Church Cam 10","15.472431","74.734391","48211000000048017","Active","2020-06-19","48211000000074025"
"48211000000130347","48211000000013007","2026-07-22 14:32:45:608","2026-07-22 14:32:45:608","Hubballi Urban Stadium Cam 11","15.478245","74.735674","48211000000048017","Active","2019-07-08","48211000000074025"
"48211000000130348","48211000000013007","2026-07-22 14:32:45:609","2026-07-22 14:32:45:609","Hubballi Urban Market Cam 12","15.477289","74.740678","48211000000048017","Active","2024-11-19","48211000000074025"
"48211000000130349","48211000000013007","2026-07-22 14:32:45:610","2026-07-22 14:32:45:610","Hubballi Urban Police HQ Gate Cam 13","15.474012","74.733447","48211000000048017","Active","2022-10-17","48211000000074025"
"48211000000130350","48211000000013007","2026-07-22 14:32:45:612","2026-07-22 14:32:45:612","Hubballi Urban Police HQ Gate Cam 14","15.472661","74.738874","48211000000048017","Active","2021-10-15","48211000000074025"
"48211000000130351","48211000000013007","2026-07-22 14:32:45:613","2026-07-22 14:32:45:613","Hubballi Urban Government Office Cam 15","15.473392","74.738288","48211000000048017","Active","2025-04-05","48211000000074025"
"48211000000130352","48211000000013007","2026-07-22 14:32:45:615","2026-07-22 14:32:45:615","Hubballi Urban Market Cam 16","15.471573","74.733485","48211000000048017","Active","2020-10-04","48211000000074025"
"48211000000130353","48211000000013007","2026-07-22 14:32:45:616","2026-07-22 14:32:45:616","Hubballi Urban College Cam 17","15.478903","74.735512","48211000000048017","Active","2019-11-03","48211000000074025"
"48211000000130354","48211000000013007","2026-07-22 14:32:45:618","2026-07-22 14:32:45:618","Hubballi Urban Bus Stand Cam 18","15.485192","74.737458","48211000000048017","Active","2019-07-26","48211000000074025"
"48211000000130355","48211000000013007","2026-07-22 14:32:45:619","2026-07-22 14:32:45:619","Hubballi Urban Residential Cam 19","15.476145","74.735675","48211000000048017","Active","2021-08-20","48211000000074025"
"48211000000130356","48211000000013007","2026-07-22 14:32:45:620","2026-07-22 14:32:45:620","Hubballi Urban Police HQ Gate Cam 20","15.478148","74.740247","48211000000048017","Active","2024-08-03","48211000000074025"
"48211000000130357","48211000000013007","2026-07-22 14:32:45:622","2026-07-22 14:32:45:622","Hubballi Urban College Cam 21","15.481135","74.744761","48211000000048017","Active","2019-03-14","48211000000074025"
"48211000000130358","48211000000013007","2026-07-22 14:32:45:623","2026-07-22 14:32:45:623","Hubballi Urban Railway Junction Cam 22","15.478436","74.740096","48211000000048017","Active","2020-01-08","48211000000074025"
"48211000000130359","48211000000013007","2026-07-22 14:32:45:625","2026-07-22 14:32:45:625","Kundagolu Railway Junction Cam 1","15.564566","75.518854","48211000000048017","Active","2024-02-12","48211000000074026"
"48211000000130360","48211000000013007","2026-07-22 14:32:45:626","2026-07-22 14:32:45:626","Kundagolu Market Cam 2","15.589913","75.492842","48211000000048017","Active","2024-02-05","48211000000074026"
"48211000000130361","48211000000013007","2026-07-22 14:32:45:628","2026-07-22 14:32:45:628","Kundagolu Police HQ Gate Cam 3","15.566279","75.508209","48211000000048017","Active","2026-05-15","48211000000074026"
"48211000000130362","48211000000013007","2026-07-22 14:32:45:629","2026-07-22 14:32:45:629","Kundagolu School Zone Cam 4","15.576115","75.499242","48211000000048017","Active","2021-06-27","48211000000074026"
"48211000000130363","48211000000013007","2026-07-22 14:32:45:630","2026-07-22 14:32:45:630","Kundagolu Government Office Cam 5","15.57375","75.50733","48211000000048017","Active","2022-04-10","48211000000074026"
"48211000000130364","48211000000013007","2026-07-22 14:32:45:632","2026-07-22 14:32:45:632","Kundagolu School Zone Cam 6","15.582494","75.49837","48211000000048017","Inactive","2020-11-03","48211000000074026"
"48211000000130365","48211000000013007","2026-07-22 14:32:45:633","2026-07-22 14:32:45:633","Kundagolu Main Road Junction Cam 7","15.563731","75.512384","48211000000048017","Active","2020-03-14","48211000000074026"
"48211000000130366","48211000000013007","2026-07-22 14:32:45:635","2026-07-22 14:32:45:635","Kundagolu School Zone Cam 8","15.579111","75.509343","48211000000048017","Active","2023-05-29","48211000000074026"
"48211000000130367","48211000000013007","2026-07-22 14:32:45:636","2026-07-22 14:32:45:636","Navalgunda School Zone Cam 1","15.290491","75.138335","48211000000048017","Active","2019-07-10","48211000000074027"
"48211000000130368","48211000000013007","2026-07-22 14:32:45:637","2026-07-22 14:32:45:637","Navalgunda Police HQ Gate Cam 2","15.289912","75.153417","48211000000048017","Active","2024-01-20","48211000000074027"
"48211000000130369","48211000000013007","2026-07-22 14:32:45:639","2026-07-22 14:32:45:639","Navalgunda Railway Junction Cam 3","15.302226","75.133073","48211000000048017","Active","2024-08-05","48211000000074027"
"48211000000130370","48211000000013007","2026-07-22 14:32:45:640","2026-07-22 14:32:45:640","Navalgunda Railway Junction Cam 4","15.307612","75.142106","48211000000048017","Active","2025-07-24","48211000000074027"
"48211000000130371","48211000000013007","2026-07-22 14:32:45:642","2026-07-22 14:32:45:642","Navalgunda Stadium Cam 5","15.30714","75.130854","48211000000048017","Active","2025-06-27","48211000000074027"
"48211000000130372","48211000000013007","2026-07-22 14:32:45:643","2026-07-22 14:32:45:643","Navalgunda School Zone Cam 6","15.304122","75.143731","48211000000048017","Active","2025-09-25","48211000000074027"
"48211000000130373","48211000000013007","2026-07-22 14:32:45:645","2026-07-22 14:32:45:645","Navalgunda Stadium Cam 7","15.319994","75.13594","48211000000048017","Active","2025-10-30","48211000000074027"
"48211000000130374","48211000000013007","2026-07-22 14:32:45:646","2026-07-22 14:32:45:646","Navalgunda Temple Cam 8","15.287143","75.143776","48211000000048017","Active","2022-11-05","48211000000074027"
"48211000000130375","48211000000013007","2026-07-22 14:32:45:647","2026-07-22 14:32:45:647","Navalgunda Hospital Cam 9","15.314091","75.120441","48211000000048017","Active","2025-10-03","48211000000074027"
"48211000000130376","48211000000013007","2026-07-22 14:32:45:649","2026-07-22 14:32:45:649","Navalgunda Temple Cam 10","15.291944","75.141954","48211000000048017","Active","2025-02-21","48211000000074027"
"48211000000130377","48211000000013007","2026-07-22 14:32:45:650","2026-07-22 14:32:45:650","Alnavara Court Complex Cam 1","15.364621","75.371438","48211000000048017","Active","2025-12-31","48211000000074028"
"48211000000130378","48211000000013007","2026-07-22 14:32:45:652","2026-07-22 14:32:45:652","Alnavara Stadium Cam 2","15.355272","75.381211","48211000000048017","Active","2026-04-16","48211000000074028"
"48211000000130379","48211000000013007","2026-07-22 14:32:45:653","2026-07-22 14:32:45:653","Alnavara Railway Junction Cam 3","15.389845","75.397663","48211000000048017","Active","2022-08-13","48211000000074028"
"48211000000130380","48211000000013007","2026-07-22 14:32:45:654","2026-07-22 14:32:45:654","Alnavara Railway Junction Cam 4","15.35414","75.388805","48211000000048017","Active","2025-05-26","48211000000074028"
"48211000000130381","48211000000013007","2026-07-22 14:32:45:656","2026-07-22 14:32:45:656","Alnavara Government Office Cam 5","15.349534","75.382223","48211000000048017","Active","2024-12-26","48211000000074028"
"48211000000130382","48211000000013007","2026-07-22 14:32:45:657","2026-07-22 14:32:45:657","Alnavara Mosque Cam 6","15.364829","75.391516","48211000000048017","Inactive","2020-03-12","48211000000074028"
"48211000000130383","48211000000013007","2026-07-22 14:32:45:658","2026-07-22 14:32:45:658","Alnavara Government Office Cam 7","15.370553","75.388043","48211000000048017","Inactive","2021-12-29","48211000000074028"
"48211000000130384","48211000000013007","2026-07-22 14:32:45:660","2026-07-22 14:32:45:660","Alnavara Temple Cam 8","15.384421","75.396985","48211000000048017","Active","2020-08-22","48211000000074028"
"48211000000130385","48211000000013007","2026-07-22 14:32:45:661","2026-07-22 14:32:45:661","Alnavara Temple Cam 9","15.352499","75.380533","48211000000048017","Active","2025-01-25","48211000000074028"
"48211000000130386","48211000000013007","2026-07-22 14:32:45:662","2026-07-22 14:32:45:662","Gadag Main Road Junction Cam 1","15.799323","75.721813","48211000000054390","Active","2021-07-07","48211000000074030"
"48211000000130387","48211000000013007","2026-07-22 14:32:45:664","2026-07-22 14:32:45:664","Gadag Court Complex Cam 2","15.796027","75.709051","48211000000054390","Active","2022-03-24","48211000000074030"
"48211000000130388","48211000000013007","2026-07-22 14:32:45:665","2026-07-22 14:32:45:665","Gadag Residential Cam 3","15.803817","75.73182","48211000000054390","Active","2022-07-04","48211000000074030"
"48211000000130389","48211000000013007","2026-07-22 14:32:45:667","2026-07-22 14:32:45:667","Gadag Main Road Junction Cam 4","15.805743","75.736003","48211000000054390","Active","2025-12-16","48211000000074030"
"48211000000130390","48211000000013007","2026-07-22 14:32:45:668","2026-07-22 14:32:45:668","Gadag College Cam 5","15.789718","75.730012","48211000000054390","Active","2026-02-08","48211000000074030"
"48211000000130391","48211000000013007","2026-07-22 14:32:45:669","2026-07-22 14:32:45:669","Gadag Mosque Cam 6","15.791405","75.713525","48211000000054390","Active","2025-10-07","48211000000074030"
"48211000000130392","48211000000013007","2026-07-22 14:32:45:671","2026-07-22 14:32:45:671","Gadag Court Complex Cam 7","15.797402","75.720127","48211000000054390","Active","2020-12-27","48211000000074030"
"48211000000130393","48211000000013007","2026-07-22 14:32:45:672","2026-07-22 14:32:45:672","Gadag Hospital Cam 8","15.807741","75.735439","48211000000054390","Active","2020-05-03","48211000000074030"
"48211000000130394","48211000000013007","2026-07-22 14:32:45:674","2026-07-22 14:32:45:674","Gadag Railway Junction Cam 9","15.803205","75.714921","48211000000054390","Active","2020-10-21","48211000000074030"
"48211000000130395","48211000000013007","2026-07-22 14:32:45:675","2026-07-22 14:32:45:675","Naragunda Stadium Cam 1","14.990511","75.555646","48211000000054390","Active","2020-09-21","48211000000074031"
"48211000000130396","48211000000013007","2026-07-22 14:32:45:676","2026-07-22 14:32:45:676","Naragunda Mosque Cam 2","14.978525","75.538012","48211000000054390","Active","2025-11-26","48211000000074031"
"48211000000130397","48211000000013007","2026-07-22 14:32:45:678","2026-07-22 14:32:45:678","Mundaragi Bus Stand Cam 1","15.712865","75.291869","48211000000054390","Active","2022-07-25","48211000000074032"
"48211000000130398","48211000000013007","2026-07-22 14:32:45:679","2026-07-22 14:32:45:679","Mundaragi Railway Junction Cam 2","15.714577","75.314017","48211000000054390","Active","2024-08-31","48211000000074032"
"48211000000130399","48211000000013007","2026-07-22 14:32:45:680","2026-07-22 14:32:45:680","Gajendragada Court Complex Cam 1","15.407839","75.514003","48211000000054390","Active","2022-09-18","48211000000074034"
"48211000000130400","48211000000013007","2026-07-22 14:32:45:682","2026-07-22 14:32:45:682","Gajendragada Mosque Cam 2","15.413769","75.515277","48211000000054390","Active","2024-04-29","48211000000074034"
"48211000000130401","48211000000013007","2026-07-22 14:32:45:683","2026-07-22 14:32:45:683","Gajendragada Government Office Cam 3","15.385719","75.524016","48211000000054390","Inactive","2022-11-18","48211000000074034"
"48211000000130402","48211000000013007","2026-07-22 14:32:45:684","2026-07-22 14:32:45:684","Lakshmeshwara Market Cam 1","15.745496","76.031307","48211000000054390","Active","2022-08-07","48211000000074035"
"48211000000130403","48211000000013007","2026-07-22 14:32:45:686","2026-07-22 14:32:45:686","Lakshmeshwara School Zone Cam 2","15.716592","76.033028","48211000000054390","Active","2025-01-21","48211000000074035"
"48211000000130404","48211000000013007","2026-07-22 14:32:45:687","2026-07-22 14:32:45:687","Lakshmeshwara Railway Junction Cam 3","15.727343","76.04721","48211000000054390","Active","2023-03-16","48211000000074035"
"48211000000130405","48211000000013007","2026-07-22 14:32:45:689","2026-07-22 14:32:45:689","Lakshmeshwara College Cam 4","15.724187","76.018458","48211000000054390","Inactive","2026-04-22","48211000000074035"
"48211000000130406","48211000000013007","2026-07-22 14:32:45:690","2026-07-22 14:32:45:690","Hassan Mosque Cam 1","13.006079","76.049562","48211000000054391","Active","2019-01-31","48211000000074037"
"48211000000130407","48211000000013007","2026-07-22 14:32:45:691","2026-07-22 14:32:45:691","Hassan Government Office Cam 2","13.015181","76.050978","48211000000054391","Active","2023-10-04","48211000000074037"
"48211000000130408","48211000000013007","2026-07-22 14:32:45:693","2026-07-22 14:32:45:693","Hassan Church Cam 3","13.018348","76.052264","48211000000054391","Active","2023-11-18","48211000000074037"
"48211000000130409","48211000000013007","2026-07-22 14:32:45:694","2026-07-22 14:32:45:694","Hassan Main Road Junction Cam 4","13.001447","76.058432","48211000000054391","Active","2019-04-08","48211000000074037"
"48211000000130410","48211000000013007","2026-07-22 14:32:45:696","2026-07-22 14:32:45:696","Hassan School Zone Cam 5","13.011808","76.044679","48211000000054391","Active","2020-12-30","48211000000074037"
"48211000000130411","48211000000013007","2026-07-22 14:32:45:697","2026-07-22 14:32:45:697","Hassan Police HQ Gate Cam 6","13.000725","76.036085","48211000000054391","Active","2021-11-25","48211000000074037"
"48211000000130412","48211000000013007","2026-07-22 14:32:45:699","2026-07-22 14:32:45:699","Hassan Residential Cam 7","13.00732","76.041966","48211000000054391","Active","2019-03-11","48211000000074037"
"48211000000130413","48211000000013007","2026-07-22 14:32:45:700","2026-07-22 14:32:45:700","Hassan Market Cam 8","13.009596","76.053205","48211000000054391","Active","2025-12-07","48211000000074037"
"48211000000130414","48211000000013007","2026-07-22 14:32:45:702","2026-07-22 14:32:45:702","Hassan Market Cam 9","13.004296","76.048406","48211000000054391","Active","2019-10-25","48211000000074037"
"48211000000130415","48211000000013007","2026-07-22 14:32:45:703","2026-07-22 14:32:45:703","Hassan Temple Cam 10","13.005218","76.04248","48211000000054391","Active","2022-05-19","48211000000074037"
"48211000000130416","48211000000013007","2026-07-22 14:32:45:704","2026-07-22 14:32:45:704","Hassan Stadium Cam 11","13.014965","76.046447","48211000000054391","Active","2023-06-07","48211000000074037"
"48211000000130417","48211000000013007","2026-07-22 14:32:45:706","2026-07-22 14:32:45:706","Hassan Hospital Cam 12","13.007887","76.06186","48211000000054391","Active","2020-07-12","48211000000074037"
"48211000000130418","48211000000013007","2026-07-22 14:32:45:707","2026-07-22 14:32:45:707","Hassan Church Cam 13","12.993731","76.052033","48211000000054391","Active","2026-02-10","48211000000074037"
"48211000000130419","48211000000013007","2026-07-22 14:32:45:708","2026-07-22 14:32:45:708","Hassan Stadium Cam 14","13.003225","76.047375","48211000000054391","Active","2026-04-07","48211000000074037"
"48211000000130420","48211000000013007","2026-07-22 14:32:45:710","2026-07-22 14:32:45:710","Hassan Railway Junction Cam 15","13.003432","76.054332","48211000000054391","Active","2020-08-02","48211000000074037"
"48211000000130421","48211000000013007","2026-07-22 14:32:45:711","2026-07-22 14:32:45:711","Hassan Police HQ Gate Cam 16","13.005385","76.050483","48211000000054391","Active","2025-02-20","48211000000074037"
"48211000000130422","48211000000013007","2026-07-22 14:32:45:713","2026-07-22 14:32:45:713","Hassan Main Road Junction Cam 17","13.01978","76.043123","48211000000054391","Active","2022-11-09","48211000000074037"
"48211000000130423","48211000000013007","2026-07-22 14:32:45:714","2026-07-22 14:32:45:714","Hassan Church Cam 18","13.003403","76.051355","48211000000054391","Active","2020-10-21","48211000000074037"
"48211000000130424","48211000000013007","2026-07-22 14:32:45:715","2026-07-22 14:32:45:715","Hassan Temple Cam 19","13.003322","76.04616","48211000000054391","Active","2021-01-12","48211000000074037"
"48211000000130425","48211000000013007","2026-07-22 14:32:45:717","2026-07-22 14:32:45:717","Hassan Market Cam 20","13.000857","76.038249","48211000000054391","Active","2025-02-26","48211000000074037"
"48211000000130426","48211000000013007","2026-07-22 14:32:45:718","2026-07-22 14:32:45:718","Arasikere Temple Cam 1","13.510579","76.361894","48211000000054391","Active","2025-07-06","48211000000074038"
"48211000000130427","48211000000013007","2026-07-22 14:32:45:719","2026-07-22 14:32:45:719","Arasikere Hospital Cam 2","13.521618","76.357205","48211000000054391","Active","2021-08-18","48211000000074038"
"48211000000130428","48211000000013007","2026-07-22 14:32:45:721","2026-07-22 14:32:45:721","Arasikere Stadium Cam 3","13.510494","76.361","48211000000054391","Active","2024-06-13","48211000000074038"
"48211000000130429","48211000000013007","2026-07-22 14:32:45:722","2026-07-22 14:32:45:722","Arasikere Temple Cam 4","13.505255","76.354922","48211000000054391","Active","2020-09-16","48211000000074038"
"48211000000130430","48211000000013007","2026-07-22 14:32:45:724","2026-07-22 14:32:45:724","Arasikere Bus Stand Cam 5","13.521613","76.354062","48211000000054391","Active","2020-11-21","48211000000074038"
"48211000000130431","48211000000013007","2026-07-22 14:32:45:725","2026-07-22 14:32:45:725","Arasikere Court Complex Cam 6","13.51214","76.362697","48211000000054391","Active","2026-03-09","48211000000074038"
"48211000000130432","48211000000013007","2026-07-22 14:32:45:726","2026-07-22 14:32:45:726","Channarayapattana Stadium Cam 1","12.955537","76.603795","48211000000054391","Active","2023-12-30","48211000000074039"
"48211000000130433","48211000000013007","2026-07-22 14:32:45:728","2026-07-22 14:32:45:728","Channarayapattana Railway Junction Cam 2","12.966139","76.601294","48211000000054391","Active","2026-03-29","48211000000074039"
"48211000000130434","48211000000013007","2026-07-22 14:32:45:729","2026-07-22 14:32:45:729","Channarayapattana Church Cam 3","12.947092","76.611771","48211000000054391","Active","2025-01-15","48211000000074039"
"48211000000130435","48211000000013007","2026-07-22 14:32:45:730","2026-07-22 14:32:45:730","Channarayapattana Government Office Cam 4","12.954144","76.603657","48211000000054391","Active","2019-11-05","48211000000074039"
"48211000000130436","48211000000013007","2026-07-22 14:32:45:732","2026-07-22 14:32:45:732","Holenarsipura Police HQ Gate Cam 1","12.69912","75.665408","48211000000054391","Active","2025-08-13","48211000000074040"
"48211000000130437","48211000000013007","2026-07-22 14:32:45:733","2026-07-22 14:32:45:733","Holenarsipura Temple Cam 2","12.713352","75.664598","48211000000054391","Active","2025-01-19","48211000000074040"
"48211000000130438","48211000000013007","2026-07-22 14:32:45:734","2026-07-22 14:32:45:734","Holenarsipura Bus Stand Cam 3","12.701758","75.661533","48211000000054391","Active","2025-08-12","48211000000074040"
"48211000000130439","48211000000013007","2026-07-22 14:32:45:736","2026-07-22 14:32:45:736","Holenarsipura College Cam 4","12.728227","75.655502","48211000000054391","Active","2020-01-06","48211000000074040"
"48211000000130440","48211000000013007","2026-07-22 14:32:45:737","2026-07-22 14:32:45:737","Holenarsipura Government Office Cam 5","12.712136","75.650655","48211000000054391","Active","2025-11-20","48211000000074040"
"48211000000130441","48211000000013007","2026-07-22 14:32:45:738","2026-07-22 14:32:45:738","Holenarsipura Hospital Cam 6","12.696865","75.66053","48211000000054391","Active","2021-01-03","48211000000074040"
"48211000000130442","48211000000013007","2026-07-22 14:32:45:740","2026-07-22 14:32:45:740","Sakleshpura Main Road Junction Cam 1","12.635231","76.32099","48211000000054391","Active","2023-01-09","48211000000074041"
"48211000000130443","48211000000013007","2026-07-22 14:32:45:741","2026-07-22 14:32:45:741","Sakleshpura Court Complex Cam 2","12.637313","76.306149","48211000000054391","Active","2023-02-22","48211000000074041"
"48211000000130444","48211000000013007","2026-07-22 14:32:45:742","2026-07-22 14:32:45:742","Sakleshpura Railway Junction Cam 3","12.633625","76.303437","48211000000054391","Active","2023-01-19","48211000000074041"
"48211000000130445","48211000000013007","2026-07-22 14:32:45:744","2026-07-22 14:32:45:744","Sakleshpura Stadium Cam 4","12.633909","76.313874","48211000000054391","Inactive","2026-04-10","48211000000074041"
"48211000000130446","48211000000013007","2026-07-22 14:32:45:745","2026-07-22 14:32:45:745","Sakleshpura Railway Junction Cam 5","12.631228","76.303938","48211000000054391","Active","2022-01-25","48211000000074041"
"48211000000130447","48211000000013007","2026-07-22 14:32:45:746","2026-07-22 14:32:45:746","Sakleshpura Railway Junction Cam 6","12.656958","76.304471","48211000000054391","Active","2023-03-23","48211000000074041"
"48211000000130448","48211000000013007","2026-07-22 14:32:45:748","2026-07-22 14:32:45:748","Aluru School Zone Cam 1","13.191294","75.772711","48211000000054391","Active","2023-03-22","48211000000074042"
"48211000000130449","48211000000013007","2026-07-22 14:32:45:749","2026-07-22 14:32:45:749","Aluru Residential Cam 2","13.220783","75.765615","48211000000054391","Active","2022-11-14","48211000000074042"
"48211000000130450","48211000000013007","2026-07-22 14:32:45:750","2026-07-22 14:32:45:750","Aluru Police HQ Gate Cam 3","13.200422","75.75061","48211000000054391","Inactive","2020-07-23","48211000000074042"
"48211000000130451","48211000000013007","2026-07-22 14:32:45:752","2026-07-22 14:32:45:752","Aluru Railway Junction Cam 4","13.209022","75.763078","48211000000054391","Active","2021-05-16","48211000000074042"
"48211000000130452","48211000000013007","2026-07-22 14:32:45:753","2026-07-22 14:32:45:753","Arakalagudu School Zone Cam 1","13.344675","76.066941","48211000000054391","Active","2023-08-26","48211000000074043"
"48211000000130453","48211000000013007","2026-07-22 14:32:45:754","2026-07-22 14:32:45:754","Arakalagudu College Cam 2","13.33471","76.065162","48211000000054391","Active","2024-05-16","48211000000074043"
"48211000000130454","48211000000013007","2026-07-22 14:32:45:756","2026-07-22 14:32:45:756","Arakalagudu Church Cam 3","13.356688","76.071232","48211000000054391","Active","2021-09-25","48211000000074043"
"48211000000130455","48211000000013007","2026-07-22 14:32:45:757","2026-07-22 14:32:45:757","Ranibennur Stadium Cam 1","14.761946","75.07476","48211000000054392","Active","2019-08-18","48211000000074045"
"48211000000130456","48211000000013007","2026-07-22 14:32:45:758","2026-07-22 14:32:45:758","Hangala Police HQ Gate Cam 1","14.999257","75.487741","48211000000054392","Active","2022-03-07","48211000000074047"
"48211000000130457","48211000000013007","2026-07-22 14:32:45:760","2026-07-22 14:32:45:760","Hangala Police HQ Gate Cam 2","15.032738","75.510473","48211000000054392","Active","2024-05-26","48211000000074047"
"48211000000130458","48211000000013007","2026-07-22 14:32:45:761","2026-07-22 14:32:45:761","Hangala Police HQ Gate Cam 3","15.00851","75.507795","48211000000054392","Active","2025-07-14","48211000000074047"
"48211000000130459","48211000000013007","2026-07-22 14:32:45:762","2026-07-22 14:32:45:762","Hangala Government Office Cam 4","15.028684","75.513811","48211000000054392","Active","2020-11-17","48211000000074047"
"48211000000130460","48211000000013007","2026-07-22 14:32:45:764","2026-07-22 14:32:45:764","Haveri Police HQ Gate Cam 1","14.443779","75.381536","48211000000054392","Active","2021-07-30","48211000000074048"
"48211000000130461","48211000000013007","2026-07-22 14:32:45:765","2026-07-22 14:32:45:765","Haveri Market Cam 2","14.453519","75.375666","48211000000054392","Active","2024-08-27","48211000000074048"
"48211000000130462","48211000000013007","2026-07-22 14:32:45:766","2026-07-22 14:32:45:766","Haveri Police HQ Gate Cam 3","14.439151","75.376695","48211000000054392","Active","2024-05-03","48211000000074048"
"48211000000130463","48211000000013007","2026-07-22 14:32:45:768","2026-07-22 14:32:45:768","Haveri Stadium Cam 4","14.44041","75.35917","48211000000054392","Active","2024-08-23","48211000000074048"
"48211000000130464","48211000000013007","2026-07-22 14:32:45:769","2026-07-22 14:32:45:769","Haveri Government Office Cam 5","14.455733","75.381895","48211000000054392","Active","2025-10-07","48211000000074048"
"48211000000130465","48211000000013007","2026-07-22 14:32:45:770","2026-07-22 14:32:45:770","Haveri Mosque Cam 6","14.449056","75.380425","48211000000054392","Active","2023-11-03","48211000000074048"
"48211000000130466","48211000000013007","2026-07-22 14:32:45:772","2026-07-22 14:32:45:772","Haveri Market Cam 7","14.455148","75.365395","48211000000054392","Active","2023-10-24","48211000000074048"
"48211000000130467","48211000000013007","2026-07-22 14:32:45:773","2026-07-22 14:32:45:773","Haveri Mosque Cam 8","14.445468","75.372635","48211000000054392","Active","2022-12-06","48211000000074048"
"48211000000130468","48211000000013007","2026-07-22 14:32:45:775","2026-07-22 14:32:45:775","Haveri Mosque Cam 9","14.439452","75.370862","48211000000054392","Active","2025-06-17","48211000000074048"
"48211000000130469","48211000000013007","2026-07-22 14:32:45:776","2026-07-22 14:32:45:776","Haveri College Cam 10","14.450172","75.372486","48211000000054392","Active","2019-12-10","48211000000074048"
"48211000000130470","48211000000013007","2026-07-22 14:32:45:777","2026-07-22 14:32:45:777","Haveri Residential Cam 11","14.445779","75.374786","48211000000054392","Active","2019-01-23","48211000000074048"
"48211000000130471","48211000000013007","2026-07-22 14:32:45:779","2026-07-22 14:32:45:779","Savanuru Court Complex Cam 1","15.107054","75.114429","48211000000054392","Active","2022-07-17","48211000000074049"
"48211000000130472","48211000000013007","2026-07-22 14:32:45:780","2026-07-22 14:32:45:780","Hirekeruru Temple Cam 1","14.733877","75.439386","48211000000054392","Active","2023-10-01","48211000000074050"
"48211000000130473","48211000000013007","2026-07-22 14:32:45:781","2026-07-22 14:32:45:781","Hirekeruru Government Office Cam 2","14.730559","75.437882","48211000000054392","Active","2021-04-14","48211000000074050"
"48211000000130474","48211000000013007","2026-07-22 14:32:45:783","2026-07-22 14:32:45:783","Shiggavi Railway Junction Cam 1","14.301633","75.55932","48211000000054392","Active","2022-06-10","48211000000074051"
"48211000000130475","48211000000013007","2026-07-22 14:32:45:784","2026-07-22 14:32:45:784","Shiggavi Residential Cam 2","14.280862","75.56904","48211000000054392","Active","2026-05-24","48211000000074051"
"48211000000130476","48211000000013007","2026-07-22 14:32:45:785","2026-07-22 14:32:45:785","Shiggavi Mosque Cam 3","14.296382","75.567358","48211000000054392","Active","2020-10-24","48211000000074051"
"48211000000130477","48211000000013007","2026-07-22 14:32:45:787","2026-07-22 14:32:45:787","Shiggavi Mosque Cam 4","14.293603","75.56468","48211000000054392","Active","2025-03-05","48211000000074051"
"48211000000130478","48211000000013007","2026-07-22 14:32:45:788","2026-07-22 14:32:45:788","Rattihalli Mosque Cam 1","14.875899","75.713605","48211000000054392","Active","2020-08-18","48211000000074052"
"48211000000130479","48211000000013007","2026-07-22 14:32:45:789","2026-07-22 14:32:45:789","Rattihalli School Zone Cam 2","14.876247","75.710681","48211000000054392","Active","2021-06-27","48211000000074052"
"48211000000130480","48211000000013007","2026-07-22 14:32:45:790","2026-07-22 14:32:45:790","Kalaburagi Residential Cam 1","17.226127","77.259686","48211000000048018","Active","2023-06-30","48211000000074053"
"48211000000130481","48211000000013007","2026-07-22 14:32:45:792","2026-07-22 14:32:45:792","Kalaburagi Main Road Junction Cam 2","17.224512","77.248032","48211000000048018","Active","2019-08-24","48211000000074053"
"48211000000130482","48211000000013007","2026-07-22 14:32:45:793","2026-07-22 14:32:45:793","Kalaburagi Government Office Cam 3","17.211955","77.265223","48211000000048018","Active","2019-02-13","48211000000074053"
"48211000000130483","48211000000013007","2026-07-22 14:32:45:795","2026-07-22 14:32:45:795","Kalaburagi Mosque Cam 4","17.223095","77.256474","48211000000048018","Active","2021-03-08","48211000000074053"
"48211000000130484","48211000000013007","2026-07-22 14:32:45:796","2026-07-22 14:32:45:796","Kalaburagi Railway Junction Cam 5","17.225503","77.257903","48211000000048018","Active","2025-11-24","48211000000074053"
"48211000000130485","48211000000013007","2026-07-22 14:32:45:798","2026-07-22 14:32:45:798","Kalaburagi Court Complex Cam 6","17.226439","77.261169","48211000000048018","Active","2020-10-06","48211000000074053"
"48211000000130486","48211000000013007","2026-07-22 14:32:45:799","2026-07-22 14:32:45:799","Kalaburagi Residential Cam 7","17.227212","77.258126","48211000000048018","Active","2023-06-07","48211000000074053"
"48211000000130487","48211000000013007","2026-07-22 14:32:45:800","2026-07-22 14:32:45:800","Kalaburagi Market Cam 8","17.232079","77.26048","48211000000048018","Active","2019-10-09","48211000000074053"
"48211000000130488","48211000000013007","2026-07-22 14:32:45:802","2026-07-22 14:32:45:802","Kalaburagi Main Road Junction Cam 9","17.221252","77.243511","48211000000048018","Active","2025-07-15","48211000000074053"
"48211000000130489","48211000000013007","2026-07-22 14:32:45:803","2026-07-22 14:32:45:803","Kalaburagi Temple Cam 10","17.224531","77.264119","48211000000048018","Active","2021-03-07","48211000000074053"
"48211000000130490","48211000000013007","2026-07-22 14:32:45:805","2026-07-22 14:32:45:805","Kalaburagi Market Cam 11","17.230007","77.252008","48211000000048018","Active","2023-07-26","48211000000074053"
"48211000000130491","48211000000013007","2026-07-22 14:32:45:806","2026-07-22 14:32:45:806","Kalaburagi Railway Junction Cam 12","17.222866","77.250347","48211000000048018","Active","2020-04-24","48211000000074053"
"48211000000130492","48211000000013007","2026-07-22 14:32:45:807","2026-07-22 14:32:45:807","Kalaburagi Stadium Cam 13","17.222324","77.271496","48211000000048018","Active","2025-06-12","48211000000074053"
"48211000000130493","48211000000013007","2026-07-22 14:32:45:809","2026-07-22 14:32:45:809","Kalaburagi Residential Cam 14","17.227249","77.25439","48211000000048018","Active","2021-09-23","48211000000074053"
"48211000000130494","48211000000013007","2026-07-22 14:32:45:810","2026-07-22 14:32:45:810","Kalaburagi College Cam 15","17.22286","77.270846","48211000000048018","Active","2025-07-31","48211000000074053"
"48211000000130495","48211000000013007","2026-07-22 14:32:45:812","2026-07-22 14:32:45:812","Kalaburagi Temple Cam 16","17.227402","77.243824","48211000000048018","Active","2026-02-08","48211000000074053"
"48211000000130496","48211000000013007","2026-07-22 14:32:45:813","2026-07-22 14:32:45:813","Kalaburagi Main Road Junction Cam 17","17.23839","77.260843","48211000000048018","Active","2022-07-17","48211000000074053"
"48211000000130497","48211000000013007","2026-07-22 14:32:45:814","2026-07-22 14:32:45:814","Afzalpura Church Cam 1","17.317909","76.092987","48211000000048018","Active","2022-03-22","48211000000074054"
"48211000000130498","48211000000013007","2026-07-22 14:32:45:816","2026-07-22 14:32:45:816","Afzalpura Church Cam 2","17.31534","76.079812","48211000000048018","Active","2025-03-21","48211000000074054"
"48211000000130499","48211000000013007","2026-07-22 14:32:45:817","2026-07-22 14:32:45:817","Afzalpura Bus Stand Cam 3","17.320278","76.059089","48211000000048018","Active","2025-06-07","48211000000074054"
"48211000000130500","48211000000013007","2026-07-22 14:32:45:819","2026-07-22 14:32:45:819","Afzalpura Government Office Cam 4","17.315222","76.086825","48211000000048018","Active","2021-02-17","48211000000074054"
"48211000000130501","48211000000013007","2026-07-22 14:32:45:820","2026-07-22 14:32:45:820","Afzalpura Main Road Junction Cam 5","17.32788","76.084485","48211000000048018","Active","2021-12-23","48211000000074054"
"48211000000130502","48211000000013007","2026-07-22 14:32:45:821","2026-07-22 14:32:45:821","Afzalpura Court Complex Cam 6","17.321653","76.082251","48211000000048018","Active","2022-12-29","48211000000074054"
"48211000000130503","48211000000013007","2026-07-22 14:32:45:823","2026-07-22 14:32:45:823","Alanda Government Office Cam 1","16.784204","76.615148","48211000000048018","Active","2019-01-28","48211000000074055"
"48211000000130504","48211000000013007","2026-07-22 14:32:45:824","2026-07-22 14:32:45:824","Alanda Market Cam 2","16.778491","76.595292","48211000000048018","Active","2023-03-01","48211000000074055"
"48211000000130505","48211000000013007","2026-07-22 14:32:45:826","2026-07-22 14:32:45:826","Alanda Stadium Cam 3","16.783598","76.598079","48211000000048018","Active","2022-01-30","48211000000074055"
"48211000000130506","48211000000013007","2026-07-22 14:32:45:827","2026-07-22 14:32:45:827","Alanda Stadium Cam 4","16.781844","76.624154","48211000000048018","Active","2023-06-18","48211000000074055"
"48211000000130507","48211000000013007","2026-07-22 14:32:45:828","2026-07-22 14:32:45:828","Chincholi Residential Cam 1","17.650547","76.678967","48211000000048018","Active","2025-01-23","48211000000074056"
"48211000000130508","48211000000013007","2026-07-22 14:32:45:830","2026-07-22 14:32:45:830","Chincholi Church Cam 2","17.651613","76.681517","48211000000048018","Active","2020-12-16","48211000000074056"
"48211000000130509","48211000000013007","2026-07-22 14:32:45:831","2026-07-22 14:32:45:831","Chincholi Railway Junction Cam 3","17.658079","76.689819","48211000000048018","Active","2019-02-04","48211000000074056"
"48211000000130510","48211000000013007","2026-07-22 14:32:45:833","2026-07-22 14:32:45:833","Chincholi Police HQ Gate Cam 4","17.65127","76.682027","48211000000048018","Active","2023-01-21","48211000000074056"
"48211000000130511","48211000000013007","2026-07-22 14:32:45:834","2026-07-22 14:32:45:834","Chincholi Railway Junction Cam 5","17.664788","76.681076","48211000000048018","Active","2022-01-08","48211000000074056"
"48211000000130512","48211000000013007","2026-07-22 14:32:45:835","2026-07-22 14:32:45:835","Chincholi Bus Stand Cam 6","17.644088","76.673514","48211000000048018","Active","2023-10-03","48211000000074056"
"48211000000130513","48211000000013007","2026-07-22 14:32:45:837","2026-07-22 14:32:45:837","Chincholi Bus Stand Cam 7","17.646496","76.680442","48211000000048018","Active","2023-06-29","48211000000074056"
"48211000000130514","48211000000013007","2026-07-22 14:32:45:838","2026-07-22 14:32:45:838","Chincholi Hospital Cam 8","17.656709","76.684777","48211000000048018","Active","2021-07-25","48211000000074056"
"48211000000130515","48211000000013007","2026-07-22 14:32:45:840","2026-07-22 14:32:45:840","Chitapura Residential Cam 1","17.528327","77.609408","48211000000048018","Active","2021-03-14","48211000000074057"
"48211000000130516","48211000000013007","2026-07-22 14:32:45:841","2026-07-22 14:32:45:841","Chitapura Hospital Cam 2","17.521437","77.612172","48211000000048018","Active","2019-02-09","48211000000074057"
"48211000000130517","48211000000013007","2026-07-22 14:32:45:842","2026-07-22 14:32:45:842","Chitapura Stadium Cam 3","17.522281","77.604669","48211000000048018","Active","2024-10-18","48211000000074057"
"48211000000130518","48211000000013007","2026-07-22 14:32:45:844","2026-07-22 14:32:45:844","Chitapura College Cam 4","17.533287","77.603778","48211000000048018","Active","2025-04-21","48211000000074057"
"48211000000130519","48211000000013007","2026-07-22 14:32:45:845","2026-07-22 14:32:45:845","Chitapura School Zone Cam 5","17.527981","77.628212","48211000000048018","Active","2019-09-03","48211000000074057"
"48211000000130520","48211000000013007","2026-07-22 14:32:45:847","2026-07-22 14:32:45:847","Chitapura Church Cam 6","17.527122","77.608703","48211000000048018","Active","2024-01-17","48211000000074057"
"48211000000130521","48211000000013007","2026-07-22 14:32:45:848","2026-07-22 14:32:45:848","Chitapura Bus Stand Cam 7","17.53901","77.607761","48211000000048018","Active","2021-11-21","48211000000074057"
"48211000000130522","48211000000013007","2026-07-22 14:32:45:849","2026-07-22 14:32:45:849","Chitapura Bus Stand Cam 8","17.526352","77.601929","48211000000048018","Active","2025-10-16","48211000000074057"
"48211000000130523","48211000000013007","2026-07-22 14:32:45:851","2026-07-22 14:32:45:851","Chitapura Government Office Cam 9","17.520215","77.604665","48211000000048018","Active","2022-03-11","48211000000074057"
"48211000000130524","48211000000013007","2026-07-22 14:32:45:852","2026-07-22 14:32:45:852","Jevargi College Cam 1","17.190493","76.781778","48211000000048018","Active","2023-04-10","48211000000074058"
"48211000000130525","48211000000013007","2026-07-22 14:32:45:854","2026-07-22 14:32:45:854","Jevargi Hospital Cam 2","17.204971","76.76582","48211000000048018","Active","2026-03-08","48211000000074058"
"48211000000130526","48211000000013007","2026-07-22 14:32:45:855","2026-07-22 14:32:45:855","Jevargi Government Office Cam 3","17.217368","76.769976","48211000000048018","Active","2023-07-16","48211000000074058"
"48211000000130527","48211000000013007","2026-07-22 14:32:45:857","2026-07-22 14:32:45:857","Jevargi Hospital Cam 4","17.210137","76.797952","48211000000048018","Active","2022-07-08","48211000000074058"
"48211000000130528","48211000000013007","2026-07-22 14:32:45:858","2026-07-22 14:32:45:858","Jevargi Temple Cam 5","17.208748","76.777995","48211000000048018","Active","2023-06-08","48211000000074058"
"48211000000130529","48211000000013007","2026-07-22 14:32:45:859","2026-07-22 14:32:45:859","Jevargi Church Cam 6","17.203924","76.773899","48211000000048018","Active","2025-08-01","48211000000074058"
"48211000000130530","48211000000013007","2026-07-22 14:32:45:861","2026-07-22 14:32:45:861","Jevargi Hospital Cam 7","17.205456","76.768227","48211000000048018","Active","2019-04-05","48211000000074058"
"48211000000130531","48211000000013007","2026-07-22 14:32:45:862","2026-07-22 14:32:45:862","Jevargi Temple Cam 8","17.204654","76.780199","48211000000048018","Active","2019-11-24","48211000000074058"
"48211000000130532","48211000000013007","2026-07-22 14:32:45:863","2026-07-22 14:32:45:863","Jevargi School Zone Cam 9","17.204709","76.775953","48211000000048018","Active","2024-04-22","48211000000074058"
"48211000000130533","48211000000013007","2026-07-22 14:32:45:865","2026-07-22 14:32:45:865","Sedam School Zone Cam 1","17.665683","77.107805","48211000000048018","Active","2025-12-06","48211000000074059"
"48211000000130534","48211000000013007","2026-07-22 14:32:45:866","2026-07-22 14:32:45:866","Sedam Stadium Cam 2","17.665399","77.123755","48211000000048018","Active","2021-07-28","48211000000074059"
"48211000000130535","48211000000013007","2026-07-22 14:32:45:868","2026-07-22 14:32:45:868","Sedam Government Office Cam 3","17.673733","77.124575","48211000000048018","Active","2024-11-27","48211000000074059"
"48211000000130536","48211000000013007","2026-07-22 14:32:45:869","2026-07-22 14:32:45:869","Sedam Government Office Cam 4","17.671662","77.145323","48211000000048018","Active","2022-08-25","48211000000074059"
"48211000000130537","48211000000013007","2026-07-22 14:32:45:870","2026-07-22 14:32:45:870","Kamalapura Temple Cam 1","16.875181","76.978144","48211000000048018","Active","2020-07-07","48211000000074060"
"48211000000130538","48211000000013007","2026-07-22 14:32:45:872","2026-07-22 14:32:45:872","Kamalapura Hospital Cam 2","16.860056","76.992974","48211000000048018","Active","2024-02-14","48211000000074060"
"48211000000130539","48211000000013007","2026-07-22 14:32:45:873","2026-07-22 14:32:45:873","Kamalapura Police HQ Gate Cam 3","16.870009","76.990587","48211000000048018","Active","2026-03-05","48211000000074060"
"48211000000130540","48211000000013007","2026-07-22 14:32:45:875","2026-07-22 14:32:45:875","Kamalapura Bus Stand Cam 4","16.894124","76.994838","48211000000048018","Active","2021-07-19","48211000000074060"
"48211000000130541","48211000000013007","2026-07-22 14:32:45:876","2026-07-22 14:32:45:876","Kamalapura Bus Stand Cam 5","16.887195","76.982659","48211000000048018","Active","2020-09-29","48211000000074060"
"48211000000130542","48211000000013007","2026-07-22 14:32:45:878","2026-07-22 14:32:45:878","Kamalapura Church Cam 6","16.880724","77.007494","48211000000048018","Active","2020-07-12","48211000000074060"
"48211000000130543","48211000000013007","2026-07-22 14:32:45:879","2026-07-22 14:32:45:879","Kamalapura Market Cam 7","16.88221","76.992407","48211000000048018","Active","2024-07-07","48211000000074060"
"48211000000130544","48211000000013007","2026-07-22 14:32:45:880","2026-07-22 14:32:45:880","Shahabad Mosque Cam 1","17.087741","76.398383","48211000000048018","Active","2021-08-05","48211000000074061"
"48211000000130545","48211000000013007","2026-07-22 14:32:45:882","2026-07-22 14:32:45:882","Shahabad Court Complex Cam 2","17.089102","76.379761","48211000000048018","Active","2025-04-15","48211000000074061"
"48211000000130546","48211000000013007","2026-07-22 14:32:45:883","2026-07-22 14:32:45:883","Shahabad Main Road Junction Cam 3","17.1043","76.397687","48211000000048018","Active","2023-05-16","48211000000074061"
"48211000000130547","48211000000013007","2026-07-22 14:32:45:885","2026-07-22 14:32:45:885","Shahabad School Zone Cam 4","17.112796","76.401267","48211000000048018","Active","2021-09-08","48211000000074061"
"48211000000130548","48211000000013007","2026-07-22 14:32:45:886","2026-07-22 14:32:45:886","Shahabad Police HQ Gate Cam 5","17.083389","76.401439","48211000000048018","Active","2022-01-18","48211000000074061"
"48211000000130549","48211000000013007","2026-07-22 14:32:45:888","2026-07-22 14:32:45:888","Shahabad Mosque Cam 6","17.08805","76.397383","48211000000048018","Active","2021-02-09","48211000000074061"
"48211000000130550","48211000000013007","2026-07-22 14:32:45:889","2026-07-22 14:32:45:889","Shahabad Temple Cam 7","17.11197","76.405967","48211000000048018","Active","2024-02-09","48211000000074061"
"48211000000130551","48211000000013007","2026-07-22 14:32:45:891","2026-07-22 14:32:45:891","Kalgi Bus Stand Cam 1","17.477653","76.380372","48211000000048018","Inactive","2019-07-23","48211000000074062"
"48211000000130552","48211000000013007","2026-07-22 14:32:45:892","2026-07-22 14:32:45:892","Kalgi School Zone Cam 2","17.479888","76.419567","48211000000048018","Active","2020-05-27","48211000000074062"
"48211000000130553","48211000000013007","2026-07-22 14:32:45:894","2026-07-22 14:32:45:894","Kalgi Court Complex Cam 3","17.460919","76.39447","48211000000048018","Active","2019-03-02","48211000000074062"
"48211000000130554","48211000000013007","2026-07-22 14:32:45:895","2026-07-22 14:32:45:895","Kalgi Temple Cam 4","17.486174","76.390528","48211000000048018","Active","2024-08-03","48211000000074062"
"48211000000130555","48211000000013007","2026-07-22 14:32:45:897","2026-07-22 14:32:45:897","Kalgi Mosque Cam 5","17.481945","76.373937","48211000000048018","Inactive","2019-11-25","48211000000074062"
"48211000000130556","48211000000013007","2026-07-22 14:32:45:898","2026-07-22 14:32:45:898","Kalgi Market Cam 6","17.471176","76.415897","48211000000048018","Active","2023-05-27","48211000000074062"
"48211000000130557","48211000000013007","2026-07-22 14:32:45:899","2026-07-22 14:32:45:899","Yedrami Temple Cam 1","16.962056","77.444483","48211000000048018","Active","2019-02-21","48211000000074063"
"48211000000130558","48211000000013007","2026-07-22 14:32:45:901","2026-07-22 14:32:45:901","Yedrami Court Complex Cam 2","16.96182","77.44142","48211000000048018","Active","2023-12-20","48211000000074063"
"48211000000130559","48211000000013007","2026-07-22 14:32:45:902","2026-07-22 14:32:45:902","Yedrami Court Complex Cam 3","16.964358","77.44691","48211000000048018","Active","2020-01-20","48211000000074063"
"48211000000130560","48211000000013007","2026-07-22 14:32:45:904","2026-07-22 14:32:45:904","Yedrami College Cam 4","16.963233","77.453287","48211000000048018","Active","2022-07-02","48211000000074063"
"48211000000130561","48211000000013007","2026-07-22 14:32:45:905","2026-07-22 14:32:45:905","Yedrami Main Road Junction Cam 5","16.982253","77.453067","48211000000048018","Inactive","2025-03-01","48211000000074063"
"48211000000130562","48211000000013007","2026-07-22 14:32:45:907","2026-07-22 14:32:45:907","Yedrami Government Office Cam 6","16.976279","77.440838","48211000000048018","Active","2023-01-16","48211000000074063"
"48211000000130563","48211000000013007","2026-07-22 14:32:45:908","2026-07-22 14:32:45:908","Yedrami Court Complex Cam 7","16.949444","77.454781","48211000000048018","Active","2021-08-24","48211000000074063"
"48211000000130564","48211000000013007","2026-07-22 14:32:45:909","2026-07-22 14:32:45:909","Madikeri Police HQ Gate Cam 1","12.433717","75.581516","48211000000054393","Active","2021-09-22","48211000000074064"
"48211000000130565","48211000000013007","2026-07-22 14:32:45:911","2026-07-22 14:32:45:911","Madikeri Mosque Cam 2","12.434096","75.581619","48211000000054393","Active","2025-09-08","48211000000074064"
"48211000000130566","48211000000013007","2026-07-22 14:32:45:912","2026-07-22 14:32:45:912","Virajapete Police HQ Gate Cam 1","12.78543","75.937989","48211000000054393","Active","2026-01-04","48211000000074066"
"48211000000130567","48211000000013007","2026-07-22 14:32:45:914","2026-07-22 14:32:45:914","Kushalnagara Hospital Cam 1","12.100465","75.678162","48211000000054393","Active","2022-07-21","48211000000074068"
"48211000000130568","48211000000013007","2026-07-22 14:32:45:915","2026-07-22 14:32:45:915","Kolar Mosque Cam 1","13.200207","78.330553","48211000000054394","Active","2021-03-01","48211000000074069"
"48211000000130569","48211000000013007","2026-07-22 14:32:45:924","2026-07-22 14:32:45:924","Kolar Main Road Junction Cam 2","13.213224","78.329745","48211000000054394","Active","2019-06-11","48211000000074069"
"48211000000130570","48211000000013007","2026-07-22 14:32:45:926","2026-07-22 14:32:45:926","Kolar Temple Cam 3","13.215995","78.322532","48211000000054394","Active","2024-06-30","48211000000074069"
"48211000000130571","48211000000013007","2026-07-22 14:32:45:927","2026-07-22 14:32:45:927","Kolar Bus Stand Cam 4","13.21582","78.331227","48211000000054394","Active","2024-04-02","48211000000074069"
"48211000000130572","48211000000013007","2026-07-22 14:32:45:930","2026-07-22 14:32:45:930","Kolar Stadium Cam 5","13.209089","78.332244","48211000000054394","Active","2020-10-18","48211000000074069"
"48211000000130573","48211000000013007","2026-07-22 14:32:45:931","2026-07-22 14:32:45:931","Kolar Temple Cam 6","13.213907","78.330646","48211000000054394","Active","2025-01-27","48211000000074069"
"48211000000130574","48211000000013007","2026-07-22 14:32:45:933","2026-07-22 14:32:45:933","Kolar Government Office Cam 7","13.21301","78.336116","48211000000054394","Active","2021-01-29","48211000000074069"
"48211000000130575","48211000000013007","2026-07-22 14:32:45:934","2026-07-22 14:32:45:934","Kolar Bus Stand Cam 8","13.203199","78.319263","48211000000054394","Active","2021-09-05","48211000000074069"
"48211000000130576","48211000000013007","2026-07-22 14:32:45:936","2026-07-22 14:32:45:936","Kolar Railway Junction Cam 9","13.214998","78.334925","48211000000054394","Active","2021-02-16","48211000000074069"
"48211000000130578","48211000000013007","2026-07-22 14:32:46:148","2026-07-22 14:32:46:148","Kolar Railway Junction Cam 10","13.213114","78.321272","48211000000054394","Active","2022-03-05","48211000000074069"
"48211000000130579","48211000000013007","2026-07-22 14:32:46:150","2026-07-22 14:32:46:150","Bangarapete School Zone Cam 1","12.904002","77.870852","48211000000054394","Inactive","2020-06-15","48211000000074070"
"48211000000130580","48211000000013007","2026-07-22 14:32:46:152","2026-07-22 14:32:46:152","Bangarapete School Zone Cam 2","12.905149","77.877426","48211000000054394","Active","2020-02-09","48211000000074070"
"48211000000130581","48211000000013007","2026-07-22 14:32:46:154","2026-07-22 14:32:46:154","Mulabagilu Main Road Junction Cam 1","12.807856","78.219725","48211000000054394","Active","2019-07-21","48211000000074072"
"48211000000130582","48211000000013007","2026-07-22 14:32:46:155","2026-07-22 14:32:46:155","Mulabagilu School Zone Cam 2","12.805153","78.228067","48211000000054394","Inactive","2021-05-04","48211000000074072"
"48211000000130583","48211000000013007","2026-07-22 14:32:46:157","2026-07-22 14:32:46:157","Mulabagilu Church Cam 3","12.803827","78.248361","48211000000054394","Active","2026-03-02","48211000000074072"
"48211000000130584","48211000000013007","2026-07-22 14:32:46:158","2026-07-22 14:32:46:158","Kolar Gold Fields Church Cam 1","13.04226","78.114877","48211000000054394","Active","2019-08-27","48211000000074074"
"48211000000130585","48211000000013007","2026-07-22 14:32:46:160","2026-07-22 14:32:46:160","Kolar Gold Fields Market Cam 2","13.063211","78.103959","48211000000054394","Active","2022-05-29","48211000000074074"
"48211000000130586","48211000000013007","2026-07-22 14:32:46:161","2026-07-22 14:32:46:161","Kolar Gold Fields Railway Junction Cam 3","13.051155","78.105595","48211000000054394","Active","2021-08-04","48211000000074074"
"48211000000130587","48211000000013007","2026-07-22 14:32:46:163","2026-07-22 14:32:46:163","Kolar Gold Fields Railway Junction Cam 4","13.057926","78.108605","48211000000054394","Active","2025-05-23","48211000000074074"
"48211000000130588","48211000000013007","2026-07-22 14:32:46:164","2026-07-22 14:32:46:164","Kolar Gold Fields Main Road Junction Cam 5","13.059066","78.109817","48211000000054394","Active","2020-03-08","48211000000074074"
"48211000000130589","48211000000013007","2026-07-22 14:32:46:166","2026-07-22 14:32:46:166","Kolar Gold Fields Government Office Cam 6","13.04417","78.094012","48211000000054394","Active","2023-10-16","48211000000074074"
"48211000000130590","48211000000013007","2026-07-22 14:32:46:167","2026-07-22 14:32:46:167","Kolar Gold Fields Hospital Cam 7","13.062325","78.112656","48211000000054394","Active","2024-08-29","48211000000074074"
"48211000000130591","48211000000013007","2026-07-22 14:32:46:169","2026-07-22 14:32:46:169","Kolar Gold Fields Police HQ Gate Cam 8","13.054508","78.108384","48211000000054394","Active","2022-12-14","48211000000074074"
"48211000000130592","48211000000013007","2026-07-22 14:32:46:170","2026-07-22 14:32:46:170","Kolar Gold Fields Bus Stand Cam 9","13.045391","78.091034","48211000000054394","Active","2023-08-16","48211000000074074"
"48211000000130593","48211000000013007","2026-07-22 14:32:46:172","2026-07-22 14:32:46:172","Kolar Gold Fields Main Road Junction Cam 10","13.055155","78.09379","48211000000054394","Active","2021-09-12","48211000000074074"
"48211000000130594","48211000000013007","2026-07-22 14:32:46:173","2026-07-22 14:32:46:173","Koppala Railway Junction Cam 1","15.597721","76.117743","48211000000054395","Active","2021-11-06","48211000000074075"
"48211000000130595","48211000000013007","2026-07-22 14:32:46:174","2026-07-22 14:32:46:174","Koppala Residential Cam 2","15.593187","76.11845","48211000000054395","Inactive","2019-05-22","48211000000074075"
"48211000000130596","48211000000013007","2026-07-22 14:32:46:176","2026-07-22 14:32:46:176","Koppala Railway Junction Cam 3","15.582445","76.110599","48211000000054395","Active","2022-05-21","48211000000074075"
"48211000000130597","48211000000013007","2026-07-22 14:32:46:177","2026-07-22 14:32:46:177","Koppala Court Complex Cam 4","15.591457","76.124352","48211000000054395","Active","2019-03-30","48211000000074075"
"48211000000130598","48211000000013007","2026-07-22 14:32:46:178","2026-07-22 14:32:46:178","Koppala Church Cam 5","15.587107","76.136416","48211000000054395","Active","2025-03-17","48211000000074075"
"48211000000130599","48211000000013007","2026-07-22 14:32:46:180","2026-07-22 14:32:46:180","Koppala Police HQ Gate Cam 6","15.587906","76.116469","48211000000054395","Active","2019-06-04","48211000000074075"
"48211000000130600","48211000000013007","2026-07-22 14:32:46:181","2026-07-22 14:32:46:181","Koppala Temple Cam 7","15.597671","76.128553","48211000000054395","Active","2025-07-12","48211000000074075"
"48211000000130601","48211000000013007","2026-07-22 14:32:46:183","2026-07-22 14:32:46:183","Koppala Temple Cam 8","15.595516","76.124077","48211000000054395","Active","2023-06-26","48211000000074075"
"48211000000130602","48211000000013007","2026-07-22 14:32:46:184","2026-07-22 14:32:46:184","Koppala School Zone Cam 9","15.600503","76.126188","48211000000054395","Active","2024-05-30","48211000000074075"
"48211000000130603","48211000000013007","2026-07-22 14:32:46:185","2026-07-22 14:32:46:185","Koppala Main Road Junction Cam 10","15.588975","76.125575","48211000000054395","Active","2020-01-26","48211000000074075"
"48211000000130604","48211000000013007","2026-07-22 14:32:46:186","2026-07-22 14:32:46:186","Gangavathi Residential Cam 1","15.536384","76.797975","48211000000054395","Active","2019-08-18","48211000000074076"
"48211000000130605","48211000000013007","2026-07-22 14:32:46:188","2026-07-22 14:32:46:188","Gangavathi Stadium Cam 2","15.555082","76.786763","48211000000054395","Active","2023-09-03","48211000000074076"
"48211000000130606","48211000000013007","2026-07-22 14:32:46:189","2026-07-22 14:32:46:189","Kushtagi Stadium Cam 1","15.135717","75.969508","48211000000054395","Inactive","2026-02-02","48211000000074077"
"48211000000130607","48211000000013007","2026-07-22 14:32:46:190","2026-07-22 14:32:46:190","Kushtagi Market Cam 2","15.157482","75.956289","48211000000054395","Active","2025-05-02","48211000000074077"
"48211000000130608","48211000000013007","2026-07-22 14:32:46:192","2026-07-22 14:32:46:192","Kanakagiri Residential Cam 1","15.874942","76.40906","48211000000054395","Active","2025-09-03","48211000000074079"
"48211000000130609","48211000000013007","2026-07-22 14:32:46:193","2026-07-22 14:32:46:193","Karatagi Hospital Cam 1","15.362768","76.457523","48211000000054395","Active","2019-12-05","48211000000074080"
"48211000000130610","48211000000013007","2026-07-22 14:32:46:194","2026-07-22 14:32:46:194","Karatagi Railway Junction Cam 2","15.361531","76.454911","48211000000054395","Active","2019-12-15","48211000000074080"
"48211000000130611","48211000000013007","2026-07-22 14:32:46:196","2026-07-22 14:32:46:196","Kukanuru Hospital Cam 1","15.500706","75.840676","48211000000054395","Active","2021-03-22","48211000000074081"
"48211000000130612","48211000000013007","2026-07-22 14:32:46:197","2026-07-22 14:32:46:197","Kukanuru Court Complex Cam 2","15.478993","75.821756","48211000000054395","Active","2024-11-17","48211000000074081"
"48211000000130613","48211000000013007","2026-07-22 14:32:46:198","2026-07-22 14:32:46:198","Kukanuru Mosque Cam 3","15.490386","75.833508","48211000000054395","Active","2025-06-17","48211000000074081"
"48211000000130614","48211000000013007","2026-07-22 14:32:46:200","2026-07-22 14:32:46:200","Mandya Bus Stand Cam 1","12.277148","77.017357","48211000000054396","Active","2022-08-06","48211000000074082"
"48211000000130615","48211000000013007","2026-07-22 14:32:46:201","2026-07-22 14:32:46:201","Mandya Mosque Cam 2","12.271576","77.015754","48211000000054396","Active","2022-12-03","48211000000074082"
"48211000000130616","48211000000013007","2026-07-22 14:32:46:202","2026-07-22 14:32:46:202","Mandya College Cam 3","12.275587","77.029163","48211000000054396","Active","2023-12-10","48211000000074082"
"48211000000130617","48211000000013007","2026-07-22 14:32:46:203","2026-07-22 14:32:46:203","Mandya Court Complex Cam 4","12.275543","77.019265","48211000000054396","Active","2020-09-30","48211000000074082"
"48211000000130618","48211000000013007","2026-07-22 14:32:46:205","2026-07-22 14:32:46:205","Mandya School Zone Cam 5","12.266391","77.026523","48211000000054396","Active","2021-09-22","48211000000074082"
"48211000000130619","48211000000013007","2026-07-22 14:32:46:206","2026-07-22 14:32:46:206","Mandya Church Cam 6","12.269368","77.033064","48211000000054396","Active","2022-03-24","48211000000074082"
"48211000000130620","48211000000013007","2026-07-22 14:32:46:207","2026-07-22 14:32:46:207","Mandya School Zone Cam 7","12.275996","77.018877","48211000000054396","Active","2024-04-13","48211000000074082"
"48211000000130621","48211000000013007","2026-07-22 14:32:46:209","2026-07-22 14:32:46:209","Mandya Railway Junction Cam 8","12.276562","77.019052","48211000000054396","Active","2025-02-16","48211000000074082"
"48211000000130622","48211000000013007","2026-07-22 14:32:46:210","2026-07-22 14:32:46:210","Mandya College Cam 9","12.284678","77.018483","48211000000054396","Active","2020-08-01","48211000000074082"
"48211000000130623","48211000000013007","2026-07-22 14:32:46:211","2026-07-22 14:32:46:211","Mandya Residential Cam 10","12.266388","77.013288","48211000000054396","Active","2024-11-27","48211000000074082"
"48211000000130624","48211000000013007","2026-07-22 14:32:46:213","2026-07-22 14:32:46:213","Mandya Temple Cam 11","12.276823","77.019302","48211000000054396","Active","2025-12-06","48211000000074082"
"48211000000130625","48211000000013007","2026-07-22 14:32:46:214","2026-07-22 14:32:46:214","Mandya Market Cam 12","12.277166","77.014562","48211000000054396","Active","2026-05-28","48211000000074082"
"48211000000130626","48211000000013007","2026-07-22 14:32:46:215","2026-07-22 14:32:46:215","Mandya Government Office Cam 13","12.27268","77.02165","48211000000054396","Active","2020-03-17","48211000000074082"
"48211000000130627","48211000000013007","2026-07-22 14:32:46:217","2026-07-22 14:32:46:217","Malavalli Railway Junction Cam 1","12.79036","76.964616","48211000000054396","Active","2020-02-12","48211000000074084"
"48211000000130628","48211000000013007","2026-07-22 14:32:46:218","2026-07-22 14:32:46:218","Malavalli Police HQ Gate Cam 2","12.793421","76.934982","48211000000054396","Active","2021-02-02","48211000000074084"
"48211000000130629","48211000000013007","2026-07-22 14:32:46:219","2026-07-22 14:32:46:219","Malavalli Railway Junction Cam 3","12.790534","76.960254","48211000000054396","Active","2019-03-30","48211000000074084"
"48211000000130630","48211000000013007","2026-07-22 14:32:46:221","2026-07-22 14:32:46:221","Malavalli Temple Cam 4","12.791042","76.956572","48211000000054396","Active","2023-05-31","48211000000074084"
"48211000000130631","48211000000013007","2026-07-22 14:32:46:222","2026-07-22 14:32:46:222","Malavalli Government Office Cam 5","12.793393","76.972839","48211000000054396","Active","2026-01-04","48211000000074084"
"48211000000130632","48211000000013007","2026-07-22 14:32:46:223","2026-07-22 14:32:46:223","Malavalli Railway Junction Cam 6","12.791291","76.962741","48211000000054396","Active","2019-09-11","48211000000074084"
"48211000000130633","48211000000013007","2026-07-22 14:32:46:225","2026-07-22 14:32:46:225","Malavalli Stadium Cam 7","12.781729","76.966214","48211000000054396","Active","2019-05-01","48211000000074084"
"48211000000130634","48211000000013007","2026-07-22 14:32:46:226","2026-07-22 14:32:46:226","Srirangapattana Residential Cam 1","12.408356","76.572248","48211000000054396","Active","2019-12-26","48211000000074085"
"48211000000130635","48211000000013007","2026-07-22 14:32:46:227","2026-07-22 14:32:46:227","Srirangapattana Government Office Cam 2","12.401964","76.558395","48211000000054396","Active","2026-01-06","48211000000074085"
"48211000000130636","48211000000013007","2026-07-22 14:32:46:228","2026-07-22 14:32:46:228","Srirangapattana Police HQ Gate Cam 3","12.411772","76.56134","48211000000054396","Active","2022-07-03","48211000000074085"
"48211000000130637","48211000000013007","2026-07-22 14:32:46:230","2026-07-22 14:32:46:230","Srirangapattana Railway Junction Cam 4","12.422097","76.56506","48211000000054396","Active","2026-04-26","48211000000074085"
"48211000000130638","48211000000013007","2026-07-22 14:32:46:231","2026-07-22 14:32:46:231","Krishnarajapete Hospital Cam 1","12.98558","76.658706","48211000000054396","Active","2024-11-15","48211000000074086"
"48211000000130639","48211000000013007","2026-07-22 14:32:46:232","2026-07-22 14:32:46:232","Krishnarajapete Stadium Cam 2","12.979575","76.635015","48211000000054396","Active","2020-08-17","48211000000074086"
"48211000000130640","48211000000013007","2026-07-22 14:32:46:234","2026-07-22 14:32:46:234","Krishnarajapete Hospital Cam 3","12.965003","76.640114","48211000000054396","Active","2025-04-01","48211000000074086"
"48211000000130641","48211000000013007","2026-07-22 14:32:46:235","2026-07-22 14:32:46:235","Krishnarajapete Hospital Cam 4","12.959077","76.651689","48211000000054396","Active","2020-08-19","48211000000074086"
"48211000000130642","48211000000013007","2026-07-22 14:32:46:236","2026-07-22 14:32:46:236","Krishnarajapete Stadium Cam 5","12.954561","76.655667","48211000000054396","Active","2023-08-12","48211000000074086"
"48211000000130643","48211000000013007","2026-07-22 14:32:46:238","2026-07-22 14:32:46:238","Krishnarajapete Church Cam 6","12.96403","76.653846","48211000000054396","Active","2022-01-26","48211000000074086"
"48211000000130644","48211000000013007","2026-07-22 14:32:46:239","2026-07-22 14:32:46:239","Nagamangala Mosque Cam 1","12.379845","77.299805","48211000000054396","Active","2025-12-02","48211000000074087"
"48211000000130645","48211000000013007","2026-07-22 14:32:46:240","2026-07-22 14:32:46:240","Nagamangala Court Complex Cam 2","12.375181","77.293208","48211000000054396","Active","2021-08-03","48211000000074087"
"48211000000130646","48211000000013007","2026-07-22 14:32:46:242","2026-07-22 14:32:46:242","Nagamangala Main Road Junction Cam 3","12.389613","77.288778","48211000000054396","Active","2020-07-03","48211000000074087"
"48211000000130647","48211000000013007","2026-07-22 14:32:46:243","2026-07-22 14:32:46:243","Pandavapura Hospital Cam 1","12.512532","76.838459","48211000000054396","Active","2024-07-05","48211000000074088"
"48211000000130648","48211000000013007","2026-07-22 14:32:46:244","2026-07-22 14:32:46:244","Pandavapura Court Complex Cam 2","12.530201","76.850477","48211000000054396","Inactive","2019-03-03","48211000000074088"
"48211000000130649","48211000000013007","2026-07-22 14:32:46:246","2026-07-22 14:32:46:246","Pandavapura Court Complex Cam 3","12.51464","76.865154","48211000000054396","Active","2021-04-10","48211000000074088"
"48211000000130650","48211000000013007","2026-07-22 14:32:46:247","2026-07-22 14:32:46:247","Pandavapura Stadium Cam 4","12.527946","76.860835","48211000000054396","Active","2023-12-05","48211000000074088"
"48211000000130651","48211000000013007","2026-07-22 14:32:46:248","2026-07-22 14:32:46:248","Pandavapura Bus Stand Cam 5","12.522289","76.824874","48211000000054396","Active","2021-10-07","48211000000074088"
"48211000000130652","48211000000013007","2026-07-22 14:32:46:249","2026-07-22 14:32:46:249","Pandavapura Police HQ Gate Cam 6","12.511557","76.846457","48211000000054396","Active","2023-04-08","48211000000074088"
"48211000000130653","48211000000013007","2026-07-22 14:32:46:251","2026-07-22 14:32:46:251","Mysuru Police HQ Gate Cam 1","12.10161","76.450273","48211000000048014","Active","2024-11-21","48211000000074089"
"48211000000130654","48211000000013007","2026-07-22 14:32:46:252","2026-07-22 14:32:46:252","Mysuru Market Cam 2","12.094023","76.441184","48211000000048014","Active","2024-01-24","48211000000074089"
"48211000000130655","48211000000013007","2026-07-22 14:32:46:253","2026-07-22 14:32:46:253","Mysuru Stadium Cam 3","12.098847","76.449659","48211000000048014","Active","2024-10-25","48211000000074089"
"48211000000130656","48211000000013007","2026-07-22 14:32:46:255","2026-07-22 14:32:46:255","Mysuru Market Cam 4","12.10311","76.453083","48211000000048014","Active","2024-10-15","48211000000074089"
"48211000000130657","48211000000013007","2026-07-22 14:32:46:256","2026-07-22 14:32:46:256","Mysuru Court Complex Cam 5","12.101105","76.456549","48211000000048014","Active","2023-06-19","48211000000074089"
"48211000000130658","48211000000013007","2026-07-22 14:32:46:257","2026-07-22 14:32:46:257","Mysuru Temple Cam 6","12.089812","76.446382","48211000000048014","Active","2023-09-27","48211000000074089"
"48211000000130659","48211000000013007","2026-07-22 14:32:46:259","2026-07-22 14:32:46:259","Mysuru Main Road Junction Cam 7","12.101669","76.448473","48211000000048014","Active","2020-08-05","48211000000074089"
"48211000000130660","48211000000013007","2026-07-22 14:32:46:260","2026-07-22 14:32:46:260","Mysuru School Zone Cam 8","12.098023","76.439538","48211000000048014","Active","2020-04-08","48211000000074089"
"48211000000130661","48211000000013007","2026-07-22 14:32:46:261","2026-07-22 14:32:46:261","Mysuru Stadium Cam 9","12.102504","76.441646","48211000000048014","Active","2020-07-08","48211000000074089"
"48211000000130662","48211000000013007","2026-07-22 14:32:46:262","2026-07-22 14:32:46:262","Mysuru Market Cam 10","12.109702","76.441305","48211000000048014","Active","2025-08-14","48211000000074089"
"48211000000130663","48211000000013007","2026-07-22 14:32:46:264","2026-07-22 14:32:46:264","Mysuru Stadium Cam 11","12.095141","76.456004","48211000000048014","Active","2021-10-21","48211000000074089"
"48211000000130664","48211000000013007","2026-07-22 14:32:46:265","2026-07-22 14:32:46:265","Mysuru Main Road Junction Cam 12","12.099771","76.44101","48211000000048014","Active","2020-05-21","48211000000074089"
"48211000000130665","48211000000013007","2026-07-22 14:32:46:266","2026-07-22 14:32:46:266","Mysuru Government Office Cam 13","12.102571","76.443798","48211000000048014","Active","2024-11-15","48211000000074089"
"48211000000130666","48211000000013007","2026-07-22 14:32:46:268","2026-07-22 14:32:46:268","Mysuru Railway Junction Cam 14","12.092646","76.44251","48211000000048014","Active","2020-10-16","48211000000074089"
"48211000000130667","48211000000013007","2026-07-22 14:32:46:269","2026-07-22 14:32:46:269","Mysuru Mosque Cam 15","12.108181","76.439614","48211000000048014","Active","2022-10-04","48211000000074089"
"48211000000130668","48211000000013007","2026-07-22 14:32:46:270","2026-07-22 14:32:46:270","Mysuru Hospital Cam 16","12.096267","76.43916","48211000000048014","Active","2020-08-15","48211000000074089"
"48211000000130669","48211000000013007","2026-07-22 14:32:46:272","2026-07-22 14:32:46:272","Mysuru Residential Cam 17","12.101176","76.443508","48211000000048014","Active","2024-01-02","48211000000074089"
"48211000000130670","48211000000013007","2026-07-22 14:32:46:273","2026-07-22 14:32:46:273","Hunasuru Court Complex Cam 1","12.201312","77.100181","48211000000048014","Inactive","2021-11-02","48211000000074090"
"48211000000130671","48211000000013007","2026-07-22 14:32:46:274","2026-07-22 14:32:46:274","Hunasuru College Cam 2","12.199368","77.098065","48211000000048014","Active","2019-01-24","48211000000074090"
"48211000000130672","48211000000013007","2026-07-22 14:32:46:275","2026-07-22 14:32:46:275","Hunasuru Court Complex Cam 3","12.199926","77.084348","48211000000048014","Active","2024-05-02","48211000000074090"
"48211000000130673","48211000000013007","2026-07-22 14:32:46:277","2026-07-22 14:32:46:277","Hunasuru Police HQ Gate Cam 4","12.203014","77.08858","48211000000048014","Active","2021-09-29","48211000000074090"
"48211000000130674","48211000000013007","2026-07-22 14:32:46:278","2026-07-22 14:32:46:278","Hunasuru Government Office Cam 5","12.218924","77.094774","48211000000048014","Active","2021-04-30","48211000000074090"
"48211000000130675","48211000000013007","2026-07-22 14:32:46:279","2026-07-22 14:32:46:279","Nanjanagodu Market Cam 1","12.527266","76.428638","48211000000048014","Active","2025-10-07","48211000000074092"
"48211000000130676","48211000000013007","2026-07-22 14:32:46:281","2026-07-22 14:32:46:281","Nanjanagodu Market Cam 2","12.517819","76.429759","48211000000048014","Active","2020-12-31","48211000000074092"
"48211000000130677","48211000000013007","2026-07-22 14:32:46:282","2026-07-22 14:32:46:282","Nanjanagodu Government Office Cam 3","12.524592","76.42292","48211000000048014","Active","2025-09-02","48211000000074092"
"48211000000130678","48211000000013007","2026-07-22 14:32:46:283","2026-07-22 14:32:46:283","Nanjanagodu College Cam 4","12.516135","76.411509","48211000000048014","Active","2023-01-15","48211000000074092"
"48211000000130679","48211000000013007","2026-07-22 14:32:46:285","2026-07-22 14:32:46:285","Nanjanagodu Temple Cam 5","12.53263","76.441633","48211000000048014","Active","2023-04-02","48211000000074092"
"48211000000130680","48211000000013007","2026-07-22 14:32:46:286","2026-07-22 14:32:46:286","Nanjanagodu Church Cam 6","12.502595","76.424721","48211000000048014","Active","2022-04-14","48211000000074092"
"48211000000130681","48211000000013007","2026-07-22 14:32:46:287","2026-07-22 14:32:46:287","Nanjanagodu Church Cam 7","12.5284","76.431541","48211000000048014","Active","2024-11-28","48211000000074092"
"48211000000130682","48211000000013007","2026-07-22 14:32:46:289","2026-07-22 14:32:46:289","Nanjanagodu Court Complex Cam 8","12.530067","76.4261","48211000000048014","Active","2020-03-23","48211000000074092"
"48211000000130683","48211000000013007","2026-07-22 14:32:46:290","2026-07-22 14:32:46:290","Nanjanagodu Railway Junction Cam 9","12.519378","76.436789","48211000000048014","Active","2024-06-04","48211000000074092"
"48211000000130684","48211000000013007","2026-07-22 14:32:46:291","2026-07-22 14:32:46:291","Heggadadevanakote Temple Cam 1","11.903004","76.160942","48211000000048014","Active","2022-07-20","48211000000074093"
"48211000000130685","48211000000013007","2026-07-22 14:32:46:292","2026-07-22 14:32:46:292","Heggadadevanakote Police HQ Gate Cam 2","11.902155","76.134203","48211000000048014","Active","2020-06-15","48211000000074093"
"48211000000130686","48211000000013007","2026-07-22 14:32:46:294","2026-07-22 14:32:46:294","Heggadadevanakote Main Road Junction Cam 3","11.905128","76.12539","48211000000048014","Active","2024-07-10","48211000000074093"
"48211000000130687","48211000000013007","2026-07-22 14:32:46:295","2026-07-22 14:32:46:295","Heggadadevanakote Court Complex Cam 4","11.892666","76.153373","48211000000048014","Active","2021-03-03","48211000000074093"
"48211000000130688","48211000000013007","2026-07-22 14:32:46:296","2026-07-22 14:32:46:296","Heggadadevanakote Government Office Cam 5","11.90482","76.139562","48211000000048014","Active","2021-04-29","48211000000074093"
"48211000000130689","48211000000013007","2026-07-22 14:32:46:298","2026-07-22 14:32:46:298","Heggadadevanakote Residential Cam 6","11.9047","76.15793","48211000000048014","Inactive","2022-12-03","48211000000074093"
"48211000000130690","48211000000013007","2026-07-22 14:32:46:299","2026-07-22 14:32:46:299","Heggadadevanakote Market Cam 7","11.895217","76.131149","48211000000048014","Active","2022-02-27","48211000000074093"
"48211000000130691","48211000000013007","2026-07-22 14:32:46:301","2026-07-22 14:32:46:301","Heggadadevanakote Temple Cam 8","11.907184","76.144858","48211000000048014","Active","2022-08-19","48211000000074093"
"48211000000130692","48211000000013007","2026-07-22 14:32:46:302","2026-07-22 14:32:46:302","Piriyapattana Main Road Junction Cam 1","12.280463","76.745848","48211000000048014","Active","2019-04-30","48211000000074094"
"48211000000130693","48211000000013007","2026-07-22 14:32:46:303","2026-07-22 14:32:46:303","Piriyapattana Church Cam 2","12.285084","76.76104","48211000000048014","Active","2024-05-16","48211000000074094"
"48211000000130694","48211000000013007","2026-07-22 14:32:46:305","2026-07-22 14:32:46:305","Piriyapattana Government Office Cam 3","12.24776","76.76061","48211000000048014","Active","2020-09-28","48211000000074094"
"48211000000130695","48211000000013007","2026-07-22 14:32:46:306","2026-07-22 14:32:46:306","Piriyapattana Railway Junction Cam 4","12.258629","76.765689","48211000000048014","Active","2024-03-09","48211000000074094"
"48211000000130696","48211000000013007","2026-07-22 14:32:46:307","2026-07-22 14:32:46:307","Tirumakudalu Narasipura Railway Junction Cam 1","11.768803","76.418909","48211000000048014","Active","2022-07-16","48211000000074095"
"48211000000130697","48211000000013007","2026-07-22 14:32:46:309","2026-07-22 14:32:46:309","Tirumakudalu Narasipura Police HQ Gate Cam 2","11.763066","76.411557","48211000000048014","Active","2022-12-19","48211000000074095"
"48211000000130698","48211000000013007","2026-07-22 14:32:46:310","2026-07-22 14:32:46:310","Tirumakudalu Narasipura Church Cam 3","11.762801","76.399774","48211000000048014","Inactive","2023-03-17","48211000000074095"
"48211000000130699","48211000000013007","2026-07-22 14:32:46:311","2026-07-22 14:32:46:311","Tirumakudalu Narasipura Police HQ Gate Cam 4","11.7498","76.406779","48211000000048014","Active","2021-02-06","48211000000074095"
"48211000000130700","48211000000013007","2026-07-22 14:32:46:313","2026-07-22 14:32:46:313","Tirumakudalu Narasipura Mosque Cam 5","11.751521","76.407902","48211000000048014","Active","2022-07-12","48211000000074095"
"48211000000130701","48211000000013007","2026-07-22 14:32:46:314","2026-07-22 14:32:46:314","Tirumakudalu Narasipura School Zone Cam 6","11.777441","76.396674","48211000000048014","Active","2021-08-31","48211000000074095"
"48211000000130702","48211000000013007","2026-07-22 14:32:46:316","2026-07-22 14:32:46:316","Tirumakudalu Narasipura Temple Cam 7","11.754251","76.402966","48211000000048014","Active","2022-05-23","48211000000074095"
"48211000000130703","48211000000013007","2026-07-22 14:32:46:317","2026-07-22 14:32:46:317","Saraguru Stadium Cam 1","12.206378","76.175884","48211000000048014","Active","2024-09-03","48211000000074096"
"48211000000130704","48211000000013007","2026-07-22 14:32:46:318","2026-07-22 14:32:46:318","Saraguru Railway Junction Cam 2","12.223849","76.17217","48211000000048014","Active","2022-10-25","48211000000074096"
"48211000000130705","48211000000013007","2026-07-22 14:32:46:320","2026-07-22 14:32:46:320","Saraguru Railway Junction Cam 3","12.203111","76.170398","48211000000048014","Active","2022-09-02","48211000000074096"
"48211000000130706","48211000000013007","2026-07-22 14:32:46:321","2026-07-22 14:32:46:321","Saraguru Church Cam 4","12.22146","76.175029","48211000000048014","Active","2024-10-15","48211000000074096"
"48211000000130707","48211000000013007","2026-07-22 14:32:46:322","2026-07-22 14:32:46:322","Saraguru Main Road Junction Cam 5","12.235075","76.183221","48211000000048014","Inactive","2023-05-07","48211000000074096"
"48211000000130708","48211000000013007","2026-07-22 14:32:46:324","2026-07-22 14:32:46:324","Saraguru Market Cam 6","12.221538","76.156457","48211000000048014","Active","2019-06-30","48211000000074096"
"48211000000130709","48211000000013007","2026-07-22 14:32:46:325","2026-07-22 14:32:46:325","Saligrama Stadium Cam 1","12.061617","76.848376","48211000000048014","Inactive","2024-11-02","48211000000074097"
"48211000000130710","48211000000013007","2026-07-22 14:32:46:326","2026-07-22 14:32:46:326","Saligrama Market Cam 2","12.027359","76.857918","48211000000048014","Active","2022-07-02","48211000000074097"
"48211000000130711","48211000000013007","2026-07-22 14:32:46:327","2026-07-22 14:32:46:327","Saligrama Court Complex Cam 3","12.058542","76.862083","48211000000048014","Active","2022-02-07","48211000000074097"
"48211000000130712","48211000000013007","2026-07-22 14:32:46:329","2026-07-22 14:32:46:329","Saligrama Government Office Cam 4","12.032743","76.86016","48211000000048014","Active","2020-09-03","48211000000074097"
"48211000000130713","48211000000013007","2026-07-22 14:32:46:330","2026-07-22 14:32:46:330","Saligrama Police HQ Gate Cam 5","12.046945","76.86114","48211000000048014","Active","2020-02-24","48211000000074097"
"48211000000130714","48211000000013007","2026-07-22 14:32:46:331","2026-07-22 14:32:46:331","Saligrama Bus Stand Cam 6","12.048367","76.855607","48211000000048014","Active","2022-03-06","48211000000074097"
"48211000000130715","48211000000013007","2026-07-22 14:32:46:333","2026-07-22 14:32:46:333","Saligrama Temple Cam 7","12.055989","76.864687","48211000000048014","Active","2022-10-19","48211000000074097"
"48211000000130716","48211000000013007","2026-07-22 14:32:46:334","2026-07-22 14:32:46:334","Saligrama Market Cam 8","12.048424","76.870233","48211000000048014","Active","2019-07-26","48211000000074097"
"48211000000130717","48211000000013007","2026-07-22 14:32:46:335","2026-07-22 14:32:46:335","Raichuru Residential Cam 1","16.135837","77.252197","48211000000054397","Active","2025-09-07","48211000000074098"
"48211000000130718","48211000000013007","2026-07-22 14:32:46:337","2026-07-22 14:32:46:337","Raichuru Main Road Junction Cam 2","16.12213","77.236311","48211000000054397","Active","2025-11-29","48211000000074098"
"48211000000130719","48211000000013007","2026-07-22 14:32:46:338","2026-07-22 14:32:46:338","Raichuru Court Complex Cam 3","16.137645","77.243678","48211000000054397","Active","2024-12-25","48211000000074098"
"48211000000130720","48211000000013007","2026-07-22 14:32:46:339","2026-07-22 14:32:46:339","Raichuru Mosque Cam 4","16.132039","77.247819","48211000000054397","Active","2020-06-23","48211000000074098"
"48211000000130721","48211000000013007","2026-07-22 14:32:46:341","2026-07-22 14:32:46:341","Raichuru Main Road Junction Cam 5","16.131207","77.247153","48211000000054397","Active","2024-02-10","48211000000074098"
"48211000000130722","48211000000013007","2026-07-22 14:32:46:342","2026-07-22 14:32:46:342","Raichuru Mosque Cam 6","16.128667","77.24342","48211000000054397","Active","2021-08-07","48211000000074098"
"48211000000130723","48211000000013007","2026-07-22 14:32:46:343","2026-07-22 14:32:46:343","Raichuru Stadium Cam 7","16.144697","77.25655","48211000000054397","Active","2023-01-28","48211000000074098"
"48211000000130724","48211000000013007","2026-07-22 14:32:46:345","2026-07-22 14:32:46:345","Raichuru Government Office Cam 8","16.126591","77.244586","48211000000054397","Active","2022-08-23","48211000000074098"
"48211000000130725","48211000000013007","2026-07-22 14:32:46:346","2026-07-22 14:32:46:346","Raichuru College Cam 9","16.134022","77.25416","48211000000054397","Active","2024-05-14","48211000000074098"
"48211000000130726","48211000000013007","2026-07-22 14:32:46:347","2026-07-22 14:32:46:347","Raichuru Mosque Cam 10","16.139205","77.250363","48211000000054397","Active","2025-06-11","48211000000074098"
"48211000000130727","48211000000013007","2026-07-22 14:32:46:348","2026-07-22 14:32:46:348","Raichuru Church Cam 11","16.133877","77.248363","48211000000054397","Active","2020-03-14","48211000000074098"
"48211000000130728","48211000000013007","2026-07-22 14:32:46:350","2026-07-22 14:32:46:350","Raichuru Mosque Cam 12","16.128368","77.243398","48211000000054397","Active","2024-03-03","48211000000074098"
"48211000000130729","48211000000013007","2026-07-22 14:32:46:351","2026-07-22 14:32:46:351","Raichuru Police HQ Gate Cam 13","16.135996","77.240856","48211000000054397","Active","2020-10-13","48211000000074098"
"48211000000130730","48211000000013007","2026-07-22 14:32:46:352","2026-07-22 14:32:46:352","Sindhanuru Main Road Junction Cam 1","16.11006","76.263866","48211000000054397","Active","2023-11-19","48211000000074099"
"48211000000130731","48211000000013007","2026-07-22 14:32:46:354","2026-07-22 14:32:46:354","Sindhanuru Main Road Junction Cam 2","16.119314","76.256185","48211000000054397","Active","2019-11-16","48211000000074099"
"48211000000130732","48211000000013007","2026-07-22 14:32:46:355","2026-07-22 14:32:46:355","Sindhanuru Church Cam 3","16.092446","76.259355","48211000000054397","Active","2025-08-22","48211000000074099"
"48211000000130733","48211000000013007","2026-07-22 14:32:46:356","2026-07-22 14:32:46:356","Sindhanuru School Zone Cam 4","16.120571","76.257091","48211000000054397","Active","2020-12-22","48211000000074099"
"48211000000130734","48211000000013007","2026-07-22 14:32:46:358","2026-07-22 14:32:46:358","Sindhanuru Police HQ Gate Cam 5","16.112494","76.257472","48211000000054397","Active","2025-09-08","48211000000074099"
"48211000000130735","48211000000013007","2026-07-22 14:32:46:359","2026-07-22 14:32:46:359","Manvi Market Cam 1","15.665786","76.803109","48211000000054397","Active","2020-07-23","48211000000074100"
"48211000000130736","48211000000013007","2026-07-22 14:32:46:360","2026-07-22 14:32:46:360","Manvi Government Office Cam 2","15.660199","76.824841","48211000000054397","Active","2020-08-23","48211000000074100"
"48211000000130737","48211000000013007","2026-07-22 14:32:46:361","2026-07-22 14:32:46:361","Manvi Temple Cam 3","15.675946","76.793014","48211000000054397","Active","2025-06-25","48211000000074100"
"48211000000130738","48211000000013007","2026-07-22 14:32:46:363","2026-07-22 14:32:46:363","Manvi Stadium Cam 4","15.681295","76.81068","48211000000054397","Active","2025-05-24","48211000000074100"
"48211000000130739","48211000000013007","2026-07-22 14:32:46:364","2026-07-22 14:32:46:364","Manvi Stadium Cam 5","15.655445","76.799845","48211000000054397","Active","2023-11-16","48211000000074100"
"48211000000130740","48211000000013007","2026-07-22 14:32:46:365","2026-07-22 14:32:46:365","Devadurga Police HQ Gate Cam 1","16.40286","76.748552","48211000000054397","Active","2023-07-14","48211000000074101"
"48211000000130741","48211000000013007","2026-07-22 14:32:46:367","2026-07-22 14:32:46:367","Devadurga Market Cam 2","16.398672","76.780682","48211000000054397","Active","2025-02-26","48211000000074101"
"48211000000130742","48211000000013007","2026-07-22 14:32:46:368","2026-07-22 14:32:46:368","Devadurga Railway Junction Cam 3","16.414053","76.791458","48211000000054397","Active","2023-01-11","48211000000074101"
"48211000000130743","48211000000013007","2026-07-22 14:32:46:369","2026-07-22 14:32:46:369","Devadurga Market Cam 4","16.416358","76.768215","48211000000054397","Active","2025-08-14","48211000000074101"
"48211000000130744","48211000000013007","2026-07-22 14:32:46:371","2026-07-22 14:32:46:371","Lingasaguru Residential Cam 1","16.050469","76.619163","48211000000054397","Active","2020-12-11","48211000000074102"
"48211000000130745","48211000000013007","2026-07-22 14:32:46:372","2026-07-22 14:32:46:372","Lingasaguru Residential Cam 2","16.051444","76.637231","48211000000054397","Active","2023-01-15","48211000000074102"
"48211000000130746","48211000000013007","2026-07-22 14:32:46:373","2026-07-22 14:32:46:373","Lingasaguru Church Cam 3","16.057142","76.644158","48211000000054397","Active","2020-07-04","48211000000074102"
"48211000000130747","48211000000013007","2026-07-22 14:32:46:375","2026-07-22 14:32:46:375","Lingasaguru Hospital Cam 4","16.041334","76.632857","48211000000054397","Active","2024-06-16","48211000000074102"
"48211000000130748","48211000000013007","2026-07-22 14:32:46:376","2026-07-22 14:32:46:376","Mudgal Residential Cam 1","16.3024","77.573721","48211000000054397","Active","2025-10-11","48211000000074103"
"48211000000130749","48211000000013007","2026-07-22 14:32:46:377","2026-07-22 14:32:46:377","Mudgal College Cam 2","16.289234","77.55936","48211000000054397","Active","2025-03-11","48211000000074103"
"48211000000130750","48211000000013007","2026-07-22 14:32:46:379","2026-07-22 14:32:46:379","Mudgal Court Complex Cam 3","16.316125","77.560553","48211000000054397","Active","2025-10-12","48211000000074103"
"48211000000130751","48211000000013007","2026-07-22 14:32:46:380","2026-07-22 14:32:46:380","Sirawara Residential Cam 1","16.47609","77.08922","48211000000054397","Active","2025-06-18","48211000000074105"
"48211000000130752","48211000000013007","2026-07-22 14:32:46:381","2026-07-22 14:32:46:381","Sirawara Police HQ Gate Cam 2","16.475021","77.103319","48211000000054397","Active","2023-02-18","48211000000074105"
"48211000000130753","48211000000013007","2026-07-22 14:32:46:383","2026-07-22 14:32:46:383","Sirawara Main Road Junction Cam 3","16.476443","77.09214","48211000000054397","Active","2024-11-26","48211000000074105"
"48211000000130754","48211000000013007","2026-07-22 14:32:46:384","2026-07-22 14:32:46:384","Sirawara Mosque Cam 4","16.473879","77.11776","48211000000054397","Active","2024-10-18","48211000000074105"
"48211000000130755","48211000000013007","2026-07-22 14:32:46:385","2026-07-22 14:32:46:385","Sirawara School Zone Cam 5","16.475024","77.096195","48211000000054397","Active","2026-01-27","48211000000074105"
"48211000000130756","48211000000013007","2026-07-22 14:32:46:387","2026-07-22 14:32:46:387","Sirawara School Zone Cam 6","16.472036","77.111664","48211000000054397","Active","2025-01-17","48211000000074105"
"48211000000130757","48211000000013007","2026-07-22 14:32:46:388","2026-07-22 14:32:46:388","Sirawara Market Cam 7","16.492755","77.087607","48211000000054397","Active","2024-12-31","48211000000074105"
"48211000000130758","48211000000013007","2026-07-22 14:32:46:390","2026-07-22 14:32:46:390","Ramanagara College Cam 1","13.116826","77.152955","48211000000054398","Active","2022-09-19","48211000000074106"
"48211000000130759","48211000000013007","2026-07-22 14:32:46:391","2026-07-22 14:32:46:391","Ramanagara Mosque Cam 2","13.115756","77.167533","48211000000054398","Active","2020-11-17","48211000000074106"
"48211000000130760","48211000000013007","2026-07-22 14:32:46:392","2026-07-22 14:32:46:392","Ramanagara Main Road Junction Cam 3","13.117163","77.161257","48211000000054398","Active","2025-04-27","48211000000074106"
"48211000000130761","48211000000013007","2026-07-22 14:32:46:394","2026-07-22 14:32:46:394","Ramanagara Police HQ Gate Cam 4","13.114364","77.157755","48211000000054398","Active","2019-07-31","48211000000074106"
"48211000000130762","48211000000013007","2026-07-22 14:32:46:395","2026-07-22 14:32:46:395","Ramanagara Main Road Junction Cam 5","13.127709","77.157903","48211000000054398","Active","2022-03-20","48211000000074106"
"48211000000130763","48211000000013007","2026-07-22 14:32:46:396","2026-07-22 14:32:46:396","Ramanagara School Zone Cam 6","13.123052","77.166379","48211000000054398","Active","2022-02-12","48211000000074106"
"48211000000130764","48211000000013007","2026-07-22 14:32:46:398","2026-07-22 14:32:46:398","Kanakapura School Zone Cam 1","12.609194","77.147473","48211000000054398","Active","2025-08-20","48211000000074108"
"48211000000130765","48211000000013007","2026-07-22 14:32:46:399","2026-07-22 14:32:46:399","Kanakapura Bus Stand Cam 2","12.593468","77.118539","48211000000054398","Active","2021-12-06","48211000000074108"
"48211000000130766","48211000000013007","2026-07-22 14:32:46:401","2026-07-22 14:32:46:401","Channapattana Church Cam 1","12.751061","77.593419","48211000000054398","Inactive","2019-12-12","48211000000074109"
"48211000000130767","48211000000013007","2026-07-22 14:32:46:402","2026-07-22 14:32:46:402","Harohalli College Cam 1","12.864679","77.321311","48211000000054398","Active","2023-08-19","48211000000074110"
"48211000000130768","48211000000013007","2026-07-22 14:32:46:403","2026-07-22 14:32:46:403","Harohalli College Cam 2","12.864646","77.310436","48211000000054398","Active","2020-11-16","48211000000074110"
"48211000000130769","48211000000013007","2026-07-22 14:32:46:405","2026-07-22 14:32:46:405","Harohalli Bus Stand Cam 3","12.842619","77.308612","48211000000054398","Inactive","2021-12-18","48211000000074110"
"48211000000130770","48211000000013007","2026-07-22 14:32:46:406","2026-07-22 14:32:46:406","Harohalli Hospital Cam 4","12.858677","77.322108","48211000000054398","Active","2024-05-04","48211000000074110"
"48211000000130771","48211000000013007","2026-07-22 14:32:46:407","2026-07-22 14:32:46:407","Shivamogga Stadium Cam 1","14.339892","74.987028","48211000000054399","Active","2023-04-05","48211000000074111"
"48211000000130772","48211000000013007","2026-07-22 14:32:46:409","2026-07-22 14:32:46:409","Shivamogga Temple Cam 2","14.349421","74.970656","48211000000054399","Active","2023-11-16","48211000000074111"
"48211000000130773","48211000000013007","2026-07-22 14:32:46:410","2026-07-22 14:32:46:410","Shivamogga College Cam 3","14.342275","74.979652","48211000000054399","Active","2022-07-17","48211000000074111"
"48211000000130774","48211000000013007","2026-07-22 14:32:46:412","2026-07-22 14:32:46:412","Shivamogga Market Cam 4","14.32813","74.972884","48211000000054399","Active","2024-12-16","48211000000074111"
"48211000000130775","48211000000013007","2026-07-22 14:32:46:413","2026-07-22 14:32:46:413","Shivamogga Residential Cam 5","14.33955","74.989742","48211000000054399","Active","2026-04-24","48211000000074111"
"48211000000130776","48211000000013007","2026-07-22 14:32:46:414","2026-07-22 14:32:46:414","Shivamogga Temple Cam 6","14.354342","74.972163","48211000000054399","Active","2021-11-11","48211000000074111"
"48211000000130777","48211000000013007","2026-07-22 14:32:46:416","2026-07-22 14:32:46:416","Shivamogga Mosque Cam 7","14.349064","74.970985","48211000000054399","Active","2021-09-17","48211000000074111"
"48211000000130778","48211000000013007","2026-07-22 14:32:46:417","2026-07-22 14:32:46:417","Shivamogga Court Complex Cam 8","14.33606","74.969044","48211000000054399","Active","2021-01-06","48211000000074111"
"48211000000130779","48211000000013007","2026-07-22 14:32:46:419","2026-07-22 14:32:46:419","Shivamogga Market Cam 9","14.342697","74.984706","48211000000054399","Active","2019-02-18","48211000000074111"
"48211000000130780","48211000000013007","2026-07-22 14:32:46:420","2026-07-22 14:32:46:420","Shivamogga Government Office Cam 10","14.341305","74.972677","48211000000054399","Active","2021-06-17","48211000000074111"
"48211000000130781","48211000000013007","2026-07-22 14:32:46:422","2026-07-22 14:32:46:422","Shivamogga Market Cam 11","14.354119","74.97933","48211000000054399","Inactive","2020-01-12","48211000000074111"
"48211000000130782","48211000000013007","2026-07-22 14:32:46:423","2026-07-22 14:32:46:423","Shivamogga Stadium Cam 12","14.341845","74.978684","48211000000054399","Active","2025-09-21","48211000000074111"
"48211000000130783","48211000000013007","2026-07-22 14:32:46:424","2026-07-22 14:32:46:424","Shivamogga School Zone Cam 13","14.332369","74.976693","48211000000054399","Active","2025-10-12","48211000000074111"
"48211000000130784","48211000000013007","2026-07-22 14:32:46:426","2026-07-22 14:32:46:426","Shivamogga Stadium Cam 14","14.340607","74.978268","48211000000054399","Active","2021-01-26","48211000000074111"
"48211000000130785","48211000000013007","2026-07-22 14:32:46:427","2026-07-22 14:32:46:427","Shivamogga Temple Cam 15","14.328669","74.974452","48211000000054399","Active","2026-05-29","48211000000074111"
"48211000000130786","48211000000013007","2026-07-22 14:32:46:428","2026-07-22 14:32:46:428","Shivamogga Stadium Cam 16","14.330737","74.969394","48211000000054399","Active","2023-10-15","48211000000074111"
"48211000000130787","48211000000013007","2026-07-22 14:32:46:430","2026-07-22 14:32:46:430","Sagara Hospital Cam 1","13.889967","75.807793","48211000000054399","Active","2022-02-09","48211000000074112"
"48211000000130788","48211000000013007","2026-07-22 14:32:46:431","2026-07-22 14:32:46:431","Sagara Bus Stand Cam 2","13.886194","75.802384","48211000000054399","Active","2021-11-23","48211000000074112"
"48211000000130789","48211000000013007","2026-07-22 14:32:46:433","2026-07-22 14:32:46:433","Sagara College Cam 3","13.89587","75.813701","48211000000054399","Active","2021-04-01","48211000000074112"
"48211000000130790","48211000000013007","2026-07-22 14:32:46:434","2026-07-22 14:32:46:434","Sagara College Cam 4","13.886818","75.821895","48211000000054399","Active","2025-01-23","48211000000074112"
"48211000000130791","48211000000013007","2026-07-22 14:32:46:435","2026-07-22 14:32:46:435","Sagara Government Office Cam 5","13.891412","75.81926","48211000000054399","Active","2023-12-14","48211000000074112"
"48211000000130792","48211000000013007","2026-07-22 14:32:46:437","2026-07-22 14:32:46:437","Sagara School Zone Cam 6","13.884177","75.828964","48211000000054399","Active","2021-10-23","48211000000074112"
"48211000000130793","48211000000013007","2026-07-22 14:32:46:438","2026-07-22 14:32:46:438","Sagara College Cam 7","13.876498","75.833648","48211000000054399","Active","2026-03-07","48211000000074112"
"48211000000130794","48211000000013007","2026-07-22 14:32:46:440","2026-07-22 14:32:46:440","Shikaripura Police HQ Gate Cam 1","13.925981","74.72588","48211000000054399","Inactive","2024-07-02","48211000000074115"
"48211000000130795","48211000000013007","2026-07-22 14:32:46:441","2026-07-22 14:32:46:441","Shikaripura Main Road Junction Cam 2","13.940988","74.703332","48211000000054399","Active","2019-10-15","48211000000074115"
"48211000000130796","48211000000013007","2026-07-22 14:32:46:442","2026-07-22 14:32:46:442","Shikaripura Main Road Junction Cam 3","13.935127","74.724997","48211000000054399","Active","2024-05-28","48211000000074115"
"48211000000130797","48211000000013007","2026-07-22 14:32:46:444","2026-07-22 14:32:46:444","Soraba Government Office Cam 1","13.950825","75.23245","48211000000054399","Active","2019-08-15","48211000000074116"
"48211000000130798","48211000000013007","2026-07-22 14:32:46:445","2026-07-22 14:32:46:445","Soraba School Zone Cam 2","13.930865","75.260351","48211000000054399","Active","2022-10-24","48211000000074116"
"48211000000130799","48211000000013007","2026-07-22 14:32:46:447","2026-07-22 14:32:46:447","Soraba Mosque Cam 3","13.934962","75.24436","48211000000054399","Active","2021-04-11","48211000000074116"
"48211000000130800","48211000000013007","2026-07-22 14:32:46:448","2026-07-22 14:32:46:448","Soraba Residential Cam 4","13.935481","75.250141","48211000000054399","Active","2022-05-09","48211000000074116"
"48211000000130801","48211000000013007","2026-07-22 14:32:46:449","2026-07-22 14:32:46:449","Soraba Government Office Cam 5","13.925016","75.259017","48211000000054399","Active","2024-06-15","48211000000074116"
"48211000000130802","48211000000013007","2026-07-22 14:32:46:451","2026-07-22 14:32:46:451","Soraba Main Road Junction Cam 6","13.933092","75.244844","48211000000054399","Active","2019-05-27","48211000000074116"
"48211000000130803","48211000000013007","2026-07-22 14:32:46:452","2026-07-22 14:32:46:452","Tirthahalli Residential Cam 1","14.546894","75.254376","48211000000054399","Active","2025-01-23","48211000000074117"
"48211000000130804","48211000000013007","2026-07-22 14:32:46:454","2026-07-22 14:32:46:454","Tirthahalli Church Cam 2","14.52454","75.23773","48211000000054399","Active","2019-03-09","48211000000074117"
"48211000000130805","48211000000013007","2026-07-22 14:32:46:455","2026-07-22 14:32:46:455","Tirthahalli Mosque Cam 3","14.524799","75.253509","48211000000054399","Active","2023-07-19","48211000000074117"
"48211000000130806","48211000000013007","2026-07-22 14:32:46:457","2026-07-22 14:32:46:457","Tirthahalli Government Office Cam 4","14.522019","75.253665","48211000000054399","Active","2025-01-06","48211000000074117"
"48211000000130807","48211000000013007","2026-07-22 14:32:46:458","2026-07-22 14:32:46:458","Tirthahalli Stadium Cam 5","14.522907","75.249656","48211000000054399","Active","2020-08-02","48211000000074117"
"48211000000130808","48211000000013007","2026-07-22 14:32:46:460","2026-07-22 14:32:46:460","Tirthahalli Stadium Cam 6","14.525827","75.263993","48211000000054399","Active","2019-07-07","48211000000074117"
"48211000000130809","48211000000013007","2026-07-22 14:32:46:461","2026-07-22 14:32:46:461","Tirthahalli Market Cam 7","14.520114","75.249346","48211000000054399","Active","2019-07-24","48211000000074117"
"48211000000130810","48211000000013007","2026-07-22 14:32:46:463","2026-07-22 14:32:46:463","Tumakuru Police HQ Gate Cam 1","14.1745","77.206387","48211000000054400","Active","2025-08-17","48211000000074118"
"48211000000130811","48211000000013007","2026-07-22 14:32:46:464","2026-07-22 14:32:46:464","Tumakuru School Zone Cam 2","14.165916","77.195586","48211000000054400","Active","2025-11-26","48211000000074118"
"48211000000130812","48211000000013007","2026-07-22 14:32:46:466","2026-07-22 14:32:46:466","Tumakuru Residential Cam 3","14.163492","77.196383","48211000000054400","Active","2023-07-05","48211000000074118"
"48211000000130813","48211000000013007","2026-07-22 14:32:46:467","2026-07-22 14:32:46:467","Tumakuru Police HQ Gate Cam 4","14.166066","77.200506","48211000000054400","Active","2022-08-10","48211000000074118"
"48211000000130814","48211000000013007","2026-07-22 14:32:46:469","2026-07-22 14:32:46:469","Tumakuru Mosque Cam 5","14.153792","77.198888","48211000000054400","Inactive","2020-12-11","48211000000074118"
"48211000000130815","48211000000013007","2026-07-22 14:32:46:470","2026-07-22 14:32:46:470","Tumakuru Hospital Cam 6","14.170604","77.199218","48211000000054400","Active","2020-11-19","48211000000074118"
"48211000000130816","48211000000013007","2026-07-22 14:32:46:471","2026-07-22 14:32:46:471","Tumakuru College Cam 7","14.163143","77.18415","48211000000054400","Active","2025-07-11","48211000000074118"
"48211000000130817","48211000000013007","2026-07-22 14:32:46:473","2026-07-22 14:32:46:473","Tumakuru Church Cam 8","14.167249","77.195697","48211000000054400","Active","2023-03-21","48211000000074118"
"48211000000130818","48211000000013007","2026-07-22 14:32:46:474","2026-07-22 14:32:46:474","Tumakuru College Cam 9","14.168098","77.208089","48211000000054400","Active","2019-01-30","48211000000074118"
"48211000000130819","48211000000013007","2026-07-22 14:32:46:476","2026-07-22 14:32:46:476","Tumakuru Government Office Cam 10","14.168407","77.197688","48211000000054400","Active","2022-03-08","48211000000074118"
"48211000000130820","48211000000013007","2026-07-22 14:32:46:477","2026-07-22 14:32:46:477","Tumakuru Mosque Cam 11","14.160546","77.197603","48211000000054400","Active","2020-06-03","48211000000074118"
"48211000000130821","48211000000013007","2026-07-22 14:32:46:478","2026-07-22 14:32:46:478","Tumakuru Railway Junction Cam 12","14.164287","77.192945","48211000000054400","Active","2021-09-06","48211000000074118"
"48211000000130822","48211000000013007","2026-07-22 14:32:46:480","2026-07-22 14:32:46:480","Tumakuru Market Cam 13","14.157125","77.183091","48211000000054400","Active","2024-08-09","48211000000074118"
"48211000000130823","48211000000013007","2026-07-22 14:32:46:481","2026-07-22 14:32:46:481","Tumakuru Church Cam 14","14.172075","77.203856","48211000000054400","Active","2022-11-25","48211000000074118"
"48211000000130824","48211000000013007","2026-07-22 14:32:46:483","2026-07-22 14:32:46:483","Tumakuru Court Complex Cam 15","14.164452","77.188597","48211000000054400","Active","2024-12-11","48211000000074118"
"48211000000130825","48211000000013007","2026-07-22 14:32:46:484","2026-07-22 14:32:46:484","Tumakuru Church Cam 16","14.156096","77.183161","48211000000054400","Active","2025-01-19","48211000000074118"
"48211000000130826","48211000000013007","2026-07-22 14:32:46:485","2026-07-22 14:32:46:485","Chikkanayakanahalli Temple Cam 1","12.752402","77.073808","48211000000054400","Inactive","2020-04-06","48211000000074119"
"48211000000130827","48211000000013007","2026-07-22 14:32:46:487","2026-07-22 14:32:46:487","Chikkanayakanahalli Stadium Cam 2","12.750535","77.076123","48211000000054400","Active","2020-12-23","48211000000074119"
"48211000000130828","48211000000013007","2026-07-22 14:32:46:488","2026-07-22 14:32:46:488","Chikkanayakanahalli Market Cam 3","12.765331","77.086666","48211000000054400","Active","2022-03-13","48211000000074119"
"48211000000130829","48211000000013007","2026-07-22 14:32:46:490","2026-07-22 14:32:46:490","Chikkanayakanahalli Police HQ Gate Cam 4","12.771732","77.083361","48211000000054400","Active","2024-01-31","48211000000074119"
"48211000000130830","48211000000013007","2026-07-22 14:32:46:491","2026-07-22 14:32:46:491","Chikkanayakanahalli Stadium Cam 5","12.766038","77.083343","48211000000054400","Active","2020-10-09","48211000000074119"
"48211000000130831","48211000000013007","2026-07-22 14:32:46:492","2026-07-22 14:32:46:492","Kunigal Court Complex Cam 1","13.574736","76.389935","48211000000054400","Active","2025-08-24","48211000000074120"
"48211000000130832","48211000000013007","2026-07-22 14:32:46:494","2026-07-22 14:32:46:494","Kunigal Main Road Junction Cam 2","13.5761","76.367435","48211000000054400","Active","2022-08-27","48211000000074120"
"48211000000130833","48211000000013007","2026-07-22 14:32:46:495","2026-07-22 14:32:46:495","Kunigal Court Complex Cam 3","13.573048","76.383272","48211000000054400","Active","2023-08-17","48211000000074120"
"48211000000130834","48211000000013007","2026-07-22 14:32:46:497","2026-07-22 14:32:46:497","Kunigal Court Complex Cam 4","13.583549","76.364869","48211000000054400","Active","2025-07-24","48211000000074120"
"48211000000130835","48211000000013007","2026-07-22 14:32:46:498","2026-07-22 14:32:46:498","Kunigal Hospital Cam 5","13.562813","76.387838","48211000000054400","Active","2025-11-01","48211000000074120"
"48211000000130836","48211000000013007","2026-07-22 14:32:46:500","2026-07-22 14:32:46:500","Madhugiri Court Complex Cam 1","13.449914","77.24039","48211000000054400","Active","2022-01-09","48211000000074121"
"48211000000130837","48211000000013007","2026-07-22 14:32:46:501","2026-07-22 14:32:46:501","Madhugiri Main Road Junction Cam 2","13.450971","77.252001","48211000000054400","Active","2022-02-23","48211000000074121"
"48211000000130838","48211000000013007","2026-07-22 14:32:46:502","2026-07-22 14:32:46:502","Madhugiri College Cam 3","13.445238","77.250621","48211000000054400","Active","2022-11-08","48211000000074121"
"48211000000130839","48211000000013007","2026-07-22 14:32:46:504","2026-07-22 14:32:46:504","Madhugiri Hospital Cam 4","13.45246","77.247311","48211000000054400","Active","2026-02-26","48211000000074121"
"48211000000130840","48211000000013007","2026-07-22 14:32:46:505","2026-07-22 14:32:46:505","Madhugiri Police HQ Gate Cam 5","13.43571","77.267029","48211000000054400","Active","2021-07-29","48211000000074121"
"48211000000130841","48211000000013007","2026-07-22 14:32:46:506","2026-07-22 14:32:46:506","Tipturu College Cam 1","13.914825","76.773415","48211000000054400","Active","2022-02-17","48211000000074123"
"48211000000130842","48211000000013007","2026-07-22 14:32:46:508","2026-07-22 14:32:46:508","Tipturu Church Cam 2","13.895979","76.768926","48211000000054400","Active","2022-09-02","48211000000074123"
"48211000000130843","48211000000013007","2026-07-22 14:32:46:509","2026-07-22 14:32:46:509","Tipturu Stadium Cam 3","13.90547","76.770967","48211000000054400","Active","2020-09-02","48211000000074123"
"48211000000130844","48211000000013007","2026-07-22 14:32:46:511","2026-07-22 14:32:46:511","Tipturu Residential Cam 4","13.883557","76.786242","48211000000054400","Active","2019-06-14","48211000000074123"
"48211000000130845","48211000000013007","2026-07-22 14:32:46:512","2026-07-22 14:32:46:512","Tipturu Railway Junction Cam 5","13.873631","76.766845","48211000000054400","Inactive","2024-12-15","48211000000074123"
"48211000000130846","48211000000013007","2026-07-22 14:32:46:513","2026-07-22 14:32:46:513","Gubbi Court Complex Cam 1","13.471735","76.789925","48211000000054400","Active","2019-02-20","48211000000074124"
"48211000000130847","48211000000013007","2026-07-22 14:32:46:515","2026-07-22 14:32:46:515","Gubbi Court Complex Cam 2","13.474933","76.794734","48211000000054400","Active","2022-04-26","48211000000074124"
"48211000000130848","48211000000013007","2026-07-22 14:32:46:516","2026-07-22 14:32:46:516","Gubbi Market Cam 3","13.466254","76.813639","48211000000054400","Active","2022-06-02","48211000000074124"
"48211000000130849","48211000000013007","2026-07-22 14:32:46:518","2026-07-22 14:32:46:518","Gubbi Police HQ Gate Cam 4","13.467212","76.804477","48211000000054400","Active","2019-04-10","48211000000074124"
"48211000000130850","48211000000013007","2026-07-22 14:32:46:519","2026-07-22 14:32:46:519","Gubbi Hospital Cam 5","13.471254","76.786073","48211000000054400","Active","2023-07-19","48211000000074124"
"48211000000130851","48211000000013007","2026-07-22 14:32:46:521","2026-07-22 14:32:46:521","Gubbi Government Office Cam 6","13.463281","76.811065","48211000000054400","Active","2026-02-07","48211000000074124"
"48211000000130852","48211000000013007","2026-07-22 14:32:46:522","2026-07-22 14:32:46:522","Gubbi Residential Cam 7","13.466268","76.80808","48211000000054400","Active","2022-09-25","48211000000074124"
"48211000000130853","48211000000013007","2026-07-22 14:32:46:523","2026-07-22 14:32:46:523","Koratagere Police HQ Gate Cam 1","13.80307","77.416901","48211000000054400","Active","2021-04-28","48211000000074125"
"48211000000130854","48211000000013007","2026-07-22 14:32:46:525","2026-07-22 14:32:46:525","Koratagere Stadium Cam 2","13.802192","77.43408","48211000000054400","Active","2019-08-13","48211000000074125"
"48211000000130855","48211000000013007","2026-07-22 14:32:46:526","2026-07-22 14:32:46:526","Koratagere Bus Stand Cam 3","13.78734","77.428205","48211000000054400","Active","2020-03-30","48211000000074125"
"48211000000130856","48211000000013007","2026-07-22 14:32:46:527","2026-07-22 14:32:46:527","Koratagere Market Cam 4","13.795414","77.409454","48211000000054400","Active","2020-12-18","48211000000074125"
"48211000000130857","48211000000013007","2026-07-22 14:32:46:529","2026-07-22 14:32:46:529","Pavagada Court Complex Cam 1","13.146406","77.036113","48211000000054400","Active","2022-10-03","48211000000074126"
"48211000000130858","48211000000013007","2026-07-22 14:32:46:530","2026-07-22 14:32:46:530","Pavagada College Cam 2","13.151384","77.040677","48211000000054400","Active","2025-07-04","48211000000074126"
"48211000000130859","48211000000013007","2026-07-22 14:32:46:532","2026-07-22 14:32:46:532","Pavagada Mosque Cam 3","13.129101","77.030622","48211000000054400","Active","2021-07-12","48211000000074126"
"48211000000130860","48211000000013007","2026-07-22 14:32:46:533","2026-07-22 14:32:46:533","Pavagada Railway Junction Cam 4","13.143549","77.042444","48211000000054400","Active","2022-02-09","48211000000074126"
"48211000000130861","48211000000013007","2026-07-22 14:32:46:534","2026-07-22 14:32:46:534","Pavagada College Cam 5","13.148746","77.035626","48211000000054400","Active","2024-11-27","48211000000074126"
"48211000000130862","48211000000013007","2026-07-22 14:32:46:536","2026-07-22 14:32:46:536","Pavagada Railway Junction Cam 6","13.151349","77.017654","48211000000054400","Active","2024-12-22","48211000000074126"
"48211000000130863","48211000000013007","2026-07-22 14:32:46:538","2026-07-22 14:32:46:538","Pavagada Bus Stand Cam 7","13.153887","77.016641","48211000000054400","Active","2019-09-26","48211000000074126"
"48211000000130864","48211000000013007","2026-07-22 14:32:46:540","2026-07-22 14:32:46:540","Turuvekere Hospital Cam 1","13.73195","77.111625","48211000000054400","Active","2019-11-12","48211000000074127"
"48211000000130865","48211000000013007","2026-07-22 14:32:46:541","2026-07-22 14:32:46:541","Turuvekere Main Road Junction Cam 2","13.733133","77.112779","48211000000054400","Active","2020-09-08","48211000000074127"
"48211000000130866","48211000000013007","2026-07-22 14:32:46:543","2026-07-22 14:32:46:543","Turuvekere Government Office Cam 3","13.728149","77.093075","48211000000054400","Inactive","2023-09-03","48211000000074127"
"48211000000130867","48211000000013007","2026-07-22 14:32:46:545","2026-07-22 14:32:46:545","Turuvekere Hospital Cam 4","13.725082","77.091468","48211000000054400","Active","2023-09-17","48211000000074127"
"48211000000130868","48211000000013007","2026-07-22 14:32:46:546","2026-07-22 14:32:46:546","Turuvekere Temple Cam 5","13.722816","77.106867","48211000000054400","Active","2019-04-01","48211000000074127"
"48211000000130869","48211000000013007","2026-07-22 14:32:46:548","2026-07-22 14:32:46:548","Udupi Bus Stand Cam 1","13.800772","74.619063","48211000000054401","Active","2022-11-05","48211000000074128"
"48211000000130870","48211000000013007","2026-07-22 14:32:46:550","2026-07-22 14:32:46:550","Udupi College Cam 2","13.792086","74.635411","48211000000054401","Active","2024-12-11","48211000000074128"
"48211000000130871","48211000000013007","2026-07-22 14:32:46:551","2026-07-22 14:32:46:551","Udupi Temple Cam 3","13.807041","74.619665","48211000000054401","Active","2022-06-09","48211000000074128"
"48211000000130872","48211000000013007","2026-07-22 14:32:46:553","2026-07-22 14:32:46:553","Udupi College Cam 4","13.805216","74.63272","48211000000054401","Active","2022-03-26","48211000000074128"
"48211000000130873","48211000000013007","2026-07-22 14:32:46:554","2026-07-22 14:32:46:554","Udupi Bus Stand Cam 5","13.806093","74.64519","48211000000054401","Active","2020-11-12","48211000000074128"
"48211000000130874","48211000000013007","2026-07-22 14:32:46:556","2026-07-22 14:32:46:556","Udupi Railway Junction Cam 6","13.810933","74.638392","48211000000054401","Active","2020-12-19","48211000000074128"
"48211000000130875","48211000000013007","2026-07-22 14:32:46:558","2026-07-22 14:32:46:558","Udupi Government Office Cam 7","13.789694","74.627975","48211000000054401","Active","2020-10-22","48211000000074128"
"48211000000130876","48211000000013007","2026-07-22 14:32:46:560","2026-07-22 14:32:46:560","Udupi Bus Stand Cam 8","13.803423","74.63674","48211000000054401","Active","2023-12-11","48211000000074128"
"48211000000130877","48211000000013007","2026-07-22 14:32:46:561","2026-07-22 14:32:46:561","Udupi Railway Junction Cam 9","13.806307","74.634639","48211000000054401","Active","2022-07-22","48211000000074128"
"48211000000130878","48211000000013007","2026-07-22 14:32:46:563","2026-07-22 14:32:46:563","Udupi College Cam 10","13.815146","74.642669","48211000000054401","Active","2020-10-27","48211000000074128"
"48211000000130879","48211000000013007","2026-07-22 14:32:46:565","2026-07-22 14:32:46:565","Udupi Market Cam 11","13.808419","74.639338","48211000000054401","Active","2024-08-07","48211000000074128"
"48211000000130880","48211000000013007","2026-07-22 14:32:46:567","2026-07-22 14:32:46:567","Udupi Stadium Cam 12","13.798421","74.645049","48211000000054401","Active","2019-01-18","48211000000074128"
"48211000000130881","48211000000013007","2026-07-22 14:32:46:568","2026-07-22 14:32:46:568","Udupi Railway Junction Cam 13","13.797939","74.617376","48211000000054401","Active","2022-04-25","48211000000074128"
"48211000000130882","48211000000013007","2026-07-22 14:32:46:570","2026-07-22 14:32:46:570","Udupi Mosque Cam 14","13.809882","74.63094","48211000000054401","Active","2025-06-07","48211000000074128"
"48211000000130883","48211000000013007","2026-07-22 14:32:46:572","2026-07-22 14:32:46:572","Udupi Main Road Junction Cam 15","13.792143","74.636313","48211000000054401","Active","2023-12-16","48211000000074128"
"48211000000130884","48211000000013007","2026-07-22 14:32:46:573","2026-07-22 14:32:46:573","Kapu Hospital Cam 1","12.997127","75.026932","48211000000054401","Active","2020-04-23","48211000000074129"
"48211000000130885","48211000000013007","2026-07-22 14:32:46:575","2026-07-22 14:32:46:575","Kapu Church Cam 2","13.010819","75.007435","48211000000054401","Active","2023-01-03","48211000000074129"
"48211000000130886","48211000000013007","2026-07-22 14:32:46:577","2026-07-22 14:32:46:577","Kundapura Mosque Cam 1","13.756084","74.92383","48211000000054401","Active","2019-04-03","48211000000074132"
"48211000000130887","48211000000013007","2026-07-22 14:32:46:579","2026-07-22 14:32:46:579","Kundapura Government Office Cam 2","13.766185","74.922579","48211000000054401","Active","2019-12-24","48211000000074132"
"48211000000130888","48211000000013007","2026-07-22 14:32:46:581","2026-07-22 14:32:46:581","Kundapura College Cam 3","13.781246","74.903616","48211000000054401","Active","2025-10-14","48211000000074132"
"48211000000130889","48211000000013007","2026-07-22 14:32:46:582","2026-07-22 14:32:46:582","Kundapura Government Office Cam 4","13.771686","74.93258","48211000000054401","Active","2020-08-28","48211000000074132"
"48211000000130890","48211000000013007","2026-07-22 14:32:46:584","2026-07-22 14:32:46:584","Kundapura Residential Cam 5","13.774793","74.90653","48211000000054401","Active","2022-03-11","48211000000074132"
"48211000000130891","48211000000013007","2026-07-22 14:32:46:586","2026-07-22 14:32:46:586","Kundapura College Cam 6","13.774969","74.918591","48211000000054401","Active","2019-12-25","48211000000074132"
"48211000000130892","48211000000013007","2026-07-22 14:32:46:588","2026-07-22 14:32:46:588","Hebri College Cam 1","13.225023","75.141646","48211000000054401","Active","2023-10-03","48211000000074133"
"48211000000130893","48211000000013007","2026-07-22 14:32:46:590","2026-07-22 14:32:46:590","Hebri Church Cam 2","13.225001","75.141981","48211000000054401","Active","2019-12-19","48211000000074133"
"48211000000130894","48211000000013007","2026-07-22 14:32:46:591","2026-07-22 14:32:46:591","Hebri Church Cam 3","13.219632","75.155355","48211000000054401","Active","2022-10-05","48211000000074133"
"48211000000130895","48211000000013007","2026-07-22 14:32:46:593","2026-07-22 14:32:46:593","Hebri Mosque Cam 4","13.216207","75.157928","48211000000054401","Active","2019-01-28","48211000000074133"
"48211000000130896","48211000000013007","2026-07-22 14:32:46:595","2026-07-22 14:32:46:595","Hebri Residential Cam 5","13.211853","75.164582","48211000000054401","Active","2024-03-07","48211000000074133"
"48211000000130897","48211000000013007","2026-07-22 14:32:46:596","2026-07-22 14:32:46:596","Brahmavara Temple Cam 1","13.257113","74.92865","48211000000054401","Active","2019-06-22","48211000000074134"
"48211000000130898","48211000000013007","2026-07-22 14:32:46:598","2026-07-22 14:32:46:598","Brahmavara Police HQ Gate Cam 2","13.278565","74.920261","48211000000054401","Active","2025-04-09","48211000000074134"
"48211000000130899","48211000000013007","2026-07-22 14:32:46:599","2026-07-22 14:32:46:599","Brahmavara Mosque Cam 3","13.277464","74.9291","48211000000054401","Inactive","2021-12-11","48211000000074134"
"48211000000130900","48211000000013007","2026-07-22 14:32:46:601","2026-07-22 14:32:46:601","Karwara Temple Cam 1","14.526892","74.539924","48211000000054402","Active","2024-07-07","48211000000074135"
"48211000000130901","48211000000013007","2026-07-22 14:32:46:602","2026-07-22 14:32:46:602","Karwara Market Cam 2","14.513187","74.528427","48211000000054402","Active","2022-02-09","48211000000074135"
"48211000000130902","48211000000013007","2026-07-22 14:32:46:603","2026-07-22 14:32:46:603","Karwara Police HQ Gate Cam 3","14.52727","74.552657","48211000000054402","Active","2025-07-08","48211000000074135"
"48211000000130903","48211000000013007","2026-07-22 14:32:46:605","2026-07-22 14:32:46:605","Sirsi College Cam 1","15.487303","74.281399","48211000000054402","Active","2020-05-04","48211000000074136"
"48211000000130904","48211000000013007","2026-07-22 14:32:46:606","2026-07-22 14:32:46:606","Sirsi Market Cam 2","15.493032","74.294545","48211000000054402","Active","2020-10-29","48211000000074136"
"48211000000130905","48211000000013007","2026-07-22 14:32:46:608","2026-07-22 14:32:46:608","Sirsi College Cam 3","15.511798","74.303733","48211000000054402","Active","2020-07-08","48211000000074136"
"48211000000130906","48211000000013007","2026-07-22 14:32:46:609","2026-07-22 14:32:46:609","Joida Bus Stand Cam 1","15.054331","75.061884","48211000000054402","Inactive","2022-04-09","48211000000074137"
"48211000000130907","48211000000013007","2026-07-22 14:32:46:610","2026-07-22 14:32:46:610","Joida Railway Junction Cam 2","15.055828","75.078782","48211000000054402","Active","2026-01-16","48211000000074137"
"48211000000130908","48211000000013007","2026-07-22 14:32:46:612","2026-07-22 14:32:46:612","Joida Mosque Cam 3","15.062784","75.070947","48211000000054402","Active","2022-08-14","48211000000074137"
"48211000000130909","48211000000013007","2026-07-22 14:32:46:613","2026-07-22 14:32:46:613","Dandeli Bus Stand Cam 1","14.897157","74.107569","48211000000054402","Active","2025-07-03","48211000000074138"
"48211000000130910","48211000000013007","2026-07-22 14:32:46:615","2026-07-22 14:32:46:615","Dandeli Hospital Cam 2","14.909165","74.114676","48211000000054402","Active","2023-03-08","48211000000074138"
"48211000000130911","48211000000013007","2026-07-22 14:32:46:616","2026-07-22 14:32:46:616","Bhatkal School Zone Cam 1","13.956192","74.629568","48211000000054402","Active","2024-08-23","48211000000074139"
"48211000000130912","48211000000013007","2026-07-22 14:32:46:617","2026-07-22 14:32:46:617","Bhatkal Stadium Cam 2","13.964879","74.624815","48211000000054402","Active","2024-11-23","48211000000074139"
"48211000000130913","48211000000013007","2026-07-22 14:32:46:619","2026-07-22 14:32:46:619","Bhatkal Main Road Junction Cam 3","13.941737","74.6183","48211000000054402","Active","2020-04-11","48211000000074139"
"48211000000130914","48211000000013007","2026-07-22 14:32:46:620","2026-07-22 14:32:46:620","Kumta College Cam 1","15.063583","74.595787","48211000000054402","Active","2023-01-25","48211000000074140"
"48211000000130915","48211000000013007","2026-07-22 14:32:46:622","2026-07-22 14:32:46:622","Haliyal Hospital Cam 1","15.368546","74.818507","48211000000054402","Active","2019-04-28","48211000000074142"
"48211000000130916","48211000000013007","2026-07-22 14:32:46:623","2026-07-22 14:32:46:623","Haliyal Hospital Cam 2","15.382115","74.819284","48211000000054402","Active","2020-08-06","48211000000074142"
"48211000000130917","48211000000013007","2026-07-22 14:32:46:625","2026-07-22 14:32:46:625","Haliyal Court Complex Cam 3","15.385244","74.800829","48211000000054402","Active","2019-11-18","48211000000074142"
"48211000000130918","48211000000013007","2026-07-22 14:32:46:626","2026-07-22 14:32:46:626","Haliyal School Zone Cam 4","15.36121","74.807314","48211000000054402","Active","2024-06-06","48211000000074142"
"48211000000130919","48211000000013007","2026-07-22 14:32:46:628","2026-07-22 14:32:46:628","Honnavara Railway Junction Cam 1","14.815869","74.818722","48211000000054402","Active","2024-04-05","48211000000074143"
"48211000000130920","48211000000013007","2026-07-22 14:32:46:629","2026-07-22 14:32:46:629","Honnavara School Zone Cam 2","14.820887","74.817998","48211000000054402","Active","2019-02-12","48211000000074143"
"48211000000130921","48211000000013007","2026-07-22 14:32:46:631","2026-07-22 14:32:46:631","Mundagodu Government Office Cam 1","14.286535","74.790329","48211000000054402","Active","2020-01-07","48211000000074144"
"48211000000130922","48211000000013007","2026-07-22 14:32:46:632","2026-07-22 14:32:46:632","Mundagodu Temple Cam 2","14.270671","74.786031","48211000000054402","Active","2022-11-25","48211000000074144"
"48211000000130923","48211000000013007","2026-07-22 14:32:46:634","2026-07-22 14:32:46:634","Siddapura Railway Junction Cam 1","14.791325","74.390147","48211000000054402","Active","2020-02-10","48211000000074145"
"48211000000130924","48211000000013007","2026-07-22 14:32:46:635","2026-07-22 14:32:46:635","Siddapura Railway Junction Cam 2","14.784389","74.405531","48211000000054402","Active","2021-02-23","48211000000074145"
"48211000000130925","48211000000013007","2026-07-22 14:32:46:637","2026-07-22 14:32:46:637","Siddapura Mosque Cam 3","14.821931","74.414546","48211000000054402","Active","2020-02-09","48211000000074145"
"48211000000130926","48211000000013007","2026-07-22 14:32:46:638","2026-07-22 14:32:46:638","Siddapura Church Cam 4","14.792811","74.422842","48211000000054402","Active","2023-02-10","48211000000074145"
"48211000000130927","48211000000013007","2026-07-22 14:32:46:639","2026-07-22 14:32:46:639","Yellapura Hospital Cam 1","14.244823","74.481314","48211000000054402","Active","2023-04-04","48211000000074146"
"48211000000130928","48211000000013007","2026-07-22 14:32:46:641","2026-07-22 14:32:46:641","Vijayapura School Zone Cam 1","17.155608","76.312875","48211000000054403","Active","2022-07-11","48211000000074147"
"48211000000130929","48211000000013007","2026-07-22 14:32:46:642","2026-07-22 14:32:46:642","Vijayapura Hospital Cam 2","17.153448","76.313978","48211000000054403","Active","2023-01-19","48211000000074147"
"48211000000130930","48211000000013007","2026-07-22 14:32:46:643","2026-07-22 14:32:46:643","Vijayapura Market Cam 3","17.148153","76.301166","48211000000054403","Active","2024-07-15","48211000000074147"
"48211000000130931","48211000000013007","2026-07-22 14:32:46:645","2026-07-22 14:32:46:645","Vijayapura Police HQ Gate Cam 4","17.154002","76.311952","48211000000054403","Active","2023-12-24","48211000000074147"
"48211000000130932","48211000000013007","2026-07-22 14:32:46:647","2026-07-22 14:32:46:647","Vijayapura Church Cam 5","17.154183","76.309163","48211000000054403","Active","2019-10-13","48211000000074147"
"48211000000130933","48211000000013007","2026-07-22 14:32:46:648","2026-07-22 14:32:46:648","Vijayapura Government Office Cam 6","17.138438","76.317277","48211000000054403","Active","2019-02-22","48211000000074147"
"48211000000130934","48211000000013007","2026-07-22 14:32:46:650","2026-07-22 14:32:46:650","Vijayapura School Zone Cam 7","17.153017","76.295438","48211000000054403","Active","2024-11-10","48211000000074147"
"48211000000130935","48211000000013007","2026-07-22 14:32:46:651","2026-07-22 14:32:46:651","Vijayapura Hospital Cam 8","17.157604","76.321984","48211000000054403","Active","2025-08-15","48211000000074147"
"48211000000130936","48211000000013007","2026-07-22 14:32:46:653","2026-07-22 14:32:46:653","Vijayapura Stadium Cam 9","17.136338","76.311471","48211000000054403","Active","2019-09-23","48211000000074147"
"48211000000130937","48211000000013007","2026-07-22 14:32:46:654","2026-07-22 14:32:46:654","Vijayapura Court Complex Cam 10","17.157766","76.314305","48211000000054403","Active","2023-07-14","48211000000074147"
"48211000000130938","48211000000013007","2026-07-22 14:32:46:655","2026-07-22 14:32:46:655","Vijayapura Main Road Junction Cam 11","17.150474","76.313459","48211000000054403","Active","2025-07-11","48211000000074147"
"48211000000130939","48211000000013007","2026-07-22 14:32:46:657","2026-07-22 14:32:46:657","Vijayapura Mosque Cam 12","17.142548","76.312763","48211000000054403","Active","2023-06-28","48211000000074147"
"48211000000130940","48211000000013007","2026-07-22 14:32:46:658","2026-07-22 14:32:46:658","Vijayapura Residential Cam 13","17.147166","76.309343","48211000000054403","Active","2024-09-25","48211000000074147"
"48211000000130941","48211000000013007","2026-07-22 14:32:46:659","2026-07-22 14:32:46:659","Vijayapura School Zone Cam 14","17.147674","76.312898","48211000000054403","Active","2024-06-27","48211000000074147"
"48211000000130942","48211000000013007","2026-07-22 14:32:46:661","2026-07-22 14:32:46:661","Vijayapura Hospital Cam 15","17.146346","76.306524","48211000000054403","Inactive","2019-08-05","48211000000074147"
"48211000000130943","48211000000013007","2026-07-22 14:32:46:662","2026-07-22 14:32:46:662","Vijayapura Market Cam 16","17.152325","76.298274","48211000000054403","Active","2023-04-17","48211000000074147"
"48211000000130944","48211000000013007","2026-07-22 14:32:46:664","2026-07-22 14:32:46:664","Vijayapura Temple Cam 17","17.160848","76.307594","48211000000054403","Active","2020-01-30","48211000000074147"
"48211000000130945","48211000000013007","2026-07-22 14:32:46:665","2026-07-22 14:32:46:665","Vijayapura Railway Junction Cam 18","17.141715","76.305525","48211000000054403","Active","2024-03-23","48211000000074147"
"48211000000130946","48211000000013007","2026-07-22 14:32:46:667","2026-07-22 14:32:46:667","Indi Railway Junction Cam 1","16.432079","75.434969","48211000000054403","Active","2025-01-23","48211000000074148"
"48211000000130947","48211000000013007","2026-07-22 14:32:46:668","2026-07-22 14:32:46:668","Indi Market Cam 2","16.428803","75.458925","48211000000054403","Active","2020-05-02","48211000000074148"
"48211000000130948","48211000000013007","2026-07-22 14:32:46:670","2026-07-22 14:32:46:670","Indi Residential Cam 3","16.440356","75.4431","48211000000054403","Active","2019-05-28","48211000000074148"
"48211000000130949","48211000000013007","2026-07-22 14:32:46:671","2026-07-22 14:32:46:671","Indi Church Cam 4","16.432159","75.445932","48211000000054403","Active","2020-11-03","48211000000074148"
"48211000000130950","48211000000013007","2026-07-22 14:32:46:673","2026-07-22 14:32:46:673","Indi Main Road Junction Cam 5","16.440696","75.454315","48211000000054403","Active","2020-03-24","48211000000074148"
"48211000000130951","48211000000013007","2026-07-22 14:32:46:674","2026-07-22 14:32:46:674","Indi Railway Junction Cam 6","16.433177","75.433321","48211000000054403","Active","2025-06-01","48211000000074148"
"48211000000130952","48211000000013007","2026-07-22 14:32:46:675","2026-07-22 14:32:46:675","Indi Hospital Cam 7","16.428382","75.436456","48211000000054403","Active","2023-05-23","48211000000074148"
"48211000000130953","48211000000013007","2026-07-22 14:32:46:677","2026-07-22 14:32:46:677","Basavana Bagewadi Bus Stand Cam 1","16.231281","76.299713","48211000000054403","Active","2022-03-11","48211000000074149"
"48211000000130954","48211000000013007","2026-07-22 14:32:46:678","2026-07-22 14:32:46:678","Basavana Bagewadi Market Cam 2","16.24721","76.324014","48211000000054403","Active","2023-02-09","48211000000074149"
"48211000000130955","48211000000013007","2026-07-22 14:32:46:680","2026-07-22 14:32:46:680","Basavana Bagewadi Market Cam 3","16.238092","76.316205","48211000000054403","Active","2026-01-04","48211000000074149"
"48211000000130956","48211000000013007","2026-07-22 14:32:46:681","2026-07-22 14:32:46:681","Basavana Bagewadi Bus Stand Cam 4","16.250354","76.323167","48211000000054403","Active","2023-08-15","48211000000074149"
"48211000000130957","48211000000013007","2026-07-22 14:32:46:682","2026-07-22 14:32:46:682","Basavana Bagewadi Court Complex Cam 5","16.239227","76.312252","48211000000054403","Active","2022-07-02","48211000000074149"
"48211000000130958","48211000000013007","2026-07-22 14:32:46:684","2026-07-22 14:32:46:684","Basavana Bagewadi School Zone Cam 6","16.238817","76.328368","48211000000054403","Active","2020-04-13","48211000000074149"
"48211000000130959","48211000000013007","2026-07-22 14:32:46:685","2026-07-22 14:32:46:685","Sindgi Government Office Cam 1","17.453692","75.644487","48211000000054403","Active","2025-05-15","48211000000074150"
"48211000000130960","48211000000013007","2026-07-22 14:32:46:687","2026-07-22 14:32:46:687","Sindgi Market Cam 2","17.45638","75.621432","48211000000054403","Active","2025-08-05","48211000000074150"
"48211000000130961","48211000000013007","2026-07-22 14:32:46:688","2026-07-22 14:32:46:688","Talikote Mosque Cam 1","16.686125","76.282281","48211000000054403","Active","2021-04-23","48211000000074152"
"48211000000130962","48211000000013007","2026-07-22 14:32:46:689","2026-07-22 14:32:46:689","Talikote Mosque Cam 2","16.689863","76.282623","48211000000054403","Active","2020-11-13","48211000000074152"
"48211000000130963","48211000000013007","2026-07-22 14:32:46:691","2026-07-22 14:32:46:691","Talikote Residential Cam 3","16.700477","76.281075","48211000000054403","Active","2026-02-15","48211000000074152"
"48211000000130964","48211000000013007","2026-07-22 14:32:46:693","2026-07-22 14:32:46:693","Talikote Church Cam 4","16.671428","76.29513","48211000000054403","Active","2021-05-26","48211000000074152"
"48211000000130965","48211000000013007","2026-07-22 14:32:46:694","2026-07-22 14:32:46:694","Talikote Police HQ Gate Cam 5","16.691899","76.296979","48211000000054403","Active","2021-07-14","48211000000074152"
"48211000000130966","48211000000013007","2026-07-22 14:32:46:696","2026-07-22 14:32:46:696","Talikote Main Road Junction Cam 6","16.68632","76.304697","48211000000054403","Active","2020-01-24","48211000000074152"
"48211000000130967","48211000000013007","2026-07-22 14:32:46:697","2026-07-22 14:32:46:697","Devara Hipparagi College Cam 1","16.406718","75.907207","48211000000054403","Active","2022-11-23","48211000000074153"
"48211000000130968","48211000000013007","2026-07-22 14:32:46:699","2026-07-22 14:32:46:699","Devara Hipparagi Temple Cam 2","16.393556","75.895874","48211000000054403","Active","2022-05-13","48211000000074153"
"48211000000130969","48211000000013007","2026-07-22 14:32:46:700","2026-07-22 14:32:46:700","Devara Hipparagi Court Complex Cam 3","16.405733","75.896862","48211000000054403","Active","2021-10-26","48211000000074153"
"48211000000130970","48211000000013007","2026-07-22 14:32:46:701","2026-07-22 14:32:46:701","Devara Hipparagi Mosque Cam 4","16.412232","75.892663","48211000000054403","Active","2019-03-18","48211000000074153"
"48211000000130971","48211000000013007","2026-07-22 14:32:46:703","2026-07-22 14:32:46:703","Chadchana Court Complex Cam 1","16.860896","75.36914","48211000000054403","Active","2024-03-29","48211000000074154"
"48211000000130972","48211000000013007","2026-07-22 14:32:46:704","2026-07-22 14:32:46:704","Chadchana Mosque Cam 2","16.865318","75.38304","48211000000054403","Active","2023-11-12","48211000000074154"
"48211000000130973","48211000000013007","2026-07-22 14:32:46:705","2026-07-22 14:32:46:705","Chadchana Market Cam 3","16.849094","75.383902","48211000000054403","Active","2023-02-01","48211000000074154"
"48211000000130974","48211000000013007","2026-07-22 14:32:46:707","2026-07-22 14:32:46:707","Chadchana Main Road Junction Cam 4","16.880314","75.387781","48211000000054403","Active","2022-05-14","48211000000074154"
"48211000000130975","48211000000013007","2026-07-22 14:32:46:708","2026-07-22 14:32:46:708","Chadchana Church Cam 5","16.880078","75.370331","48211000000054403","Active","2019-09-21","48211000000074154"
"48211000000130976","48211000000013007","2026-07-22 14:32:46:709","2026-07-22 14:32:46:709","Chadchana Temple Cam 6","16.858157","75.395584","48211000000054403","Active","2026-03-31","48211000000074154"
"48211000000130977","48211000000013007","2026-07-22 14:32:46:711","2026-07-22 14:32:46:711","Tikote School Zone Cam 1","17.296728","75.935243","48211000000054403","Active","2019-04-24","48211000000074155"
"48211000000130978","48211000000013007","2026-07-22 14:32:46:712","2026-07-22 14:32:46:712","Tikote College Cam 2","17.284285","75.949718","48211000000054403","Active","2023-11-22","48211000000074155"
"48211000000130979","48211000000013007","2026-07-22 14:32:46:713","2026-07-22 14:32:46:713","Tikote Court Complex Cam 3","17.283867","75.955272","48211000000054403","Active","2020-07-12","48211000000074155"
"48211000000130980","48211000000013007","2026-07-22 14:32:46:715","2026-07-22 14:32:46:715","Tikote Temple Cam 4","17.288541","75.947185","48211000000054403","Active","2020-12-21","48211000000074155"
"48211000000130981","48211000000013007","2026-07-22 14:32:46:716","2026-07-22 14:32:46:716","Tikote Main Road Junction Cam 5","17.292983","75.961682","48211000000054403","Active","2019-03-23","48211000000074155"
"48211000000130982","48211000000013007","2026-07-22 14:32:46:717","2026-07-22 14:32:46:717","Tikote Bus Stand Cam 6","17.288423","75.948054","48211000000054403","Active","2019-09-18","48211000000074155"
"48211000000130983","48211000000013007","2026-07-22 14:32:46:719","2026-07-22 14:32:46:719","Tikote Bus Stand Cam 7","17.300366","75.929297","48211000000054403","Active","2020-01-05","48211000000074155"
"48211000000130984","48211000000013007","2026-07-22 14:32:46:720","2026-07-22 14:32:46:720","Babaleshwara Police HQ Gate Cam 1","16.660663","75.634939","48211000000054403","Active","2020-05-09","48211000000074156"
"48211000000130985","48211000000013007","2026-07-22 14:32:46:722","2026-07-22 14:32:46:722","Babaleshwara Mosque Cam 2","16.631418","75.639046","48211000000054403","Active","2021-10-28","48211000000074156"
"48211000000130986","48211000000013007","2026-07-22 14:32:46:723","2026-07-22 14:32:46:723","Babaleshwara Police HQ Gate Cam 3","16.647761","75.643047","48211000000054403","Active","2022-07-07","48211000000074156"
"48211000000130987","48211000000013007","2026-07-22 14:32:46:724","2026-07-22 14:32:46:724","Babaleshwara Residential Cam 4","16.638007","75.626524","48211000000054403","Active","2021-08-24","48211000000074156"
"48211000000130988","48211000000013007","2026-07-22 14:32:46:726","2026-07-22 14:32:46:726","Babaleshwara School Zone Cam 5","16.662401","75.637594","48211000000054403","Active","2022-01-29","48211000000074156"
"48211000000130989","48211000000013007","2026-07-22 14:32:46:727","2026-07-22 14:32:46:727","Babaleshwara Police HQ Gate Cam 6","16.65165","75.632924","48211000000054403","Inactive","2024-12-25","48211000000074156"
"48211000000130990","48211000000013007","2026-07-22 14:32:46:729","2026-07-22 14:32:46:729","Babaleshwara Bus Stand Cam 7","16.639083","75.641558","48211000000054403","Active","2024-04-29","48211000000074156"
"48211000000130991","48211000000013007","2026-07-22 14:32:46:730","2026-07-22 14:32:46:730","Kolhara Bus Stand Cam 1","17.133375","75.72167","48211000000054403","Active","2023-02-15","48211000000074157"
"48211000000130992","48211000000013007","2026-07-22 14:32:46:731","2026-07-22 14:32:46:731","Kolhara Stadium Cam 2","17.143458","75.721736","48211000000054403","Active","2019-08-12","48211000000074157"
"48211000000130993","48211000000013007","2026-07-22 14:32:46:733","2026-07-22 14:32:46:733","Kolhara Court Complex Cam 3","17.12592","75.706476","48211000000054403","Active","2023-04-25","48211000000074157"
"48211000000130994","48211000000013007","2026-07-22 14:32:46:734","2026-07-22 14:32:46:734","Kolhara Bus Stand Cam 4","17.139219","75.709589","48211000000054403","Active","2020-05-14","48211000000074157"
"48211000000130995","48211000000013007","2026-07-22 14:32:46:736","2026-07-22 14:32:46:736","Nidagundi Stadium Cam 1","16.990055","76.072126","48211000000054403","Active","2021-11-12","48211000000074158"
"48211000000130996","48211000000013007","2026-07-22 14:32:46:737","2026-07-22 14:32:46:737","Nidagundi Mosque Cam 2","16.97496","76.094089","48211000000054403","Active","2021-05-11","48211000000074158"
"48211000000130997","48211000000013007","2026-07-22 14:32:46:738","2026-07-22 14:32:46:738","Nidagundi College Cam 3","16.993958","76.098383","48211000000054403","Active","2026-03-24","48211000000074158"
"48211000000130998","48211000000013007","2026-07-22 14:32:46:740","2026-07-22 14:32:46:740","Alamela Mosque Cam 1","16.455548","76.172177","48211000000054403","Active","2024-04-13","48211000000074159"
"48211000000130999","48211000000013007","2026-07-22 14:32:46:741","2026-07-22 14:32:46:741","Alamela Bus Stand Cam 2","16.445176","76.182033","48211000000054403","Active","2020-02-16","48211000000074159"
"48211000000131000","48211000000013007","2026-07-22 14:32:46:742","2026-07-22 14:32:46:742","Yadagiri Police HQ Gate Cam 1","16.762171","77.13948","48211000000054404","Active","2025-02-21","48211000000074160"
"48211000000131001","48211000000013007","2026-07-22 14:32:46:744","2026-07-22 14:32:46:744","Yadagiri Market Cam 2","16.757834","77.129981","48211000000054404","Active","2026-03-12","48211000000074160"
"48211000000131002","48211000000013007","2026-07-22 14:32:46:745","2026-07-22 14:32:46:745","Shahapura Residential Cam 1","16.219839","76.361274","48211000000054404","Active","2022-06-05","48211000000074161"
"48211000000131003","48211000000013007","2026-07-22 14:32:46:747","2026-07-22 14:32:46:747","Shahapura Hospital Cam 2","16.209885","76.355498","48211000000054404","Active","2026-04-13","48211000000074161"
"48211000000131004","48211000000013007","2026-07-22 14:32:46:748","2026-07-22 14:32:46:748","Shahapura Government Office Cam 3","16.192299","76.359343","48211000000054404","Active","2022-08-01","48211000000074161"
"48211000000131005","48211000000013007","2026-07-22 14:32:46:750","2026-07-22 14:32:46:750","Surapura Church Cam 1","16.733499","76.547505","48211000000054404","Active","2022-02-28","48211000000074162"
"48211000000131006","48211000000013007","2026-07-22 14:32:46:751","2026-07-22 14:32:46:751","Vadagera Church Cam 1","16.419991","77.266037","48211000000054404","Active","2021-07-08","48211000000074164"
"48211000000131007","48211000000013007","2026-07-22 14:32:46:752","2026-07-22 14:32:46:752","Hagaribommanahalli College Cam 1","15.203748","76.140838","48211000000054405","Active","2020-11-22","48211000000074167"
"48211000000131008","48211000000013007","2026-07-22 14:32:46:754","2026-07-22 14:32:46:754","Hagaribommanahalli Police HQ Gate Cam 2","15.210787","76.12779","48211000000054405","Active","2019-12-31","48211000000074167"
"48211000000131009","48211000000013007","2026-07-22 14:32:46:755","2026-07-22 14:32:46:755","Hagaribommanahalli Police HQ Gate Cam 3","15.230461","76.139405","48211000000054405","Active","2024-11-23","48211000000074167"
"48211000000131010","48211000000013007","2026-07-22 14:32:46:757","2026-07-22 14:32:46:757","Hagaribommanahalli College Cam 4","15.206822","76.137547","48211000000054405","Active","2024-07-17","48211000000074167"
"48211000000131011","48211000000013007","2026-07-22 14:32:46:758","2026-07-22 14:32:46:758","Hoovina Hadagali Temple Cam 1","15.515098","76.369556","48211000000054405","Active","2024-07-17","48211000000074169"
"48211000000131012","48211000000013007","2026-07-22 14:32:46:759","2026-07-22 14:32:46:759","Kudligi Church Cam 1","15.205853","76.453386","48211000000054405","Active","2021-02-14","48211000000074170"
"48211000000131013","48211000000013007","2026-07-22 14:32:46:761","2026-07-22 14:32:46:761","Kudligi Hospital Cam 2","15.22232","76.461355","48211000000054405","Inactive","2021-12-08","48211000000074170"
"48211000000131014","48211000000013007","2026-07-22 14:32:46:762","2026-07-22 14:32:46:762","Kudligi Court Complex Cam 3","15.218805","76.464312","48211000000054405","Active","2026-04-05","48211000000074170"
"48211000000131015","48211000000013007","2026-07-22 14:32:46:764","2026-07-22 14:32:46:764","Kotturu Main Road Junction Cam 1","15.047365","76.739027","48211000000054405","Active","2021-05-19","48211000000074171"
"48211000000131016","48211000000013007","2026-07-22 14:32:46:765","2026-07-22 14:32:46:765","Kotturu Main Road Junction Cam 2","15.029155","76.736113","48211000000054405","Active","2019-10-27","48211000000074171"
"48211000000131017","48211000000013007","2026-07-22 14:32:46:766","2026-07-22 14:32:46:766","Kotturu Bus Stand Cam 3","15.045451","76.742479","48211000000054405","Active","2024-04-12","48211000000074171"
"48211000000131018","48211000000013007","2026-07-22 14:32:46:768","2026-07-22 14:32:46:768","Kotturu Government Office Cam 4","15.044258","76.761584","48211000000054405","Active","2025-09-16","48211000000074171"
